WIDTH=24;
DEPTH=6625;
ADDRESS_RADIX=UNS;
DATA_RADIX=HEX;
CONTENT BEGIN
	0 : 0001A6;
	1 : 00020A;
	2 : 000258;
	3 : 0002DE;
	4 : 00037B;
	5 : 000410;
	6 : 0004BF;
	7 : 000583;
	8 : 000654;
	9 : 00073F;
	10 : 000822;
	11 : 000908;
	12 : 000A06;
	13 : 000B22;
	14 : 000C22;
	15 : 000D2E;
	16 : 000E3B;
	17 : 000F44;
	18 : 001042;
	19 : 00113C;
	20 : 001232;
	21 : 001323;
	22 : 00140E;
	23 : 0014E8;
	24 : 0015D9;
	25 : 0016C4;
	26 : 0017BD;
	27 : 0018C6;
	28 : 0019F3;
	29 : 001B38;
	30 : 001C99;
	31 : 001E17;
	32 : 001FB1;
	33 : 002163;
	34 : 00232F;
	35 : 00251E;
	36 : 002721;
	37 : 00294A;
	38 : 002B91;
	39 : 002DF2;
	40 : 00306D;
	41 : 003306;
	42 : 0035BB;
	43 : 003887;
	44 : 003B6D;
	45 : 003E73;
	46 : 00418E;
	47 : 0044BC;
	48 : 0047FF;
	49 : 004B5E;
	50 : 004EC7;
	51 : 005249;
	52 : 0055D2;
	53 : 00596A;
	54 : 005D0C;
	55 : 0060B5;
	56 : 006462;
	57 : 006814;
	58 : 006BC8;
	59 : 006F78;
	60 : 007322;
	61 : 0076C6;
	62 : 007A5F;
	63 : 007D62;
	64 : 007F40;
	65 : 007FE4;
	66 : 007FFF;
	67 : 007FFF;
	68 : 007FFF;
	69 : 007FFF;
	70 : 007FFF;
	71 : 007FFF;
	72 : 007FFF;
	73 : 007FF3;
	74 : 007F57;
	75 : 007E43;
	76 : 007D34;
	77 : 007B9F;
	78 : 007A27;
	79 : 0078FE;
	80 : 007825;
	81 : 00779A;
	82 : 007755;
	83 : 007751;
	84 : 007788;
	85 : 0077EF;
	86 : 00787C;
	87 : 007927;
	88 : 0079E9;
	89 : 007AB6;
	90 : 007B89;
	91 : 007C57;
	92 : 007D06;
	93 : 007D7B;
	94 : 007DC7;
	95 : 007E08;
	96 : 007E3B;
	97 : 007E5C;
	98 : 007E69;
	99 : 007E62;
	100 : 007E46;
	101 : 007E17;
	102 : 007DD1;
	103 : 007D74;
	104 : 007CC3;
	105 : 007BBA;
	106 : 007A77;
	107 : 007909;
	108 : 00776B;
	109 : 0075A5;
	110 : 0073B9;
	111 : 00719E;
	112 : 006F63;
	113 : 006CF9;
	114 : 006960;
	115 : 00643D;
	116 : 005DA9;
	117 : 0055FA;
	118 : 004D76;
	119 : 004456;
	120 : 003AD5;
	121 : 003115;
	122 : 002746;
	123 : 001D78;
	124 : 0013C6;
	125 : 000A36;
	126 : 0000DC;
	127 : FFF7B3;
	128 : FFEEB9;
	129 : FFE5F2;
	130 : FFDD5F;
	131 : FFD4F4;
	132 : FFCCB1;
	133 : FFC496;
	134 : FFBC97;
	135 : FFB4B8;
	136 : FFACEB;
	137 : FFA537;
	138 : FF9D8F;
	139 : FF95F4;
	140 : FF8E64;
	141 : FF86DB;
	142 : FF81AD;
	143 : FF8001;
	144 : FF8001;
	145 : FF8001;
	146 : FF8001;
	147 : FF8001;
	148 : FF8001;
	149 : FF8001;
	150 : FF8001;
	151 : FF8001;
	152 : FF8001;
	153 : FF8001;
	154 : FF8001;
	155 : FF8001;
	156 : FF8001;
	157 : FF8001;
	158 : FF8001;
	159 : FF8001;
	160 : FF8001;
	161 : FF8001;
	162 : FF8001;
	163 : FF8001;
	164 : FF8001;
	165 : FF8001;
	166 : FF8001;
	167 : FF8001;
	168 : FF8001;
	169 : FF8001;
	170 : FF8001;
	171 : FF8001;
	172 : FF8001;
	173 : FF8001;
	174 : FF8001;
	175 : FF8001;
	176 : FF8001;
	177 : FF8001;
	178 : FF8001;
	179 : FF8001;
	180 : FF8001;
	181 : FF8001;
	182 : FF8001;
	183 : FF8001;
	184 : FF8001;
	185 : FF8001;
	186 : FF8001;
	187 : FF8001;
	188 : FF8001;
	189 : FF8001;
	190 : FF8001;
	191 : FF8001;
	192 : FF8001;
	193 : FF8001;
	194 : FF8001;
	195 : FF8001;
	196 : FF8001;
	197 : FF8001;
	198 : FF8001;
	199 : FF8001;
	200 : FF8001;
	201 : FF8001;
	202 : FF8001;
	203 : FF8001;
	204 : FF8001;
	205 : FF8001;
	206 : FF8001;
	207 : FF8001;
	208 : FF8001;
	209 : FF8001;
	210 : FF8001;
	211 : FF8001;
	212 : FF8001;
	213 : FF8001;
	214 : FF8001;
	215 : FF8001;
	216 : FF8001;
	217 : FF8001;
	218 : FF8001;
	219 : FF8001;
	220 : FF8001;
	221 : FF8001;
	222 : FF8001;
	223 : FF8001;
	224 : FF8001;
	225 : FF8001;
	226 : FF8001;
	227 : FF8001;
	228 : FF8001;
	229 : FF8001;
	230 : FF8001;
	231 : FF8001;
	232 : FF8001;
	233 : FF8001;
	234 : FF8001;
	235 : FF80C6;
	236 : FF87C6;
	237 : FF9118;
	238 : FF9AEB;
	239 : FFA4E3;
	240 : FFAEFA;
	241 : FFB931;
	242 : FFC389;
	243 : FFCDF7;
	244 : FFD879;
	245 : FFE30C;
	246 : FFEDAB;
	247 : FFF854;
	248 : 000307;
	249 : 000DBC;
	250 : 001875;
	251 : 002332;
	252 : 002DEC;
	253 : 0038A5;
	254 : 00435E;
	255 : 004E10;
	256 : 0058BA;
	257 : 00635F;
	258 : 006DFE;
	259 : 007893;
	260 : 007F21;
	261 : 007FFF;
	262 : 007FFF;
	263 : 007FFF;
	264 : 007FFF;
	265 : 007FFF;
	266 : 007FFF;
	267 : 007FFF;
	268 : 007FFF;
	269 : 007FFF;
	270 : 007FFF;
	271 : 007FFF;
	272 : 007FFF;
	273 : 007FFF;
	274 : 007FFF;
	275 : 007FFF;
	276 : 007FFF;
	277 : 007FFF;
	278 : 007FFF;
	279 : 007FFF;
	280 : 007FFF;
	281 : 007FFF;
	282 : 007FFF;
	283 : 007FFF;
	284 : 007FFF;
	285 : 007FFF;
	286 : 007FFF;
	287 : 007FFF;
	288 : 007FFF;
	289 : 007FFF;
	290 : 007FFF;
	291 : 007FFF;
	292 : 007FFF;
	293 : 007FFF;
	294 : 007FFF;
	295 : 007FFF;
	296 : 007FFF;
	297 : 007FFF;
	298 : 007FFF;
	299 : 007FFF;
	300 : 007FFF;
	301 : 007FFF;
	302 : 007FFF;
	303 : 007FFF;
	304 : 007FFF;
	305 : 007FFF;
	306 : 007FFF;
	307 : 007FFF;
	308 : 007FFF;
	309 : 007FFF;
	310 : 007FFF;
	311 : 007FFF;
	312 : 007FFF;
	313 : 007FFF;
	314 : 007FFF;
	315 : 007FFF;
	316 : 007FFF;
	317 : 007FFF;
	318 : 007FFF;
	319 : 007FFF;
	320 : 007FFF;
	321 : 007FFF;
	322 : 007FFF;
	323 : 007FFF;
	324 : 007FFF;
	325 : 007FFF;
	326 : 007FFF;
	327 : 007FFF;
	328 : 007FFF;
	329 : 007FFF;
	330 : 007FFF;
	331 : 007FFF;
	332 : 007FFF;
	333 : 007FFF;
	334 : 007FFF;
	335 : 007FFF;
	336 : 007FFF;
	337 : 007FFF;
	338 : 007FFF;
	339 : 007FFF;
	340 : 007FFF;
	341 : 007FFF;
	342 : 007FFF;
	343 : 007FFF;
	344 : 007FFF;
	345 : 007FFF;
	346 : 007FFF;
	347 : 007FFF;
	348 : 007FFF;
	349 : 007FFF;
	350 : 007FFF;
	351 : 007FFF;
	352 : 007FFF;
	353 : 007FFF;
	354 : 007FFF;
	355 : 007FFF;
	356 : 007FFF;
	357 : 007FFF;
	358 : 007FFF;
	359 : 007FFF;
	360 : 007FFF;
	361 : 007FFF;
	362 : 007FFF;
	363 : 007FFF;
	364 : 007FFF;
	365 : 007FFF;
	366 : 007FFF;
	367 : 007FFF;
	368 : 007FFF;
	369 : 007FFF;
	370 : 007FFF;
	371 : 007FFF;
	372 : 007FFF;
	373 : 007FFF;
	374 : 007FFF;
	375 : 007FFF;
	376 : 007FFF;
	377 : 007FFF;
	378 : 007FFF;
	379 : 007FFF;
	380 : 007FFF;
	381 : 007FFF;
	382 : 007FFF;
	383 : 007FFF;
	384 : 007FFF;
	385 : 007FFF;
	386 : 007FFF;
	387 : 007FFF;
	388 : 007FFF;
	389 : 007FFF;
	390 : 007FFF;
	391 : 007FFF;
	392 : 007FFF;
	393 : 007FFF;
	394 : 007FFF;
	395 : 007FFF;
	396 : 007FFF;
	397 : 007FFF;
	398 : 007FFF;
	399 : 007FFF;
	400 : 007FFF;
	401 : 007FFF;
	402 : 007FFF;
	403 : 007FFF;
	404 : 007FFF;
	405 : 007FFF;
	406 : 007FFF;
	407 : 007FFF;
	408 : 007FFF;
	409 : 007FFF;
	410 : 007FFF;
	411 : 007FFF;
	412 : 007FFF;
	413 : 007FFF;
	414 : 007FFF;
	415 : 007FFF;
	416 : 007FFF;
	417 : 007FFF;
	418 : 007FD6;
	419 : 007C01;
	420 : 0071F7;
	421 : 006794;
	422 : 005D26;
	423 : 0052B0;
	424 : 00482C;
	425 : 003D9C;
	426 : 003309;
	427 : 00286E;
	428 : 001DC9;
	429 : 00131E;
	430 : 000876;
	431 : FFFDB9;
	432 : FFF306;
	433 : FFE845;
	434 : FFDD80;
	435 : FFD2C4;
	436 : FFC803;
	437 : FFBD3E;
	438 : FFB27C;
	439 : FFA7BC;
	440 : FF9CFD;
	441 : FF9242;
	442 : FF87D3;
	443 : FF8001;
	444 : FF8001;
	445 : FF8001;
	446 : FF8001;
	447 : FF8001;
	448 : FF8001;
	449 : FF8001;
	450 : FF8001;
	451 : FF8001;
	452 : FF8001;
	453 : FF8001;
	454 : FF8001;
	455 : FF8001;
	456 : FF8001;
	457 : FF8001;
	458 : FF8001;
	459 : FF8001;
	460 : FF8001;
	461 : FF8001;
	462 : FF8001;
	463 : FF8001;
	464 : FF8001;
	465 : FF8001;
	466 : FF8001;
	467 : FF8001;
	468 : FF8001;
	469 : FF8001;
	470 : FF8001;
	471 : FF8001;
	472 : FF8001;
	473 : FF8001;
	474 : FF8001;
	475 : FF8001;
	476 : FF8001;
	477 : FF8001;
	478 : FF8001;
	479 : FF8001;
	480 : FF8001;
	481 : FF8001;
	482 : FF8001;
	483 : FF8001;
	484 : FF8001;
	485 : FF8001;
	486 : FF8001;
	487 : FF8001;
	488 : FF8001;
	489 : FF8001;
	490 : FF8001;
	491 : FF8001;
	492 : FF8001;
	493 : FF8001;
	494 : FF8001;
	495 : FF8001;
	496 : FF8001;
	497 : FF8001;
	498 : FF8001;
	499 : FF8001;
	500 : FF8001;
	501 : FF8001;
	502 : FF8001;
	503 : FF8001;
	504 : FF8001;
	505 : FF8001;
	506 : FF8001;
	507 : FF8001;
	508 : FF8001;
	509 : FF8001;
	510 : FF8001;
	511 : FF8001;
	512 : FF8001;
	513 : FF8001;
	514 : FF8001;
	515 : FF8001;
	516 : FF8001;
	517 : FF8001;
	518 : FF8001;
	519 : FF8001;
	520 : FF8001;
	521 : FF8001;
	522 : FF8001;
	523 : FF8001;
	524 : FF8001;
	525 : FF8001;
	526 : FF8001;
	527 : FF8001;
	528 : FF8001;
	529 : FF8001;
	530 : FF8001;
	531 : FF8001;
	532 : FF8001;
	533 : FF8001;
	534 : FF8001;
	535 : FF8001;
	536 : FF8001;
	537 : FF8001;
	538 : FF8001;
	539 : FF8001;
	540 : FF8001;
	541 : FF8001;
	542 : FF8001;
	543 : FF8001;
	544 : FF8001;
	545 : FF8001;
	546 : FF8001;
	547 : FF8001;
	548 : FF8001;
	549 : FF8001;
	550 : FF8001;
	551 : FF8001;
	552 : FF8001;
	553 : FF8001;
	554 : FF8001;
	555 : FF8001;
	556 : FF8001;
	557 : FF8001;
	558 : FF8001;
	559 : FF8001;
	560 : FF8001;
	561 : FF8001;
	562 : FF8001;
	563 : FF8001;
	564 : FF8001;
	565 : FF8001;
	566 : FF8001;
	567 : FF8001;
	568 : FF8001;
	569 : FF8001;
	570 : FF8001;
	571 : FF8001;
	572 : FF8001;
	573 : FF8001;
	574 : FF8001;
	575 : FF8001;
	576 : FF8001;
	577 : FF8001;
	578 : FF8001;
	579 : FF8001;
	580 : FF8001;
	581 : FF8001;
	582 : FF8001;
	583 : FF8001;
	584 : FF8001;
	585 : FF8001;
	586 : FF8001;
	587 : FF8001;
	588 : FF8001;
	589 : FF8001;
	590 : FF8001;
	591 : FF8001;
	592 : FF8001;
	593 : FF8001;
	594 : FF8001;
	595 : FF8001;
	596 : FF8001;
	597 : FF8001;
	598 : FF8001;
	599 : FF8001;
	600 : FF8001;
	601 : FF8001;
	602 : FF8001;
	603 : FF8001;
	604 : FF8001;
	605 : FF8001;
	606 : FF8001;
	607 : FF8001;
	608 : FF8001;
	609 : FF8001;
	610 : FF8001;
	611 : FF8001;
	612 : FF8001;
	613 : FF8001;
	614 : FF8001;
	615 : FF8001;
	616 : FF8001;
	617 : FF8001;
	618 : FF8001;
	619 : FF8001;
	620 : FF8001;
	621 : FF8001;
	622 : FF8001;
	623 : FF8001;
	624 : FF8001;
	625 : FF8001;
	626 : FF8001;
	627 : FF8001;
	628 : FF8001;
	629 : FF8001;
	630 : FF8001;
	631 : FF8001;
	632 : FF8001;
	633 : FF8001;
	634 : FF8001;
	635 : FF8001;
	636 : FF8001;
	637 : FF8001;
	638 : FF8001;
	639 : FF8001;
	640 : FF8001;
	641 : FF8001;
	642 : FF8001;
	643 : FF8001;
	644 : FF8001;
	645 : FF8001;
	646 : FF814E;
	647 : FF873E;
	648 : FF9159;
	649 : FF9BA5;
	650 : FFA5FF;
	651 : FFB066;
	652 : FFBADA;
	653 : FFC54F;
	654 : FFCFD3;
	655 : FFDA62;
	656 : FFE4F7;
	657 : FFEF91;
	658 : FFFA36;
	659 : 0004DF;
	660 : 000F8C;
	661 : 001A43;
	662 : 002501;
	663 : 002FBE;
	664 : 003A83;
	665 : 00454C;
	666 : 00500F;
	667 : 005ADA;
	668 : 0065AC;
	669 : 007077;
	670 : 007A55;
	671 : 007F5A;
	672 : 007FFF;
	673 : 007FFF;
	674 : 007FFF;
	675 : 007FFF;
	676 : 007FFF;
	677 : 007FFF;
	678 : 007FFF;
	679 : 007FFF;
	680 : 007FFF;
	681 : 007FFF;
	682 : 007FFF;
	683 : 007FFF;
	684 : 007FFF;
	685 : 007FFF;
	686 : 007FFF;
	687 : 007FFF;
	688 : 007FFF;
	689 : 007FFF;
	690 : 007FFF;
	691 : 007FFF;
	692 : 007FFF;
	693 : 007FFF;
	694 : 007FFF;
	695 : 007FFF;
	696 : 007FFF;
	697 : 007FFF;
	698 : 007FFF;
	699 : 007FFF;
	700 : 007FFF;
	701 : 007FFF;
	702 : 007FFF;
	703 : 007FFF;
	704 : 007FFF;
	705 : 007FFF;
	706 : 007FFF;
	707 : 007FFF;
	708 : 007FFF;
	709 : 007FFF;
	710 : 007FFF;
	711 : 007FFF;
	712 : 007FFF;
	713 : 007FFF;
	714 : 007FFF;
	715 : 007FFF;
	716 : 007FFF;
	717 : 007FFF;
	718 : 007FFF;
	719 : 007FFF;
	720 : 007FFF;
	721 : 007FFF;
	722 : 007FFF;
	723 : 007FFF;
	724 : 007FFF;
	725 : 007FFF;
	726 : 007FFF;
	727 : 007FFF;
	728 : 007FFF;
	729 : 007FFF;
	730 : 007FFF;
	731 : 007FFF;
	732 : 007FFF;
	733 : 007FFF;
	734 : 007FFF;
	735 : 007FFF;
	736 : 007FFF;
	737 : 007FFF;
	738 : 007FFF;
	739 : 007FFF;
	740 : 007FFF;
	741 : 007FFF;
	742 : 007FFF;
	743 : 007FFF;
	744 : 007FFF;
	745 : 007FFF;
	746 : 007FFF;
	747 : 007FFF;
	748 : 007FFF;
	749 : 007FFF;
	750 : 007FFF;
	751 : 007FFF;
	752 : 007FFF;
	753 : 007FFF;
	754 : 007FFF;
	755 : 007FFF;
	756 : 007FFF;
	757 : 007FFF;
	758 : 007FFF;
	759 : 007FFF;
	760 : 007FFF;
	761 : 007FFF;
	762 : 007FFF;
	763 : 007FFF;
	764 : 007FFF;
	765 : 007FFF;
	766 : 007FFF;
	767 : 007FFF;
	768 : 007FFF;
	769 : 007FFF;
	770 : 007FFF;
	771 : 007FFF;
	772 : 007FFF;
	773 : 007FFF;
	774 : 007FFF;
	775 : 007FFF;
	776 : 007FFF;
	777 : 007FFF;
	778 : 007FFF;
	779 : 007FFF;
	780 : 007FFF;
	781 : 007FFF;
	782 : 007FFF;
	783 : 007FFF;
	784 : 007FFF;
	785 : 007FFF;
	786 : 007FFF;
	787 : 007FFF;
	788 : 007FFF;
	789 : 007FFF;
	790 : 007FFF;
	791 : 007FFF;
	792 : 007FFF;
	793 : 007FFF;
	794 : 007FFF;
	795 : 007FFF;
	796 : 007FFF;
	797 : 007FFF;
	798 : 007FFF;
	799 : 007FFF;
	800 : 007FFF;
	801 : 007FFF;
	802 : 007FFF;
	803 : 007FFF;
	804 : 007FFF;
	805 : 007FFF;
	806 : 007FFF;
	807 : 007FFF;
	808 : 007FFF;
	809 : 007FFF;
	810 : 007FFF;
	811 : 007FFF;
	812 : 007FFF;
	813 : 007FFF;
	814 : 007FFF;
	815 : 007FFF;
	816 : 007FFF;
	817 : 007FFF;
	818 : 007FFF;
	819 : 007FFF;
	820 : 007FFF;
	821 : 007FFF;
	822 : 007FFF;
	823 : 007FFF;
	824 : 007FFF;
	825 : 007FFF;
	826 : 007FFF;
	827 : 007FFF;
	828 : 007FFF;
	829 : 007FFF;
	830 : 007FFF;
	831 : 007FFF;
	832 : 007FFF;
	833 : 007FFF;
	834 : 007FFF;
	835 : 007FFF;
	836 : 007FFF;
	837 : 007FFF;
	838 : 007FFF;
	839 : 007FFF;
	840 : 007FFF;
	841 : 007FFF;
	842 : 007FFF;
	843 : 007FFF;
	844 : 007FFF;
	845 : 007FFF;
	846 : 007FFF;
	847 : 007FFF;
	848 : 007FFF;
	849 : 007FFF;
	850 : 007FFF;
	851 : 007FFF;
	852 : 007FFF;
	853 : 007FFF;
	854 : 007FFF;
	855 : 007FFF;
	856 : 007FFF;
	857 : 007FFF;
	858 : 007FFF;
	859 : 007FFF;
	860 : 007FFF;
	861 : 007FFF;
	862 : 007FFF;
	863 : 007FFF;
	864 : 007FFF;
	865 : 007FFF;
	866 : 007FFF;
	867 : 007FFF;
	868 : 007FFF;
	869 : 007FFF;
	870 : 007FFF;
	871 : 007FFF;
	872 : 007FFF;
	873 : 007FFF;
	874 : 007FFF;
	875 : 007FFF;
	876 : 007FFF;
	877 : 007FFF;
	878 : 007FFF;
	879 : 007FFF;
	880 : 007FFF;
	881 : 007FFF;
	882 : 007FFF;
	883 : 007FFF;
	884 : 007FFF;
	885 : 007FFF;
	886 : 007FFF;
	887 : 007FFF;
	888 : 007FFF;
	889 : 007FFF;
	890 : 007FFF;
	891 : 007FFF;
	892 : 007FFF;
	893 : 007FFF;
	894 : 007FFF;
	895 : 007FFF;
	896 : 007FFF;
	897 : 007FFF;
	898 : 007FFF;
	899 : 007FFF;
	900 : 007FFF;
	901 : 007FFF;
	902 : 007FFF;
	903 : 007FFF;
	904 : 007FFF;
	905 : 007FFF;
	906 : 007FFF;
	907 : 007FFF;
	908 : 007FFF;
	909 : 007FFF;
	910 : 007FFF;
	911 : 007FFF;
	912 : 007FFF;
	913 : 007FFF;
	914 : 007FFF;
	915 : 007FFF;
	916 : 007FFF;
	917 : 007FFF;
	918 : 007FD8;
	919 : 007DDA;
	920 : 007844;
	921 : 0070F5;
	922 : 0069AE;
	923 : 006267;
	924 : 005B21;
	925 : 0053E3;
	926 : 004CA3;
	927 : 00456B;
	928 : 003E34;
	929 : 0036FE;
	930 : 002FCB;
	931 : 00289B;
	932 : 002170;
	933 : 001A48;
	934 : 001324;
	935 : 000C01;
	936 : 0004E7;
	937 : FFFDD1;
	938 : FFF6BC;
	939 : FFEFAC;
	940 : FFE89F;
	941 : FFE198;
	942 : FFDA96;
	943 : FFD396;
	944 : FFCC99;
	945 : FFC5A4;
	946 : FFBEB2;
	947 : FFB7C5;
	948 : FFB0DA;
	949 : FFA9F9;
	950 : FFA31B;
	951 : FF9C3E;
	952 : FF9569;
	953 : FF8E9C;
	954 : FF87D2;
	955 : FF8265;
	956 : FF8001;
	957 : FF8001;
	958 : FF8001;
	959 : FF8001;
	960 : FF8001;
	961 : FF8001;
	962 : FF8001;
	963 : FF8001;
	964 : FF8001;
	965 : FF8001;
	966 : FF8001;
	967 : FF8001;
	968 : FF8001;
	969 : FF8001;
	970 : FF8001;
	971 : FF8001;
	972 : FF8001;
	973 : FF8001;
	974 : FF8001;
	975 : FF8001;
	976 : FF8001;
	977 : FF8001;
	978 : FF8001;
	979 : FF8001;
	980 : FF8001;
	981 : FF8001;
	982 : FF8001;
	983 : FF8001;
	984 : FF8001;
	985 : FF8001;
	986 : FF8001;
	987 : FF8001;
	988 : FF8001;
	989 : FF8001;
	990 : FF8001;
	991 : FF8001;
	992 : FF8001;
	993 : FF8001;
	994 : FF8001;
	995 : FF8001;
	996 : FF8001;
	997 : FF8001;
	998 : FF8001;
	999 : FF8001;
	1000 : FF8001;
	1001 : FF8001;
	1002 : FF8001;
	1003 : FF8001;
	1004 : FF8001;
	1005 : FF8001;
	1006 : FF8001;
	1007 : FF8001;
	1008 : FF8001;
	1009 : FF8001;
	1010 : FF8001;
	1011 : FF8001;
	1012 : FF8001;
	1013 : FF8001;
	1014 : FF8001;
	1015 : FF8001;
	1016 : FF8001;
	1017 : FF8001;
	1018 : FF8001;
	1019 : FF8001;
	1020 : FF8001;
	1021 : FF8001;
	1022 : FF8001;
	1023 : FF8001;
	1024 : FF8001;
	1025 : FF8001;
	1026 : FF8001;
	1027 : FF8001;
	1028 : FF8001;
	1029 : FF8001;
	1030 : FF8001;
	1031 : FF8001;
	1032 : FF8001;
	1033 : FF8001;
	1034 : FF8001;
	1035 : FF8001;
	1036 : FF8001;
	1037 : FF8001;
	1038 : FF8001;
	1039 : FF8001;
	1040 : FF8001;
	1041 : FF8001;
	1042 : FF8001;
	1043 : FF8001;
	1044 : FF8001;
	1045 : FF8001;
	1046 : FF8001;
	1047 : FF8001;
	1048 : FF8001;
	1049 : FF8001;
	1050 : FF8001;
	1051 : FF8001;
	1052 : FF8001;
	1053 : FF8001;
	1054 : FF8001;
	1055 : FF8001;
	1056 : FF8001;
	1057 : FF8001;
	1058 : FF8001;
	1059 : FF8001;
	1060 : FF8001;
	1061 : FF8001;
	1062 : FF8001;
	1063 : FF8001;
	1064 : FF8001;
	1065 : FF8001;
	1066 : FF8001;
	1067 : FF8001;
	1068 : FF8001;
	1069 : FF8001;
	1070 : FF8001;
	1071 : FF8001;
	1072 : FF8001;
	1073 : FF8001;
	1074 : FF8001;
	1075 : FF8001;
	1076 : FF8001;
	1077 : FF8001;
	1078 : FF8001;
	1079 : FF8001;
	1080 : FF8001;
	1081 : FF8001;
	1082 : FF8001;
	1083 : FF8001;
	1084 : FF8001;
	1085 : FF8001;
	1086 : FF8001;
	1087 : FF8001;
	1088 : FF8001;
	1089 : FF8001;
	1090 : FF8001;
	1091 : FF8001;
	1092 : FF8001;
	1093 : FF8001;
	1094 : FF8001;
	1095 : FF8001;
	1096 : FF8001;
	1097 : FF8001;
	1098 : FF8001;
	1099 : FF8001;
	1100 : FF8001;
	1101 : FF8001;
	1102 : FF8001;
	1103 : FF8001;
	1104 : FF8001;
	1105 : FF8001;
	1106 : FF8001;
	1107 : FF8001;
	1108 : FF8001;
	1109 : FF8001;
	1110 : FF8001;
	1111 : FF8001;
	1112 : FF8001;
	1113 : FF8001;
	1114 : FF8001;
	1115 : FF8001;
	1116 : FF8001;
	1117 : FF8001;
	1118 : FF8001;
	1119 : FF8001;
	1120 : FF8001;
	1121 : FF8001;
	1122 : FF8001;
	1123 : FF8001;
	1124 : FF8001;
	1125 : FF8001;
	1126 : FF8001;
	1127 : FF8001;
	1128 : FF8001;
	1129 : FF8001;
	1130 : FF8001;
	1131 : FF8001;
	1132 : FF8001;
	1133 : FF8001;
	1134 : FF8001;
	1135 : FF8001;
	1136 : FF8001;
	1137 : FF8001;
	1138 : FF8001;
	1139 : FF8001;
	1140 : FF8001;
	1141 : FF8001;
	1142 : FF8001;
	1143 : FF8001;
	1144 : FF8001;
	1145 : FF8001;
	1146 : FF8001;
	1147 : FF8001;
	1148 : FF8001;
	1149 : FF8001;
	1150 : FF8001;
	1151 : FF8001;
	1152 : FF8001;
	1153 : FF8001;
	1154 : FF8001;
	1155 : FF8001;
	1156 : FF8001;
	1157 : FF8001;
	1158 : FF8001;
	1159 : FF8001;
	1160 : FF8001;
	1161 : FF8001;
	1162 : FF8001;
	1163 : FF8001;
	1164 : FF8001;
	1165 : FF8001;
	1166 : FF8001;
	1167 : FF8001;
	1168 : FF8001;
	1169 : FF8001;
	1170 : FF8001;
	1171 : FF8001;
	1172 : FF8001;
	1173 : FF8001;
	1174 : FF8001;
	1175 : FF8001;
	1176 : FF8001;
	1177 : FF8001;
	1178 : FF8001;
	1179 : FF8001;
	1180 : FF8001;
	1181 : FF8001;
	1182 : FF8001;
	1183 : FF8001;
	1184 : FF8001;
	1185 : FF8001;
	1186 : FF8001;
	1187 : FF8001;
	1188 : FF8001;
	1189 : FF8001;
	1190 : FF8001;
	1191 : FF8001;
	1192 : FF8001;
	1193 : FF8001;
	1194 : FF8001;
	1195 : FF8001;
	1196 : FF8001;
	1197 : FF8001;
	1198 : FF8001;
	1199 : FF8001;
	1200 : FF8001;
	1201 : FF8001;
	1202 : FF8001;
	1203 : FF8001;
	1204 : FF8001;
	1205 : FF8001;
	1206 : FF8001;
	1207 : FF8001;
	1208 : FF8001;
	1209 : FF8001;
	1210 : FF8001;
	1211 : FF8001;
	1212 : FF8001;
	1213 : FF8001;
	1214 : FF8001;
	1215 : FF8001;
	1216 : FF8001;
	1217 : FF8001;
	1218 : FF8001;
	1219 : FF8001;
	1220 : FF8001;
	1221 : FF8001;
	1222 : FF8001;
	1223 : FF8001;
	1224 : FF8001;
	1225 : FF8001;
	1226 : FF8001;
	1227 : FF8001;
	1228 : FF8001;
	1229 : FF8001;
	1230 : FF8001;
	1231 : FF8001;
	1232 : FF8001;
	1233 : FF8001;
	1234 : FF8001;
	1235 : FF8001;
	1236 : FF8001;
	1237 : FF8001;
	1238 : FF8001;
	1239 : FF8001;
	1240 : FF8001;
	1241 : FF8001;
	1242 : FF8001;
	1243 : FF8001;
	1244 : FF8001;
	1245 : FF8001;
	1246 : FF8001;
	1247 : FF8001;
	1248 : FF8001;
	1249 : FF8001;
	1250 : FF8001;
	1251 : FF8001;
	1252 : FF8001;
	1253 : FF8050;
	1254 : FF81EA;
	1255 : FF846F;
	1256 : FF881E;
	1257 : FF8BC8;
	1258 : FF8F76;
	1259 : FF932A;
	1260 : FF96DA;
	1261 : FF9A8D;
	1262 : FF9E46;
	1263 : FFA201;
	1264 : FFA5BB;
	1265 : FFA976;
	1266 : FFAD33;
	1267 : FFB0F6;
	1268 : FFB4C1;
	1269 : FFB884;
	1270 : FFBC50;
	1271 : FFC01F;
	1272 : FFC3F1;
	1273 : FFC7C2;
	1274 : FFCB9A;
	1275 : FFCF76;
	1276 : FFD351;
	1277 : FFD731;
	1278 : FFDB13;
	1279 : FFDF02;
	1280 : FFE2EB;
	1281 : FFE6D3;
	1282 : FFEAC1;
	1283 : FFEEB1;
	1284 : FFF2A7;
	1285 : FFF69E;
	1286 : FFFA98;
	1287 : FFFE91;
	1288 : 000289;
	1289 : 000689;
	1290 : 000A8D;
	1291 : 000E8F;
	1292 : 001291;
	1293 : 00169C;
	1294 : 001AAB;
	1295 : 001EB3;
	1296 : 0022BE;
	1297 : 0026CE;
	1298 : 002ADD;
	1299 : 002EEF;
	1300 : 003306;
	1301 : 00371C;
	1302 : 003B30;
	1303 : 003F45;
	1304 : 004360;
	1305 : 00477E;
	1306 : 004B94;
	1307 : 004FB5;
	1308 : 0053D6;
	1309 : 0057EF;
	1310 : 005C0E;
	1311 : 006030;
	1312 : 006453;
	1313 : 006874;
	1314 : 006C93;
	1315 : 0070BC;
	1316 : 0074DF;
	1317 : 007902;
	1318 : 007CF8;
	1319 : 007F2E;
	1320 : 007FE2;
	1321 : 007FFF;
	1322 : 007FFF;
	1323 : 007FFF;
	1324 : 007FFF;
	1325 : 007FFF;
	1326 : 007FFF;
	1327 : 007FFF;
	1328 : 007FFF;
	1329 : 007FFF;
	1330 : 007FFF;
	1331 : 007FFF;
	1332 : 007FFF;
	1333 : 007FFF;
	1334 : 007FFF;
	1335 : 007FFF;
	1336 : 007FFF;
	1337 : 007FFF;
	1338 : 007FFF;
	1339 : 007FFF;
	1340 : 007FFF;
	1341 : 007FFF;
	1342 : 007FFF;
	1343 : 007FFF;
	1344 : 007FFF;
	1345 : 007FFF;
	1346 : 007FFF;
	1347 : 007FFF;
	1348 : 007FFF;
	1349 : 007FFF;
	1350 : 007FFF;
	1351 : 007FFF;
	1352 : 007FFF;
	1353 : 007FFF;
	1354 : 007FFF;
	1355 : 007FFF;
	1356 : 007FFF;
	1357 : 007FFF;
	1358 : 007FFF;
	1359 : 007FFF;
	1360 : 007FFF;
	1361 : 007FFF;
	1362 : 007FFF;
	1363 : 007FFF;
	1364 : 007FFF;
	1365 : 007FFF;
	1366 : 007FFF;
	1367 : 007FFF;
	1368 : 007FFF;
	1369 : 007FFF;
	1370 : 007FFF;
	1371 : 007FFF;
	1372 : 007FFF;
	1373 : 007FFF;
	1374 : 007FFF;
	1375 : 007FFF;
	1376 : 007FFF;
	1377 : 007FFF;
	1378 : 007FFF;
	1379 : 007FFF;
	1380 : 007FFF;
	1381 : 007FFF;
	1382 : 007FFF;
	1383 : 007FFF;
	1384 : 007FFF;
	1385 : 007FFF;
	1386 : 007FFF;
	1387 : 007FFF;
	1388 : 007FFF;
	1389 : 007FFF;
	1390 : 007FFF;
	1391 : 007FFF;
	1392 : 007FFF;
	1393 : 007FFF;
	1394 : 007FFF;
	1395 : 007FFF;
	1396 : 007FFF;
	1397 : 007FFF;
	1398 : 007FFF;
	1399 : 007FFF;
	1400 : 007FFF;
	1401 : 007FFF;
	1402 : 007FFF;
	1403 : 007FFF;
	1404 : 007FFF;
	1405 : 007FFF;
	1406 : 007FFF;
	1407 : 007FFF;
	1408 : 007FFF;
	1409 : 007FFF;
	1410 : 007FFF;
	1411 : 007FFF;
	1412 : 007FFF;
	1413 : 007FFF;
	1414 : 007FFF;
	1415 : 007FFF;
	1416 : 007FFF;
	1417 : 007FFF;
	1418 : 007FFF;
	1419 : 007FFF;
	1420 : 007FFF;
	1421 : 007FFF;
	1422 : 007FFF;
	1423 : 007FFF;
	1424 : 007FFF;
	1425 : 007FFF;
	1426 : 007FFF;
	1427 : 007FFF;
	1428 : 007FFF;
	1429 : 007FFF;
	1430 : 007FFF;
	1431 : 007FFF;
	1432 : 007FFF;
	1433 : 007FFF;
	1434 : 007FFF;
	1435 : 007FFF;
	1436 : 007FFF;
	1437 : 007FFF;
	1438 : 007FFF;
	1439 : 007FFF;
	1440 : 007FFF;
	1441 : 007FFF;
	1442 : 007FFF;
	1443 : 007FFF;
	1444 : 007FFF;
	1445 : 007FFF;
	1446 : 007FFF;
	1447 : 007FFF;
	1448 : 007FFF;
	1449 : 007FFF;
	1450 : 007FFF;
	1451 : 007FFF;
	1452 : 007FFF;
	1453 : 007FFF;
	1454 : 007FFF;
	1455 : 007FFF;
	1456 : 007FFF;
	1457 : 007FFF;
	1458 : 007FFF;
	1459 : 007FFF;
	1460 : 007FFF;
	1461 : 007FFF;
	1462 : 007FFF;
	1463 : 007FFF;
	1464 : 007FFF;
	1465 : 007FFF;
	1466 : 007FFF;
	1467 : 007FFF;
	1468 : 007FFF;
	1469 : 007FFF;
	1470 : 007FFF;
	1471 : 007FFF;
	1472 : 007FFF;
	1473 : 007FFF;
	1474 : 007FFF;
	1475 : 007FFF;
	1476 : 007FFF;
	1477 : 007FFF;
	1478 : 007FFF;
	1479 : 007FFF;
	1480 : 007FFF;
	1481 : 007FFF;
	1482 : 007FFF;
	1483 : 007FFF;
	1484 : 007FFF;
	1485 : 007FFF;
	1486 : 007FFF;
	1487 : 007FFF;
	1488 : 007FFF;
	1489 : 007FFF;
	1490 : 007FFF;
	1491 : 007FFF;
	1492 : 007FFF;
	1493 : 007FFF;
	1494 : 007FFF;
	1495 : 007FFF;
	1496 : 007FFF;
	1497 : 007FFF;
	1498 : 007FFF;
	1499 : 007FFF;
	1500 : 007FFF;
	1501 : 007FFF;
	1502 : 007FFF;
	1503 : 007FFF;
	1504 : 007FFF;
	1505 : 007FFF;
	1506 : 007FFF;
	1507 : 007FFF;
	1508 : 007FFF;
	1509 : 007FFF;
	1510 : 007FFF;
	1511 : 007FFF;
	1512 : 007FFF;
	1513 : 007FFF;
	1514 : 007FFF;
	1515 : 007FFF;
	1516 : 007FFF;
	1517 : 007FFF;
	1518 : 007FFF;
	1519 : 007FFF;
	1520 : 007FFF;
	1521 : 007FFF;
	1522 : 007FFF;
	1523 : 007FFF;
	1524 : 007FFF;
	1525 : 007FFF;
	1526 : 007FFF;
	1527 : 007FFF;
	1528 : 007FFF;
	1529 : 007FFF;
	1530 : 007FFF;
	1531 : 007FFF;
	1532 : 007FFF;
	1533 : 007FFF;
	1534 : 007FFF;
	1535 : 007FFF;
	1536 : 007FFF;
	1537 : 007FFF;
	1538 : 007FFF;
	1539 : 007FFF;
	1540 : 007FFF;
	1541 : 007FFF;
	1542 : 007FFF;
	1543 : 007FFF;
	1544 : 007FFF;
	1545 : 007FFF;
	1546 : 007FFF;
	1547 : 007FFF;
	1548 : 007FFF;
	1549 : 007FFF;
	1550 : 007FFF;
	1551 : 007FFF;
	1552 : 007FFF;
	1553 : 007FFF;
	1554 : 007FFF;
	1555 : 007FFF;
	1556 : 007FFF;
	1557 : 007FFF;
	1558 : 007FFF;
	1559 : 007FFF;
	1560 : 007FFF;
	1561 : 007FFF;
	1562 : 007FFF;
	1563 : 007FFF;
	1564 : 007FFF;
	1565 : 007FFF;
	1566 : 007FFF;
	1567 : 007FFF;
	1568 : 007FFF;
	1569 : 007FFF;
	1570 : 007FFF;
	1571 : 007FFF;
	1572 : 007FFF;
	1573 : 007FFF;
	1574 : 007FFF;
	1575 : 007FFF;
	1576 : 007FFF;
	1577 : 007FFF;
	1578 : 007FFF;
	1579 : 007FFF;
	1580 : 007FFF;
	1581 : 007FFF;
	1582 : 007FFF;
	1583 : 007FFF;
	1584 : 007FFF;
	1585 : 007FFF;
	1586 : 007FFF;
	1587 : 007FFF;
	1588 : 007FFF;
	1589 : 007FFF;
	1590 : 007FFF;
	1591 : 007FFF;
	1592 : 007FFF;
	1593 : 007FFF;
	1594 : 007FFF;
	1595 : 007FFF;
	1596 : 007FFF;
	1597 : 007FFF;
	1598 : 007FFF;
	1599 : 007FFF;
	1600 : 007FFF;
	1601 : 007FFF;
	1602 : 007FFF;
	1603 : 007FFF;
	1604 : 007FFF;
	1605 : 007FFF;
	1606 : 007FFF;
	1607 : 007FFF;
	1608 : 007FFF;
	1609 : 007FFF;
	1610 : 007FFF;
	1611 : 007FFF;
	1612 : 007FFF;
	1613 : 007FFF;
	1614 : 007FFF;
	1615 : 007FFF;
	1616 : 007FFF;
	1617 : 007FFF;
	1618 : 007FFF;
	1619 : 007FFF;
	1620 : 007FFF;
	1621 : 007FFF;
	1622 : 007FFF;
	1623 : 007FFF;
	1624 : 007FFF;
	1625 : 007FFF;
	1626 : 007FFF;
	1627 : 007FFF;
	1628 : 007FFF;
	1629 : 007FFF;
	1630 : 007FFF;
	1631 : 007FFF;
	1632 : 007FEE;
	1633 : 007F5C;
	1634 : 007DF2;
	1635 : 007C26;
	1636 : 007963;
	1637 : 007699;
	1638 : 0073DE;
	1639 : 007112;
	1640 : 006E49;
	1641 : 006B84;
	1642 : 0068B4;
	1643 : 0065E1;
	1644 : 006312;
	1645 : 006043;
	1646 : 005D70;
	1647 : 005A97;
	1648 : 0057C3;
	1649 : 0054F3;
	1650 : 005211;
	1651 : 004F35;
	1652 : 004C5E;
	1653 : 004981;
	1654 : 0046A0;
	1655 : 0043BF;
	1656 : 0040DD;
	1657 : 003DF7;
	1658 : 003B11;
	1659 : 003832;
	1660 : 003547;
	1661 : 003255;
	1662 : 002F6C;
	1663 : 002C85;
	1664 : 00299B;
	1665 : 0026B5;
	1666 : 0023C3;
	1667 : 0020D6;
	1668 : 001DE9;
	1669 : 001AF8;
	1670 : 001806;
	1671 : 001514;
	1672 : 001225;
	1673 : 000F34;
	1674 : 000C3C;
	1675 : 000956;
	1676 : 00065F;
	1677 : 00036C;
	1678 : 00006E;
	1679 : FFFD75;
	1680 : FFFA80;
	1681 : FFF787;
	1682 : FFF488;
	1683 : FFF188;
	1684 : FFEE8F;
	1685 : FFEB97;
	1686 : FFE891;
	1687 : FFE594;
	1688 : FFE291;
	1689 : FFDF93;
	1690 : FFDC93;
	1691 : FFD996;
	1692 : FFD692;
	1693 : FFD390;
	1694 : FFD092;
	1695 : FFCD8D;
	1696 : FFCA8D;
	1697 : FFC788;
	1698 : FFC481;
	1699 : FFC182;
	1700 : FFBE7E;
	1701 : FFBB81;
	1702 : FFB883;
	1703 : FFB581;
	1704 : FFB27C;
	1705 : FFAF7C;
	1706 : FFAC7D;
	1707 : FFA97F;
	1708 : FFA686;
	1709 : FFA38A;
	1710 : FFA08C;
	1711 : FF9D8B;
	1712 : FF9A8B;
	1713 : FF9791;
	1714 : FF949F;
	1715 : FF91A5;
	1716 : FF8EAD;
	1717 : FF8BB8;
	1718 : FF88C5;
	1719 : FF85D2;
	1720 : FF8329;
	1721 : FF8168;
	1722 : FF801C;
	1723 : FF8001;
	1724 : FF8001;
	1725 : FF8001;
	1726 : FF8001;
	1727 : FF8001;
	1728 : FF8001;
	1729 : FF8001;
	1730 : FF8001;
	1731 : FF8001;
	1732 : FF8001;
	1733 : FF8001;
	1734 : FF8001;
	1735 : FF8001;
	1736 : FF8001;
	1737 : FF8001;
	1738 : FF8001;
	1739 : FF8001;
	1740 : FF8001;
	1741 : FF8001;
	1742 : FF8001;
	1743 : FF8001;
	1744 : FF8001;
	1745 : FF8001;
	1746 : FF8001;
	1747 : FF8001;
	1748 : FF8001;
	1749 : FF8001;
	1750 : FF8001;
	1751 : FF8001;
	1752 : FF8001;
	1753 : FF8001;
	1754 : FF8001;
	1755 : FF8001;
	1756 : FF8001;
	1757 : FF8001;
	1758 : FF8001;
	1759 : FF8001;
	1760 : FF8001;
	1761 : FF8001;
	1762 : FF8001;
	1763 : FF8001;
	1764 : FF8001;
	1765 : FF8001;
	1766 : FF8001;
	1767 : FF8001;
	1768 : FF8001;
	1769 : FF8001;
	1770 : FF8001;
	1771 : FF8001;
	1772 : FF8001;
	1773 : FF8001;
	1774 : FF8001;
	1775 : FF8001;
	1776 : FF8001;
	1777 : FF8001;
	1778 : FF8001;
	1779 : FF8001;
	1780 : FF8001;
	1781 : FF8001;
	1782 : FF8001;
	1783 : FF8001;
	1784 : FF8001;
	1785 : FF8001;
	1786 : FF8001;
	1787 : FF8001;
	1788 : FF8001;
	1789 : FF8001;
	1790 : FF8001;
	1791 : FF8001;
	1792 : FF8001;
	1793 : FF8001;
	1794 : FF8001;
	1795 : FF8001;
	1796 : FF8001;
	1797 : FF8001;
	1798 : FF8001;
	1799 : FF8001;
	1800 : FF8001;
	1801 : FF8001;
	1802 : FF8001;
	1803 : FF8001;
	1804 : FF8001;
	1805 : FF8001;
	1806 : FF8001;
	1807 : FF8001;
	1808 : FF8001;
	1809 : FF8001;
	1810 : FF8001;
	1811 : FF8001;
	1812 : FF8001;
	1813 : FF8001;
	1814 : FF8001;
	1815 : FF8001;
	1816 : FF8001;
	1817 : FF8001;
	1818 : FF8001;
	1819 : FF8001;
	1820 : FF8001;
	1821 : FF8001;
	1822 : FF8001;
	1823 : FF8001;
	1824 : FF8001;
	1825 : FF8001;
	1826 : FF8001;
	1827 : FF8001;
	1828 : FF8001;
	1829 : FF8001;
	1830 : FF8001;
	1831 : FF8001;
	1832 : FF8001;
	1833 : FF8001;
	1834 : FF8001;
	1835 : FF8001;
	1836 : FF8001;
	1837 : FF8001;
	1838 : FF8001;
	1839 : FF8001;
	1840 : FF8001;
	1841 : FF8001;
	1842 : FF8001;
	1843 : FF8001;
	1844 : FF8001;
	1845 : FF8001;
	1846 : FF8001;
	1847 : FF8001;
	1848 : FF8001;
	1849 : FF8001;
	1850 : FF8001;
	1851 : FF8001;
	1852 : FF8001;
	1853 : FF8001;
	1854 : FF8001;
	1855 : FF8001;
	1856 : FF8001;
	1857 : FF8001;
	1858 : FF8001;
	1859 : FF8001;
	1860 : FF8001;
	1861 : FF8001;
	1862 : FF8001;
	1863 : FF8001;
	1864 : FF8001;
	1865 : FF8001;
	1866 : FF8001;
	1867 : FF8001;
	1868 : FF8001;
	1869 : FF8001;
	1870 : FF8001;
	1871 : FF8001;
	1872 : FF8001;
	1873 : FF8001;
	1874 : FF8001;
	1875 : FF8001;
	1876 : FF8001;
	1877 : FF8001;
	1878 : FF8001;
	1879 : FF8001;
	1880 : FF8001;
	1881 : FF8001;
	1882 : FF8001;
	1883 : FF8001;
	1884 : FF8001;
	1885 : FF8001;
	1886 : FF8001;
	1887 : FF8001;
	1888 : FF8001;
	1889 : FF8001;
	1890 : FF8001;
	1891 : FF8001;
	1892 : FF8001;
	1893 : FF8001;
	1894 : FF8001;
	1895 : FF8001;
	1896 : FF8001;
	1897 : FF8001;
	1898 : FF8001;
	1899 : FF8001;
	1900 : FF8001;
	1901 : FF8001;
	1902 : FF8001;
	1903 : FF8001;
	1904 : FF8001;
	1905 : FF8001;
	1906 : FF8001;
	1907 : FF8001;
	1908 : FF8001;
	1909 : FF8001;
	1910 : FF8001;
	1911 : FF8001;
	1912 : FF8001;
	1913 : FF8001;
	1914 : FF8001;
	1915 : FF8001;
	1916 : FF8001;
	1917 : FF8001;
	1918 : FF8001;
	1919 : FF8001;
	1920 : FF8001;
	1921 : FF8001;
	1922 : FF8001;
	1923 : FF8001;
	1924 : FF8001;
	1925 : FF8001;
	1926 : FF8001;
	1927 : FF8001;
	1928 : FF8001;
	1929 : FF8001;
	1930 : FF8001;
	1931 : FF8001;
	1932 : FF8001;
	1933 : FF8001;
	1934 : FF8001;
	1935 : FF8001;
	1936 : FF8001;
	1937 : FF8001;
	1938 : FF8001;
	1939 : FF8001;
	1940 : FF8001;
	1941 : FF8001;
	1942 : FF8001;
	1943 : FF8001;
	1944 : FF8001;
	1945 : FF8001;
	1946 : FF8001;
	1947 : FF8001;
	1948 : FF8001;
	1949 : FF8001;
	1950 : FF8001;
	1951 : FF8001;
	1952 : FF8001;
	1953 : FF8001;
	1954 : FF8001;
	1955 : FF8001;
	1956 : FF8001;
	1957 : FF8001;
	1958 : FF8001;
	1959 : FF8001;
	1960 : FF8001;
	1961 : FF8001;
	1962 : FF8001;
	1963 : FF8001;
	1964 : FF8001;
	1965 : FF8001;
	1966 : FF8001;
	1967 : FF8001;
	1968 : FF8001;
	1969 : FF8001;
	1970 : FF8001;
	1971 : FF8001;
	1972 : FF8001;
	1973 : FF8001;
	1974 : FF8001;
	1975 : FF8001;
	1976 : FF8001;
	1977 : FF8001;
	1978 : FF8001;
	1979 : FF8001;
	1980 : FF8001;
	1981 : FF8001;
	1982 : FF8001;
	1983 : FF8001;
	1984 : FF8001;
	1985 : FF8001;
	1986 : FF8001;
	1987 : FF8001;
	1988 : FF8001;
	1989 : FF8001;
	1990 : FF8001;
	1991 : FF8001;
	1992 : FF8001;
	1993 : FF8001;
	1994 : FF8001;
	1995 : FF8001;
	1996 : FF8001;
	1997 : FF8001;
	1998 : FF8001;
	1999 : FF8001;
	2000 : FF8001;
	2001 : FF8001;
	2002 : FF8001;
	2003 : FF8001;
	2004 : FF8001;
	2005 : FF8001;
	2006 : FF8001;
	2007 : FF8001;
	2008 : FF8001;
	2009 : FF8001;
	2010 : FF8001;
	2011 : FF8001;
	2012 : FF8001;
	2013 : FF8001;
	2014 : FF8001;
	2015 : FF8001;
	2016 : FF8001;
	2017 : FF8001;
	2018 : FF8001;
	2019 : FF8001;
	2020 : FF8001;
	2021 : FF8001;
	2022 : FF8001;
	2023 : FF8001;
	2024 : FF8001;
	2025 : FF8001;
	2026 : FF8001;
	2027 : FF8001;
	2028 : FF8001;
	2029 : FF8001;
	2030 : FF8001;
	2031 : FF8001;
	2032 : FF8001;
	2033 : FF8001;
	2034 : FF8001;
	2035 : FF8001;
	2036 : FF8001;
	2037 : FF8001;
	2038 : FF8001;
	2039 : FF8001;
	2040 : FF8001;
	2041 : FF8001;
	2042 : FF8001;
	2043 : FF8001;
	2044 : FF8001;
	2045 : FF8001;
	2046 : FF8001;
	2047 : FF8001;
	2048 : FF8001;
	2049 : FF8001;
	2050 : FF8001;
	2051 : FF8001;
	2052 : FF8001;
	2053 : FF8001;
	2054 : FF8001;
	2055 : FF8001;
	2056 : FF8001;
	2057 : FF8001;
	2058 : FF8001;
	2059 : FF8001;
	2060 : FF8001;
	2061 : FF8001;
	2062 : FF8001;
	2063 : FF8001;
	2064 : FF8001;
	2065 : FF8001;
	2066 : FF8001;
	2067 : FF8001;
	2068 : FF8001;
	2069 : FF8001;
	2070 : FF8001;
	2071 : FF8001;
	2072 : FF8001;
	2073 : FF8001;
	2074 : FF8001;
	2075 : FF8001;
	2076 : FF8001;
	2077 : FF8001;
	2078 : FF8001;
	2079 : FF8001;
	2080 : FF8001;
	2081 : FF8001;
	2082 : FF8001;
	2083 : FF8001;
	2084 : FF8001;
	2085 : FF8001;
	2086 : FF8001;
	2087 : FF8001;
	2088 : FF8001;
	2089 : FF8001;
	2090 : FF8001;
	2091 : FF8001;
	2092 : FF8001;
	2093 : FF8001;
	2094 : FF8001;
	2095 : FF805C;
	2096 : FF80DC;
	2097 : FF8163;
	2098 : FF81E9;
	2099 : FF826E;
	2100 : FF8323;
	2101 : FF8429;
	2102 : FF8541;
	2103 : FF8652;
	2104 : FF8768;
	2105 : FF8879;
	2106 : FF899A;
	2107 : FF8AAC;
	2108 : FF8BC9;
	2109 : FF8CE5;
	2110 : FF8DFC;
	2111 : FF8F14;
	2112 : FF9032;
	2113 : FF9150;
	2114 : FF926D;
	2115 : FF938E;
	2116 : FF94B6;
	2117 : FF95D8;
	2118 : FF96FF;
	2119 : FF982E;
	2120 : FF9957;
	2121 : FF9A7B;
	2122 : FF9BA9;
	2123 : FF9CD6;
	2124 : FF9E03;
	2125 : FF9F39;
	2126 : FFA06C;
	2127 : FFA1A3;
	2128 : FFA2D7;
	2129 : FFA412;
	2130 : FFA549;
	2131 : FFA685;
	2132 : FFA7C8;
	2133 : FFA909;
	2134 : FFAA54;
	2135 : FFAB9B;
	2136 : FFACE0;
	2137 : FFAE2A;
	2138 : FFAF78;
	2139 : FFB0C7;
	2140 : FFB222;
	2141 : FFB36D;
	2142 : FFB4C1;
	2143 : FFB61E;
	2144 : FFB775;
	2145 : FFB8D9;
	2146 : FFBA37;
	2147 : FFBB9C;
	2148 : FFBD04;
	2149 : FFBE68;
	2150 : FFBFCD;
	2151 : FFC137;
	2152 : FFC2A6;
	2153 : FFC41B;
	2154 : FFC58A;
	2155 : FFC700;
	2156 : FFC874;
	2157 : FFC9EE;
	2158 : FFCB6C;
	2159 : FFCCED;
	2160 : FFCE70;
	2161 : FFCFF9;
	2162 : FFD185;
	2163 : FFD311;
	2164 : FFD4A5;
	2165 : FFD63D;
	2166 : FFD7D1;
	2167 : FFD965;
	2168 : FFDB0A;
	2169 : FFDCAB;
	2170 : FFDE53;
	2171 : FFE000;
	2172 : FFE1AE;
	2173 : FFE35D;
	2174 : FFE510;
	2175 : FFE6C2;
	2176 : FFE87A;
	2177 : FFEA39;
	2178 : FFEBFF;
	2179 : FFEDBE;
	2180 : FFEF87;
	2181 : FFF14C;
	2182 : FFF31E;
	2183 : FFF4E9;
	2184 : FFF6BB;
	2185 : FFF893;
	2186 : FFFA6F;
	2187 : FFFC50;
	2188 : FFFE29;
	2189 : 000009;
	2190 : 0001F0;
	2191 : 0003DC;
	2192 : 0005CF;
	2193 : 0007BE;
	2194 : 0009B2;
	2195 : 000BA4;
	2196 : 000D9A;
	2197 : 000F95;
	2198 : 001197;
	2199 : 00139B;
	2200 : 00159F;
	2201 : 0017A7;
	2202 : 0019B4;
	2203 : 001BBE;
	2204 : 001DD9;
	2205 : 001FE6;
	2206 : 002201;
	2207 : 00241B;
	2208 : 002637;
	2209 : 00285A;
	2210 : 002A7D;
	2211 : 002CA0;
	2212 : 002EC9;
	2213 : 0030F8;
	2214 : 00332A;
	2215 : 003557;
	2216 : 00378C;
	2217 : 0039C6;
	2218 : 003BFC;
	2219 : 003E36;
	2220 : 004075;
	2221 : 0042BA;
	2222 : 0044FD;
	2223 : 004742;
	2224 : 00498A;
	2225 : 004BD8;
	2226 : 004E28;
	2227 : 005075;
	2228 : 0052C6;
	2229 : 00551D;
	2230 : 00576E;
	2231 : 0059C3;
	2232 : 005C1C;
	2233 : 005E7A;
	2234 : 0060D8;
	2235 : 006338;
	2236 : 00659B;
	2237 : 0067F7;
	2238 : 006A60;
	2239 : 006CCC;
	2240 : 006F30;
	2241 : 007199;
	2242 : 0073FD;
	2243 : 00766C;
	2244 : 0078DA;
	2245 : 007B47;
	2246 : 007D3C;
	2247 : 007EA1;
	2248 : 007F95;
	2249 : 007FFF;
	2250 : 007FFF;
	2251 : 007FFF;
	2252 : 007FFF;
	2253 : 007FFF;
	2254 : 007FFF;
	2255 : 007FFF;
	2256 : 007FFF;
	2257 : 007FFF;
	2258 : 007FFF;
	2259 : 007FFF;
	2260 : 007FFF;
	2261 : 007FFF;
	2262 : 007FFF;
	2263 : 007FFF;
	2264 : 007FFF;
	2265 : 007FFF;
	2266 : 007FFF;
	2267 : 007FFF;
	2268 : 007FFF;
	2269 : 007FFF;
	2270 : 007FFF;
	2271 : 007FFF;
	2272 : 007FFF;
	2273 : 007FFF;
	2274 : 007FFF;
	2275 : 007FFF;
	2276 : 007FFF;
	2277 : 007FFF;
	2278 : 007FFF;
	2279 : 007FFF;
	2280 : 007FFF;
	2281 : 007FFF;
	2282 : 007FFF;
	2283 : 007FFF;
	2284 : 007FFF;
	2285 : 007FFF;
	2286 : 007FFF;
	2287 : 007FFF;
	2288 : 007FFF;
	2289 : 007FFF;
	2290 : 007FFF;
	2291 : 007FFF;
	2292 : 007FFF;
	2293 : 007FFF;
	2294 : 007FFF;
	2295 : 007FFF;
	2296 : 007FFF;
	2297 : 007FFF;
	2298 : 007FFF;
	2299 : 007FFF;
	2300 : 007FFF;
	2301 : 007FFF;
	2302 : 007FFF;
	2303 : 007FFF;
	2304 : 007FFF;
	2305 : 007FFF;
	2306 : 007FFF;
	2307 : 007FFF;
	2308 : 007FFF;
	2309 : 007FFF;
	2310 : 007FFF;
	2311 : 007FFF;
	2312 : 007FFF;
	2313 : 007FFF;
	2314 : 007FFF;
	2315 : 007FFF;
	2316 : 007FFF;
	2317 : 007FFF;
	2318 : 007FFF;
	2319 : 007FFF;
	2320 : 007FFF;
	2321 : 007FFF;
	2322 : 007FFF;
	2323 : 007FFF;
	2324 : 007FFF;
	2325 : 007FFF;
	2326 : 007FFF;
	2327 : 007FFF;
	2328 : 007FFF;
	2329 : 007FFF;
	2330 : 007FFF;
	2331 : 007FFF;
	2332 : 007FFF;
	2333 : 007FFF;
	2334 : 007FFF;
	2335 : 007FFF;
	2336 : 007FFF;
	2337 : 007FFF;
	2338 : 007FFF;
	2339 : 007FFF;
	2340 : 007FFF;
	2341 : 007FFF;
	2342 : 007FFF;
	2343 : 007FFF;
	2344 : 007FFF;
	2345 : 007FFF;
	2346 : 007FFF;
	2347 : 007FFF;
	2348 : 007FFF;
	2349 : 007FFF;
	2350 : 007FFF;
	2351 : 007FFF;
	2352 : 007FFF;
	2353 : 007FFF;
	2354 : 007FFF;
	2355 : 007FFF;
	2356 : 007FFF;
	2357 : 007FFF;
	2358 : 007FFF;
	2359 : 007FFF;
	2360 : 007FFF;
	2361 : 007FFF;
	2362 : 007FFF;
	2363 : 007FFF;
	2364 : 007FFF;
	2365 : 007FFF;
	2366 : 007FFF;
	2367 : 007FFF;
	2368 : 007FFF;
	2369 : 007FFF;
	2370 : 007FFF;
	2371 : 007FFF;
	2372 : 007FFF;
	2373 : 007FFF;
	2374 : 007FFF;
	2375 : 007FFF;
	2376 : 007FFF;
	2377 : 007FFF;
	2378 : 007FFF;
	2379 : 007FFF;
	2380 : 007FFF;
	2381 : 007FFF;
	2382 : 007FFF;
	2383 : 007FFF;
	2384 : 007FFF;
	2385 : 007FFF;
	2386 : 007FFF;
	2387 : 007FFF;
	2388 : 007FFF;
	2389 : 007FFF;
	2390 : 007FFF;
	2391 : 007FFF;
	2392 : 007FFF;
	2393 : 007FFF;
	2394 : 007FFF;
	2395 : 007FFF;
	2396 : 007FFF;
	2397 : 007FFF;
	2398 : 007FFF;
	2399 : 007FFF;
	2400 : 007FFF;
	2401 : 007FFF;
	2402 : 007FFF;
	2403 : 007FFF;
	2404 : 007FFF;
	2405 : 007FFF;
	2406 : 007FFF;
	2407 : 007FFF;
	2408 : 007FFF;
	2409 : 007FFF;
	2410 : 007FFF;
	2411 : 007FFF;
	2412 : 007FFF;
	2413 : 007FFF;
	2414 : 007FFF;
	2415 : 007FFF;
	2416 : 007FFF;
	2417 : 007FFF;
	2418 : 007FFF;
	2419 : 007FFF;
	2420 : 007FFF;
	2421 : 007FFF;
	2422 : 007FFF;
	2423 : 007FFF;
	2424 : 007FFF;
	2425 : 007FFF;
	2426 : 007FFF;
	2427 : 007FFF;
	2428 : 007FFF;
	2429 : 007FFF;
	2430 : 007FFF;
	2431 : 007FFF;
	2432 : 007FFF;
	2433 : 007FFF;
	2434 : 007FFF;
	2435 : 007FFF;
	2436 : 007FFF;
	2437 : 007FFF;
	2438 : 007FFF;
	2439 : 007FFF;
	2440 : 007FFF;
	2441 : 007FFF;
	2442 : 007FFF;
	2443 : 007FFF;
	2444 : 007FFF;
	2445 : 007FFF;
	2446 : 007FFF;
	2447 : 007FFF;
	2448 : 007FFF;
	2449 : 007FFF;
	2450 : 007FFF;
	2451 : 007FFF;
	2452 : 007FFF;
	2453 : 007FFF;
	2454 : 007FFF;
	2455 : 007FFF;
	2456 : 007FFF;
	2457 : 007FFF;
	2458 : 007FFF;
	2459 : 007FFF;
	2460 : 007FFF;
	2461 : 007FFF;
	2462 : 007FFF;
	2463 : 007FFF;
	2464 : 007FFF;
	2465 : 007FFF;
	2466 : 007FFF;
	2467 : 007FFF;
	2468 : 007FFF;
	2469 : 007FFF;
	2470 : 007FFF;
	2471 : 007FFF;
	2472 : 007FFF;
	2473 : 007FFF;
	2474 : 007FFF;
	2475 : 007FFF;
	2476 : 007FFF;
	2477 : 007FFF;
	2478 : 007FFF;
	2479 : 007FFF;
	2480 : 007FFF;
	2481 : 007FFF;
	2482 : 007FFF;
	2483 : 007FFF;
	2484 : 007FFF;
	2485 : 007FFF;
	2486 : 007FFF;
	2487 : 007FFF;
	2488 : 007FFF;
	2489 : 007FFF;
	2490 : 007FFF;
	2491 : 007FFF;
	2492 : 007FFF;
	2493 : 007FFF;
	2494 : 007FFF;
	2495 : 007FFF;
	2496 : 007FFF;
	2497 : 007FFF;
	2498 : 007FFF;
	2499 : 007FFF;
	2500 : 007FFF;
	2501 : 007FFF;
	2502 : 007FFF;
	2503 : 007FFF;
	2504 : 007FFF;
	2505 : 007FFF;
	2506 : 007FFF;
	2507 : 007FFF;
	2508 : 007FFF;
	2509 : 007FFF;
	2510 : 007FFF;
	2511 : 007FFF;
	2512 : 007FFF;
	2513 : 007FFF;
	2514 : 007FFF;
	2515 : 007FFF;
	2516 : 007FFF;
	2517 : 007FFF;
	2518 : 007FFF;
	2519 : 007FFF;
	2520 : 007FFF;
	2521 : 007FFF;
	2522 : 007FFF;
	2523 : 007FFF;
	2524 : 007FFF;
	2525 : 007FFF;
	2526 : 007FFF;
	2527 : 007FFF;
	2528 : 007FFF;
	2529 : 007FFF;
	2530 : 007F90;
	2531 : 007E8E;
	2532 : 007D37;
	2533 : 007B53;
	2534 : 0078FE;
	2535 : 0076A4;
	2536 : 007458;
	2537 : 007206;
	2538 : 006FBA;
	2539 : 006D69;
	2540 : 006B1C;
	2541 : 0068D6;
	2542 : 00668F;
	2543 : 006444;
	2544 : 0061FE;
	2545 : 005FBD;
	2546 : 005D7C;
	2547 : 005B3D;
	2548 : 0058FD;
	2549 : 0056C7;
	2550 : 005489;
	2551 : 005253;
	2552 : 005024;
	2553 : 004DF2;
	2554 : 004BBF;
	2555 : 004991;
	2556 : 004767;
	2557 : 00453E;
	2558 : 004316;
	2559 : 0040F1;
	2560 : 003ECC;
	2561 : 003CAF;
	2562 : 003A93;
	2563 : 00387A;
	2564 : 003661;
	2565 : 00344A;
	2566 : 003238;
	2567 : 00302C;
	2568 : 002E21;
	2569 : 002C15;
	2570 : 002A0D;
	2571 : 002807;
	2572 : 002608;
	2573 : 002404;
	2574 : 002211;
	2575 : 002019;
	2576 : 001E21;
	2577 : 001C30;
	2578 : 001A40;
	2579 : 001851;
	2580 : 001669;
	2581 : 001483;
	2582 : 0012A2;
	2583 : 0010C1;
	2584 : 000EE6;
	2585 : 000D0E;
	2586 : 000B37;
	2587 : 000962;
	2588 : 000794;
	2589 : 0005CB;
	2590 : 000403;
	2591 : 00023D;
	2592 : 000079;
	2593 : FFFEB9;
	2594 : FFFCFF;
	2595 : FFFB42;
	2596 : FFF98F;
	2597 : FFF7DC;
	2598 : FFF62D;
	2599 : FFF485;
	2600 : FFF2E1;
	2601 : FFF13D;
	2602 : FFEF9D;
	2603 : FFEDFF;
	2604 : FFEC62;
	2605 : FFEACB;
	2606 : FFE93A;
	2607 : FFE7AC;
	2608 : FFE61F;
	2609 : FFE496;
	2610 : FFE315;
	2611 : FFE18F;
	2612 : FFE012;
	2613 : FFDE97;
	2614 : FFDD20;
	2615 : FFDBAC;
	2616 : FFDA3C;
	2617 : FFD8D2;
	2618 : FFD76B;
	2619 : FFD607;
	2620 : FFD4A5;
	2621 : FFD346;
	2622 : FFD1EE;
	2623 : FFD09C;
	2624 : FFCF4A;
	2625 : FFCDFA;
	2626 : FFCCAC;
	2627 : FFCB65;
	2628 : FFCA1E;
	2629 : FFC8D9;
	2630 : FFC79B;
	2631 : FFC65F;
	2632 : FFC526;
	2633 : FFC3F5;
	2634 : FFC2BD;
	2635 : FFC190;
	2636 : FFC064;
	2637 : FFBF3A;
	2638 : FFBE18;
	2639 : FFBCF4;
	2640 : FFBBD4;
	2641 : FFBAB9;
	2642 : FFB9A0;
	2643 : FFB889;
	2644 : FFB775;
	2645 : FFB669;
	2646 : FFB558;
	2647 : FFB450;
	2648 : FFB349;
	2649 : FFB24C;
	2650 : FFB14B;
	2651 : FFB04A;
	2652 : FFAF50;
	2653 : FFAE5B;
	2654 : FFAD67;
	2655 : FFAC76;
	2656 : FFAB86;
	2657 : FFAA9E;
	2658 : FFA9B0;
	2659 : FFA8CE;
	2660 : FFA7EC;
	2661 : FFA713;
	2662 : FFA635;
	2663 : FFA558;
	2664 : FFA482;
	2665 : FFA3B0;
	2666 : FFA2DE;
	2667 : FFA20E;
	2668 : FFA143;
	2669 : FFA07C;
	2670 : FF9FB2;
	2671 : FF9EF0;
	2672 : FF9E2F;
	2673 : FF9D70;
	2674 : FF9CB3;
	2675 : FF9BFC;
	2676 : FF9B43;
	2677 : FF9A8E;
	2678 : FF99DD;
	2679 : FF992D;
	2680 : FF987E;
	2681 : FF97D1;
	2682 : FF9727;
	2683 : FF9683;
	2684 : FF95E3;
	2685 : FF9542;
	2686 : FF94A2;
	2687 : FF9404;
	2688 : FF9367;
	2689 : FF92CF;
	2690 : FF923B;
	2691 : FF91A9;
	2692 : FF9117;
	2693 : FF9086;
	2694 : FF8FF7;
	2695 : FF8F6A;
	2696 : FF8EE4;
	2697 : FF8E57;
	2698 : FF8DD3;
	2699 : FF8D50;
	2700 : FF8CCF;
	2701 : FF8C52;
	2702 : FF8BD6;
	2703 : FF8B57;
	2704 : FF8ADB;
	2705 : FF8A66;
	2706 : FF89F1;
	2707 : FF897C;
	2708 : FF8909;
	2709 : FF889E;
	2710 : FF882E;
	2711 : FF87C3;
	2712 : FF8755;
	2713 : FF86EF;
	2714 : FF8686;
	2715 : FF8620;
	2716 : FF85BF;
	2717 : FF855B;
	2718 : FF84F9;
	2719 : FF849C;
	2720 : FF8442;
	2721 : FF83E0;
	2722 : FF838C;
	2723 : FF8334;
	2724 : FF82E2;
	2725 : FF82AC;
	2726 : FF8283;
	2727 : FF825C;
	2728 : FF8234;
	2729 : FF820D;
	2730 : FF81E8;
	2731 : FF81C3;
	2732 : FF819E;
	2733 : FF8179;
	2734 : FF8159;
	2735 : FF8135;
	2736 : FF8115;
	2737 : FF80F5;
	2738 : FF80D3;
	2739 : FF80B4;
	2740 : FF8097;
	2741 : FF8079;
	2742 : FF805A;
	2743 : FF803C;
	2744 : FF801F;
	2745 : FF8004;
	2746 : FF8001;
	2747 : FF8001;
	2748 : FF8001;
	2749 : FF8001;
	2750 : FF8001;
	2751 : FF8001;
	2752 : FF8001;
	2753 : FF8001;
	2754 : FF8001;
	2755 : FF8001;
	2756 : FF8001;
	2757 : FF8001;
	2758 : FF8001;
	2759 : FF8001;
	2760 : FF8001;
	2761 : FF8001;
	2762 : FF8001;
	2763 : FF8001;
	2764 : FF8001;
	2765 : FF8001;
	2766 : FF8001;
	2767 : FF8001;
	2768 : FF8001;
	2769 : FF8001;
	2770 : FF8001;
	2771 : FF8001;
	2772 : FF8001;
	2773 : FF8001;
	2774 : FF8001;
	2775 : FF8001;
	2776 : FF8001;
	2777 : FF8001;
	2778 : FF8001;
	2779 : FF8001;
	2780 : FF8001;
	2781 : FF8001;
	2782 : FF8001;
	2783 : FF8001;
	2784 : FF8001;
	2785 : FF8001;
	2786 : FF8001;
	2787 : FF8001;
	2788 : FF8001;
	2789 : FF8001;
	2790 : FF8001;
	2791 : FF8001;
	2792 : FF8001;
	2793 : FF8001;
	2794 : FF8001;
	2795 : FF8001;
	2796 : FF8001;
	2797 : FF8001;
	2798 : FF8001;
	2799 : FF8001;
	2800 : FF8001;
	2801 : FF8001;
	2802 : FF8001;
	2803 : FF8001;
	2804 : FF8001;
	2805 : FF8001;
	2806 : FF8001;
	2807 : FF8001;
	2808 : FF8001;
	2809 : FF8001;
	2810 : FF8001;
	2811 : FF8001;
	2812 : FF8001;
	2813 : FF8001;
	2814 : FF8001;
	2815 : FF8001;
	2816 : FF8001;
	2817 : FF8001;
	2818 : FF8001;
	2819 : FF8001;
	2820 : FF8001;
	2821 : FF8001;
	2822 : FF8001;
	2823 : FF8001;
	2824 : FF8001;
	2825 : FF8001;
	2826 : FF8001;
	2827 : FF8001;
	2828 : FF8001;
	2829 : FF8001;
	2830 : FF8001;
	2831 : FF8001;
	2832 : FF8001;
	2833 : FF8001;
	2834 : FF8001;
	2835 : FF8001;
	2836 : FF8001;
	2837 : FF8001;
	2838 : FF8001;
	2839 : FF8001;
	2840 : FF8001;
	2841 : FF8001;
	2842 : FF8001;
	2843 : FF8001;
	2844 : FF8001;
	2845 : FF8001;
	2846 : FF8001;
	2847 : FF8001;
	2848 : FF8001;
	2849 : FF8001;
	2850 : FF8001;
	2851 : FF8001;
	2852 : FF8001;
	2853 : FF8001;
	2854 : FF8001;
	2855 : FF8001;
	2856 : FF8001;
	2857 : FF8001;
	2858 : FF8001;
	2859 : FF8001;
	2860 : FF8006;
	2861 : FF8017;
	2862 : FF802F;
	2863 : FF8048;
	2864 : FF8062;
	2865 : FF807C;
	2866 : FF8096;
	2867 : FF80B0;
	2868 : FF80CB;
	2869 : FF80E6;
	2870 : FF8101;
	2871 : FF811F;
	2872 : FF813C;
	2873 : FF8158;
	2874 : FF8175;
	2875 : FF8193;
	2876 : FF81B3;
	2877 : FF81D2;
	2878 : FF81F0;
	2879 : FF8210;
	2880 : FF822E;
	2881 : FF8250;
	2882 : FF8271;
	2883 : FF8292;
	2884 : FF82B3;
	2885 : FF82DE;
	2886 : FF831D;
	2887 : FF8365;
	2888 : FF83AE;
	2889 : FF83F7;
	2890 : FF8441;
	2891 : FF8490;
	2892 : FF84DA;
	2893 : FF8526;
	2894 : FF8572;
	2895 : FF85C3;
	2896 : FF8612;
	2897 : FF865F;
	2898 : FF86B0;
	2899 : FF8703;
	2900 : FF8755;
	2901 : FF87AB;
	2902 : FF8800;
	2903 : FF8852;
	2904 : FF88A9;
	2905 : FF8902;
	2906 : FF895B;
	2907 : FF89B5;
	2908 : FF8A09;
	2909 : FF8A63;
	2910 : FF8ABF;
	2911 : FF8B1C;
	2912 : FF8B78;
	2913 : FF8BD5;
	2914 : FF8C33;
	2915 : FF8C92;
	2916 : FF8CF3;
	2917 : FF8D58;
	2918 : FF8DB9;
	2919 : FF8E1A;
	2920 : FF8E7B;
	2921 : FF8EE2;
	2922 : FF8F47;
	2923 : FF8FAE;
	2924 : FF9015;
	2925 : FF9079;
	2926 : FF90E1;
	2927 : FF914C;
	2928 : FF91B3;
	2929 : FF9222;
	2930 : FF928A;
	2931 : FF92F8;
	2932 : FF9368;
	2933 : FF93D3;
	2934 : FF9441;
	2935 : FF94B3;
	2936 : FF9525;
	2937 : FF9596;
	2938 : FF9606;
	2939 : FF9679;
	2940 : FF96EE;
	2941 : FF9764;
	2942 : FF97D3;
	2943 : FF984B;
	2944 : FF98C3;
	2945 : FF993C;
	2946 : FF99B5;
	2947 : FF9A2E;
	2948 : FF9AAA;
	2949 : FF9B24;
	2950 : FF9B9E;
	2951 : FF9C16;
	2952 : FF9C93;
	2953 : FF9D11;
	2954 : FF9D91;
	2955 : FF9E0F;
	2956 : FF9E90;
	2957 : FF9F10;
	2958 : FF9F90;
	2959 : FFA013;
	2960 : FFA097;
	2961 : FFA119;
	2962 : FFA19C;
	2963 : FFA221;
	2964 : FFA2A6;
	2965 : FFA32B;
	2966 : FFA3B2;
	2967 : FFA439;
	2968 : FFA4C0;
	2969 : FFA547;
	2970 : FFA5D0;
	2971 : FFA655;
	2972 : FFA6DC;
	2973 : FFA767;
	2974 : FFA7F3;
	2975 : FFA87E;
	2976 : FFA90B;
	2977 : FFA997;
	2978 : FFAA25;
	2979 : FFAAAC;
	2980 : FFAB3B;
	2981 : FFABCA;
	2982 : FFAC5A;
	2983 : FFACE6;
	2984 : FFAD74;
	2985 : FFAE07;
	2986 : FFAE96;
	2987 : FFAF25;
	2988 : FFAFB9;
	2989 : FFB04C;
	2990 : FFB0D9;
	2991 : FFB169;
	2992 : FFB1FF;
	2993 : FFB28F;
	2994 : FFB326;
	2995 : FFB3B9;
	2996 : FFB44B;
	2997 : FFB4DE;
	2998 : FFB574;
	2999 : FFB60C;
	3000 : FFB6A0;
	3001 : FFB734;
	3002 : FFB7CA;
	3003 : FFB860;
	3004 : FFB8F7;
	3005 : FFB98D;
	3006 : FFBA21;
	3007 : FFBAB8;
	3008 : FFBB51;
	3009 : FFBBEB;
	3010 : FFBC81;
	3011 : FFBD18;
	3012 : FFBDB1;
	3013 : FFBE46;
	3014 : FFBEDE;
	3015 : FFBF7B;
	3016 : FFC011;
	3017 : FFC0A9;
	3018 : FFC141;
	3019 : FFC1DA;
	3020 : FFC273;
	3021 : FFC30C;
	3022 : FFC3A6;
	3023 : FFC43E;
	3024 : FFC4D6;
	3025 : FFC570;
	3026 : FFC607;
	3027 : FFC6A4;
	3028 : FFC73B;
	3029 : FFC7D3;
	3030 : FFC870;
	3031 : FFC904;
	3032 : FFC99C;
	3033 : FFCA36;
	3034 : FFCAD0;
	3035 : FFCB6C;
	3036 : FFCC03;
	3037 : FFCC9A;
	3038 : FFCD37;
	3039 : FFCDCC;
	3040 : FFCE63;
	3041 : FFCEFC;
	3042 : FFCF95;
	3043 : FFD02E;
	3044 : FFD0C7;
	3045 : FFD15F;
	3046 : FFD1F6;
	3047 : FFD28E;
	3048 : FFD327;
	3049 : FFD3BC;
	3050 : FFD452;
	3051 : FFD4E9;
	3052 : FFD580;
	3053 : FFD618;
	3054 : FFD6AC;
	3055 : FFD744;
	3056 : FFD7D8;
	3057 : FFD870;
	3058 : FFD907;
	3059 : FFD99C;
	3060 : FFDA31;
	3061 : FFDAC5;
	3062 : FFDB57;
	3063 : FFDBEE;
	3064 : FFDC7F;
	3065 : FFDD13;
	3066 : FFDDAA;
	3067 : FFDE3E;
	3068 : FFDECD;
	3069 : FFDF60;
	3070 : FFDFF1;
	3071 : FFE085;
	3072 : FFE118;
	3073 : FFE1A8;
	3074 : FFE23A;
	3075 : FFE2CB;
	3076 : FFE35E;
	3077 : FFE3EB;
	3078 : FFE47E;
	3079 : FFE50C;
	3080 : FFE59B;
	3081 : FFE629;
	3082 : FFE6B8;
	3083 : FFE748;
	3084 : FFE7D6;
	3085 : FFE861;
	3086 : FFE8EF;
	3087 : FFE97F;
	3088 : FFEA06;
	3089 : FFEA93;
	3090 : FFEB21;
	3091 : FFEBAB;
	3092 : FFEC39;
	3093 : FFECC4;
	3094 : FFED4D;
	3095 : FFEDD4;
	3096 : FFEE5E;
	3097 : FFEEE7;
	3098 : FFEF70;
	3099 : FFEFFB;
	3100 : FFF082;
	3101 : FFF10B;
	3102 : FFF18C;
	3103 : FFF216;
	3104 : FFF29B;
	3105 : FFF324;
	3106 : FFF3AA;
	3107 : FFF42B;
	3108 : FFF4AF;
	3109 : FFF535;
	3110 : FFF5BA;
	3111 : FFF63C;
	3112 : FFF6BF;
	3113 : FFF742;
	3114 : FFF7C5;
	3115 : FFF848;
	3116 : FFF8C8;
	3117 : FFF94A;
	3118 : FFF9CB;
	3119 : FFFA4B;
	3120 : FFFAC8;
	3121 : FFFB46;
	3122 : FFFBC6;
	3123 : FFFC43;
	3124 : FFFCC5;
	3125 : FFFD41;
	3126 : FFFDBD;
	3127 : FFFE3C;
	3128 : FFFEB5;
	3129 : FFFF33;
	3130 : FFFFAE;
	3131 : 000027;
	3132 : 0000A1;
	3133 : 00011C;
	3134 : 000194;
	3135 : 00020B;
	3136 : 000285;
	3137 : 0002FC;
	3138 : 000372;
	3139 : 0003E9;
	3140 : 000460;
	3141 : 0004D4;
	3142 : 00054B;
	3143 : 0005BF;
	3144 : 000633;
	3145 : 0006A8;
	3146 : 00071E;
	3147 : 000792;
	3148 : 000802;
	3149 : 000875;
	3150 : 0008EC;
	3151 : 00095E;
	3152 : 0009D2;
	3153 : 000A40;
	3154 : 000AB3;
	3155 : 000B28;
	3156 : 000B9A;
	3157 : 000C09;
	3158 : 000C79;
	3159 : 000CEB;
	3160 : 000D5D;
	3161 : 000DCE;
	3162 : 000E3B;
	3163 : 000EA8;
	3164 : 000F1C;
	3165 : 000F8B;
	3166 : 000FF6;
	3167 : 001064;
	3168 : 0010D4;
	3169 : 001142;
	3170 : 0011B0;
	3171 : 00121F;
	3172 : 00128B;
	3173 : 0012F7;
	3174 : 00135E;
	3175 : 0013CD;
	3176 : 00143C;
	3177 : 0014A7;
	3178 : 001510;
	3179 : 00157A;
	3180 : 0015E6;
	3181 : 001651;
	3182 : 0016BD;
	3183 : 001727;
	3184 : 00178F;
	3185 : 0017F9;
	3186 : 001866;
	3187 : 0018CF;
	3188 : 001938;
	3189 : 00199D;
	3190 : 001A07;
	3191 : 001A6E;
	3192 : 001AD8;
	3193 : 001B41;
	3194 : 001BA9;
	3195 : 001C11;
	3196 : 001C79;
	3197 : 001CE1;
	3198 : 001D45;
	3199 : 001DAF;
	3200 : 001E14;
	3201 : 001E7F;
	3202 : 001EE5;
	3203 : 001F4B;
	3204 : 001FAE;
	3205 : 002014;
	3206 : 00207C;
	3207 : 0020E3;
	3208 : 002147;
	3209 : 0021AC;
	3210 : 002215;
	3211 : 00227A;
	3212 : 0022DA;
	3213 : 002340;
	3214 : 0023A7;
	3215 : 00240A;
	3216 : 002471;
	3217 : 0024D6;
	3218 : 002539;
	3219 : 00259C;
	3220 : 002600;
	3221 : 002664;
	3222 : 0026C7;
	3223 : 002728;
	3224 : 00278D;
	3225 : 0027EE;
	3226 : 002854;
	3227 : 0028B7;
	3228 : 002919;
	3229 : 00297A;
	3230 : 0029DD;
	3231 : 002A3D;
	3232 : 002A9D;
	3233 : 002AFF;
	3234 : 002B5D;
	3235 : 002BBD;
	3236 : 002C21;
	3237 : 002C81;
	3238 : 002CE0;
	3239 : 002D3C;
	3240 : 002D9B;
	3241 : 002DFC;
	3242 : 002E59;
	3243 : 002EB8;
	3244 : 002F18;
	3245 : 002F74;
	3246 : 002FCF;
	3247 : 00302D;
	3248 : 00308A;
	3249 : 0030E7;
	3250 : 003144;
	3251 : 00319D;
	3252 : 0031FA;
	3253 : 003253;
	3254 : 0032B0;
	3255 : 00330B;
	3256 : 003364;
	3257 : 0033BD;
	3258 : 003415;
	3259 : 00346E;
	3260 : 0034C7;
	3261 : 00351C;
	3262 : 003575;
	3263 : 0035CD;
	3264 : 003622;
	3265 : 003677;
	3266 : 0036CE;
	3267 : 003724;
	3268 : 003778;
	3269 : 0037CC;
	3270 : 003820;
	3271 : 003872;
	3272 : 0038C2;
	3273 : 003915;
	3274 : 003964;
	3275 : 0039B7;
	3276 : 003A06;
	3277 : 003A59;
	3278 : 003AA8;
	3279 : 003AF6;
	3280 : 003B43;
	3281 : 003B91;
	3282 : 003BDF;
	3283 : 003C2B;
	3284 : 003C78;
	3285 : 003CBF;
	3286 : 003D0C;
	3287 : 003D53;
	3288 : 003D9F;
	3289 : 003DE6;
	3290 : 003E31;
	3291 : 003E78;
	3292 : 003EBD;
	3293 : 003F02;
	3294 : 003F47;
	3295 : 003F8B;
	3296 : 003FD1;
	3297 : 004013;
	3298 : 004050;
	3299 : 004095;
	3300 : 0040D8;
	3301 : 004115;
	3302 : 004156;
	3303 : 004194;
	3304 : 0041D0;
	3305 : 00420E;
	3306 : 00424C;
	3307 : 004286;
	3308 : 0042C0;
	3309 : 0042F9;
	3310 : 004332;
	3311 : 00436A;
	3312 : 0043A2;
	3313 : 0043D5;
	3314 : 00440B;
	3315 : 004442;
	3316 : 004473;
	3317 : 0044A6;
	3318 : 0044D8;
	3319 : 004508;
	3320 : 00453B;
	3321 : 004569;
	3322 : 004599;
	3323 : 0045C6;
	3324 : 0045F0;
	3325 : 00461B;
	3326 : 004645;
	3327 : 00466F;
	3328 : 004697;
	3329 : 0046BF;
	3330 : 0046E6;
	3331 : 00470C;
	3332 : 004732;
	3333 : 004755;
	3334 : 004773;
	3335 : 004797;
	3336 : 0047B9;
	3337 : 0047DB;
	3338 : 0047F6;
	3339 : 004815;
	3340 : 004830;
	3341 : 004848;
	3342 : 004864;
	3343 : 00487E;
	3344 : 004895;
	3345 : 0048AF;
	3346 : 0048C3;
	3347 : 0048D7;
	3348 : 0048EB;
	3349 : 004900;
	3350 : 004912;
	3351 : 004922;
	3352 : 004930;
	3353 : 00493E;
	3354 : 00494B;
	3355 : 004958;
	3356 : 004963;
	3357 : 00496D;
	3358 : 004977;
	3359 : 00497F;
	3360 : 004981;
	3361 : 004988;
	3362 : 00498D;
	3363 : 004992;
	3364 : 004991;
	3365 : 004992;
	3366 : 004994;
	3367 : 004994;
	3368 : 004990;
	3369 : 00498B;
	3370 : 004989;
	3371 : 004984;
	3372 : 00497A;
	3373 : 004974;
	3374 : 004968;
	3375 : 00495F;
	3376 : 004952;
	3377 : 004947;
	3378 : 004939;
	3379 : 00492A;
	3380 : 00491B;
	3381 : 004908;
	3382 : 0048F7;
	3383 : 0048E3;
	3384 : 0048D1;
	3385 : 0048B9;
	3386 : 0048A1;
	3387 : 00488B;
	3388 : 004871;
	3389 : 004859;
	3390 : 00483D;
	3391 : 004820;
	3392 : 004802;
	3393 : 0047E5;
	3394 : 0047C5;
	3395 : 0047A4;
	3396 : 004785;
	3397 : 004762;
	3398 : 004742;
	3399 : 00471B;
	3400 : 0046F3;
	3401 : 0046CE;
	3402 : 0046A5;
	3403 : 00467B;
	3404 : 004652;
	3405 : 004628;
	3406 : 0045FC;
	3407 : 0045D1;
	3408 : 0045A0;
	3409 : 004570;
	3410 : 004542;
	3411 : 00450F;
	3412 : 0044DE;
	3413 : 0044AB;
	3414 : 004477;
	3415 : 004442;
	3416 : 004409;
	3417 : 0043D1;
	3418 : 00439A;
	3419 : 004361;
	3420 : 004324;
	3421 : 0042E9;
	3422 : 0042AA;
	3423 : 00426D;
	3424 : 00422C;
	3425 : 0041EC;
	3426 : 0041AC;
	3427 : 004169;
	3428 : 004124;
	3429 : 0040E0;
	3430 : 00409A;
	3431 : 004050;
	3432 : 004008;
	3433 : 003FC0;
	3434 : 003F77;
	3435 : 003F2B;
	3436 : 003EDA;
	3437 : 003E8C;
	3438 : 003E3D;
	3439 : 003DEE;
	3440 : 003D9E;
	3441 : 003D4C;
	3442 : 003CF9;
	3443 : 003CA5;
	3444 : 003C51;
	3445 : 003C00;
	3446 : 003BA8;
	3447 : 003B4E;
	3448 : 003AF5;
	3449 : 003A9B;
	3450 : 003A44;
	3451 : 0039E8;
	3452 : 00398B;
	3453 : 00392F;
	3454 : 0038D4;
	3455 : 003875;
	3456 : 003818;
	3457 : 0037B6;
	3458 : 003759;
	3459 : 0036F6;
	3460 : 003697;
	3461 : 003636;
	3462 : 0035D5;
	3463 : 003570;
	3464 : 00350B;
	3465 : 0034A8;
	3466 : 003445;
	3467 : 0033E1;
	3468 : 00337B;
	3469 : 003315;
	3470 : 0032AE;
	3471 : 003246;
	3472 : 0031DD;
	3473 : 003173;
	3474 : 00310E;
	3475 : 0030A5;
	3476 : 00303A;
	3477 : 002FD1;
	3478 : 002F67;
	3479 : 002EFB;
	3480 : 002E92;
	3481 : 002E27;
	3482 : 002DB8;
	3483 : 002D4D;
	3484 : 002CE2;
	3485 : 002C70;
	3486 : 002C03;
	3487 : 002B95;
	3488 : 002B27;
	3489 : 002AB8;
	3490 : 002A4B;
	3491 : 0029DF;
	3492 : 00296E;
	3493 : 0028FC;
	3494 : 00288C;
	3495 : 00281F;
	3496 : 0027AC;
	3497 : 00273E;
	3498 : 0026CA;
	3499 : 00265A;
	3500 : 0025E8;
	3501 : 002577;
	3502 : 002506;
	3503 : 002497;
	3504 : 002426;
	3505 : 0023B5;
	3506 : 002345;
	3507 : 0022D3;
	3508 : 002261;
	3509 : 0021EF;
	3510 : 002181;
	3511 : 002110;
	3512 : 00209D;
	3513 : 00202D;
	3514 : 001FBD;
	3515 : 001F4C;
	3516 : 001EDE;
	3517 : 001E70;
	3518 : 001E00;
	3519 : 001D8C;
	3520 : 001D1E;
	3521 : 001CAF;
	3522 : 001C3F;
	3523 : 001BD5;
	3524 : 001B67;
	3525 : 001AF6;
	3526 : 001A86;
	3527 : 001A19;
	3528 : 0019AD;
	3529 : 00193E;
	3530 : 0018D4;
	3531 : 001869;
	3532 : 0017F8;
	3533 : 00178E;
	3534 : 001722;
	3535 : 0016B7;
	3536 : 00164C;
	3537 : 0015E0;
	3538 : 001575;
	3539 : 00150D;
	3540 : 0014A5;
	3541 : 001439;
	3542 : 0013CF;
	3543 : 001369;
	3544 : 001303;
	3545 : 001297;
	3546 : 001231;
	3547 : 0011CA;
	3548 : 001163;
	3549 : 0010FD;
	3550 : 001097;
	3551 : 001030;
	3552 : 000FCA;
	3553 : 000F66;
	3554 : 000F04;
	3555 : 000E9E;
	3556 : 000E3D;
	3557 : 000DD7;
	3558 : 000D75;
	3559 : 000D15;
	3560 : 000CB4;
	3561 : 000C4F;
	3562 : 000BEC;
	3563 : 000B8C;
	3564 : 000B2E;
	3565 : 000AD1;
	3566 : 000A71;
	3567 : 000A11;
	3568 : 0009B5;
	3569 : 000955;
	3570 : 0008FB;
	3571 : 00089B;
	3572 : 00083E;
	3573 : 0007E4;
	3574 : 00078A;
	3575 : 000730;
	3576 : 0006D5;
	3577 : 00067B;
	3578 : 000622;
	3579 : 0005CC;
	3580 : 000572;
	3581 : 000519;
	3582 : 0004C3;
	3583 : 00046A;
	3584 : 000415;
	3585 : 0003C1;
	3586 : 00036D;
	3587 : 000319;
	3588 : 0002C5;
	3589 : 000271;
	3590 : 00021D;
	3591 : 0001CA;
	3592 : 000178;
	3593 : 000129;
	3594 : 0000D7;
	3595 : 000088;
	3596 : 000037;
	3597 : FFFFE7;
	3598 : FFFF9A;
	3599 : FFFF4D;
	3600 : FFFF00;
	3601 : FFFEB3;
	3602 : FFFE65;
	3603 : FFFE19;
	3604 : FFFDCE;
	3605 : FFFD86;
	3606 : FFFD3A;
	3607 : FFFCF2;
	3608 : FFFCA7;
	3609 : FFFC5D;
	3610 : FFFC17;
	3611 : FFFBCD;
	3612 : FFFB85;
	3613 : FFFB3F;
	3614 : FFFAF9;
	3615 : FFFAB5;
	3616 : FFFA73;
	3617 : FFFA2C;
	3618 : FFF9E7;
	3619 : FFF9A7;
	3620 : FFF962;
	3621 : FFF920;
	3622 : FFF8E0;
	3623 : FFF89C;
	3624 : FFF85B;
	3625 : FFF81B;
	3626 : FFF7DB;
	3627 : FFF79C;
	3628 : FFF75E;
	3629 : FFF724;
	3630 : FFF6E4;
	3631 : FFF6A5;
	3632 : FFF66B;
	3633 : FFF62D;
	3634 : FFF5F4;
	3635 : FFF5BA;
	3636 : FFF580;
	3637 : FFF544;
	3638 : FFF508;
	3639 : FFF4CF;
	3640 : FFF497;
	3641 : FFF462;
	3642 : FFF42A;
	3643 : FFF3F0;
	3644 : FFF3B7;
	3645 : FFF383;
	3646 : FFF34F;
	3647 : FFF317;
	3648 : FFF2E1;
	3649 : FFF2AD;
	3650 : FFF279;
	3651 : FFF245;
	3652 : FFF211;
	3653 : FFF1DD;
	3654 : FFF1A8;
	3655 : FFF174;
	3656 : FFF13F;
	3657 : FFF110;
	3658 : FFF0DD;
	3659 : FFF0AD;
	3660 : FFF07B;
	3661 : FFF04A;
	3662 : FFF01B;
	3663 : FFEFEC;
	3664 : FFEFBD;
	3665 : FFEF8D;
	3666 : FFEF5E;
	3667 : FFEF2F;
	3668 : FFEF01;
	3669 : FFEED0;
	3670 : FFEEA5;
	3671 : FFEE77;
	3672 : FFEE4B;
	3673 : FFEE1D;
	3674 : FFEDF1;
	3675 : FFEDC6;
	3676 : FFED9B;
	3677 : FFED6F;
	3678 : FFED40;
	3679 : FFED14;
	3680 : FFECEA;
	3681 : FFECC4;
	3682 : FFEC99;
	3683 : FFEC6D;
	3684 : FFEC42;
	3685 : FFEC1A;
	3686 : FFEBEF;
	3687 : FFEBC6;
	3688 : FFEB9F;
	3689 : FFEB78;
	3690 : FFEB4F;
	3691 : FFEB24;
	3692 : FFEAFC;
	3693 : FFEAD5;
	3694 : FFEAAD;
	3695 : FFEA85;
	3696 : FFEA60;
	3697 : FFEA3A;
	3698 : FFEA12;
	3699 : FFE9EC;
	3700 : FFE9C6;
	3701 : FFE99E;
	3702 : FFE979;
	3703 : FFE951;
	3704 : FFE92D;
	3705 : FFE908;
	3706 : FFE8E4;
	3707 : FFE8BE;
	3708 : FFE89A;
	3709 : FFE874;
	3710 : FFE84F;
	3711 : FFE82A;
	3712 : FFE805;
	3713 : FFE7E1;
	3714 : FFE7BF;
	3715 : FFE79A;
	3716 : FFE778;
	3717 : FFE752;
	3718 : FFE730;
	3719 : FFE70F;
	3720 : FFE6E9;
	3721 : FFE6C5;
	3722 : FFE6A3;
	3723 : FFE681;
	3724 : FFE65E;
	3725 : FFE63C;
	3726 : FFE61A;
	3727 : FFE5FB;
	3728 : FFE5D9;
	3729 : FFE5B5;
	3730 : FFE591;
	3731 : FFE572;
	3732 : FFE550;
	3733 : FFE530;
	3734 : FFE510;
	3735 : FFE4EE;
	3736 : FFE4CC;
	3737 : FFE4AD;
	3738 : FFE48D;
	3739 : FFE46D;
	3740 : FFE44E;
	3741 : FFE42E;
	3742 : FFE40D;
	3743 : FFE3ED;
	3744 : FFE3CD;
	3745 : FFE3AD;
	3746 : FFE390;
	3747 : FFE371;
	3748 : FFE352;
	3749 : FFE334;
	3750 : FFE315;
	3751 : FFE2F7;
	3752 : FFE2D7;
	3753 : FFE2BA;
	3754 : FFE29E;
	3755 : FFE27D;
	3756 : FFE25F;
	3757 : FFE242;
	3758 : FFE226;
	3759 : FFE208;
	3760 : FFE1EB;
	3761 : FFE1CF;
	3762 : FFE1B3;
	3763 : FFE19A;
	3764 : FFE17C;
	3765 : FFE15E;
	3766 : FFE140;
	3767 : FFE127;
	3768 : FFE10A;
	3769 : FFE0F1;
	3770 : FFE0D4;
	3771 : FFE0B9;
	3772 : FFE0A0;
	3773 : FFE084;
	3774 : FFE068;
	3775 : FFE050;
	3776 : FFE036;
	3777 : FFE01C;
	3778 : FFE003;
	3779 : FFDFEB;
	3780 : FFDFD0;
	3781 : FFDFB6;
	3782 : FFDF9D;
	3783 : FFDF83;
	3784 : FFDF6D;
	3785 : FFDF55;
	3786 : FFDF3B;
	3787 : FFDF24;
	3788 : FFDF0E;
	3789 : FFDEF5;
	3790 : FFDEE1;
	3791 : FFDEC6;
	3792 : FFDEB1;
	3793 : FFDE99;
	3794 : FFDE83;
	3795 : FFDE6D;
	3796 : FFDE56;
	3797 : FFDE40;
	3798 : FFDE2C;
	3799 : FFDE17;
	3800 : FFDE03;
	3801 : FFDDEE;
	3802 : FFDDDA;
	3803 : FFDDC5;
	3804 : FFDDB1;
	3805 : FFDD9E;
	3806 : FFDD89;
	3807 : FFDD75;
	3808 : FFDD61;
	3809 : FFDD51;
	3810 : FFDD3F;
	3811 : FFDD2B;
	3812 : FFDD18;
	3813 : FFDD06;
	3814 : FFDCF7;
	3815 : FFDCE4;
	3816 : FFDCD5;
	3817 : FFDCC2;
	3818 : FFDCB4;
	3819 : FFDCA3;
	3820 : FFDC93;
	3821 : FFDC83;
	3822 : FFDC73;
	3823 : FFDC66;
	3824 : FFDC57;
	3825 : FFDC46;
	3826 : FFDC3A;
	3827 : FFDC2D;
	3828 : FFDC21;
	3829 : FFDC0F;
	3830 : FFDC03;
	3831 : FFDBF7;
	3832 : FFDBEB;
	3833 : FFDBDF;
	3834 : FFDBD4;
	3835 : FFDBC8;
	3836 : FFDBBD;
	3837 : FFDBB2;
	3838 : FFDBA8;
	3839 : FFDB9D;
	3840 : FFDB93;
	3841 : FFDB88;
	3842 : FFDB7F;
	3843 : FFDB76;
	3844 : FFDB6C;
	3845 : FFDB67;
	3846 : FFDB5F;
	3847 : FFDB57;
	3848 : FFDB4E;
	3849 : FFDB48;
	3850 : FFDB43;
	3851 : FFDB3B;
	3852 : FFDB33;
	3853 : FFDB2D;
	3854 : FFDB2A;
	3855 : FFDB24;
	3856 : FFDB1E;
	3857 : FFDB1B;
	3858 : FFDB18;
	3859 : FFDB12;
	3860 : FFDB0F;
	3861 : FFDB0D;
	3862 : FFDB0A;
	3863 : FFDB09;
	3864 : FFDB05;
	3865 : FFDB05;
	3866 : FFDB02;
	3867 : FFDB03;
	3868 : FFDB00;
	3869 : FFDB01;
	3870 : FFDB02;
	3871 : FFDB02;
	3872 : FFDB03;
	3873 : FFDB03;
	3874 : FFDB05;
	3875 : FFDB05;
	3876 : FFDB09;
	3877 : FFDB0D;
	3878 : FFDB0E;
	3879 : FFDB12;
	3880 : FFDB15;
	3881 : FFDB1A;
	3882 : FFDB1F;
	3883 : FFDB24;
	3884 : FFDB28;
	3885 : FFDB2F;
	3886 : FFDB35;
	3887 : FFDB38;
	3888 : FFDB40;
	3889 : FFDB48;
	3890 : FFDB51;
	3891 : FFDB55;
	3892 : FFDB5D;
	3893 : FFDB67;
	3894 : FFDB71;
	3895 : FFDB78;
	3896 : FFDB80;
	3897 : FFDB8B;
	3898 : FFDB95;
	3899 : FFDBA0;
	3900 : FFDBA7;
	3901 : FFDBB3;
	3902 : FFDBBF;
	3903 : FFDBCC;
	3904 : FFDBD9;
	3905 : FFDBE6;
	3906 : FFDBF0;
	3907 : FFDBFC;
	3908 : FFDC0B;
	3909 : FFDC19;
	3910 : FFDC28;
	3911 : FFDC37;
	3912 : FFDC45;
	3913 : FFDC52;
	3914 : FFDC61;
	3915 : FFDC72;
	3916 : FFDC83;
	3917 : FFDC94;
	3918 : FFDCA5;
	3919 : FFDCB7;
	3920 : FFDCCA;
	3921 : FFDCDC;
	3922 : FFDCEE;
	3923 : FFDD01;
	3924 : FFDD14;
	3925 : FFDD28;
	3926 : FFDD3C;
	3927 : FFDD50;
	3928 : FFDD65;
	3929 : FFDD7A;
	3930 : FFDD8C;
	3931 : FFDDA1;
	3932 : FFDDB8;
	3933 : FFDDCF;
	3934 : FFDDE5;
	3935 : FFDDFD;
	3936 : FFDE16;
	3937 : FFDE2D;
	3938 : FFDE46;
	3939 : FFDE5F;
	3940 : FFDE78;
	3941 : FFDE95;
	3942 : FFDEB1;
	3943 : FFDECB;
	3944 : FFDEE5;
	3945 : FFDF00;
	3946 : FFDF1B;
	3947 : FFDF37;
	3948 : FFDF53;
	3949 : FFDF70;
	3950 : FFDF8E;
	3951 : FFDFAB;
	3952 : FFDFC9;
	3953 : FFDFE8;
	3954 : FFE006;
	3955 : FFE025;
	3956 : FFE045;
	3957 : FFE066;
	3958 : FFE086;
	3959 : FFE0A8;
	3960 : FFE0C9;
	3961 : FFE0EC;
	3962 : FFE113;
	3963 : FFE135;
	3964 : FFE158;
	3965 : FFE17C;
	3966 : FFE1A0;
	3967 : FFE1C5;
	3968 : FFE1E9;
	3969 : FFE20E;
	3970 : FFE235;
	3971 : FFE25C;
	3972 : FFE283;
	3973 : FFE2AA;
	3974 : FFE2D4;
	3975 : FFE300;
	3976 : FFE328;
	3977 : FFE352;
	3978 : FFE37B;
	3979 : FFE3A5;
	3980 : FFE3D0;
	3981 : FFE3FB;
	3982 : FFE427;
	3983 : FFE453;
	3984 : FFE47F;
	3985 : FFE4AB;
	3986 : FFE4D9;
	3987 : FFE507;
	3988 : FFE534;
	3989 : FFE563;
	3990 : FFE592;
	3991 : FFE5C2;
	3992 : FFE5F1;
	3993 : FFE621;
	3994 : FFE651;
	3995 : FFE682;
	3996 : FFE6B3;
	3997 : FFE6E4;
	3998 : FFE715;
	3999 : FFE747;
	4000 : FFE779;
	4001 : FFE7AB;
	4002 : FFE7DF;
	4003 : FFE811;
	4004 : FFE844;
	4005 : FFE877;
	4006 : FFE8AB;
	4007 : FFE8DF;
	4008 : FFE912;
	4009 : FFE946;
	4010 : FFE97B;
	4011 : FFE9B0;
	4012 : FFE9E4;
	4013 : FFEA19;
	4014 : FFEA49;
	4015 : FFEA7E;
	4016 : FFEAB4;
	4017 : FFEAEA;
	4018 : FFEB21;
	4019 : FFEB57;
	4020 : FFEB8B;
	4021 : FFEBBE;
	4022 : FFEBF4;
	4023 : FFEC2C;
	4024 : FFEC62;
	4025 : FFEC95;
	4026 : FFECCC;
	4027 : FFED03;
	4028 : FFED3C;
	4029 : FFED70;
	4030 : FFEDA7;
	4031 : FFEDDE;
	4032 : FFEE14;
	4033 : FFEE4A;
	4034 : FFEE81;
	4035 : FFEEB5;
	4036 : FFEEEE;
	4037 : FFEF21;
	4038 : FFEF5A;
	4039 : FFEF8E;
	4040 : FFEFC6;
	4041 : FFEFFC;
	4042 : FFF033;
	4043 : FFF069;
	4044 : FFF09F;
	4045 : FFF0D7;
	4046 : FFF10B;
	4047 : FFF141;
	4048 : FFF179;
	4049 : FFF1AD;
	4050 : FFF1E1;
	4051 : FFF214;
	4052 : FFF24E;
	4053 : FFF283;
	4054 : FFF2B7;
	4055 : FFF2EA;
	4056 : FFF31E;
	4057 : FFF352;
	4058 : FFF386;
	4059 : FFF3BB;
	4060 : FFF3EE;
	4061 : FFF421;
	4062 : FFF455;
	4063 : FFF489;
	4064 : FFF4BD;
	4065 : FFF4F0;
	4066 : FFF524;
	4067 : FFF557;
	4068 : FFF587;
	4069 : FFF5B7;
	4070 : FFF5EA;
	4071 : FFF61D;
	4072 : FFF64B;
	4073 : FFF67D;
	4074 : FFF6B1;
	4075 : FFF6DE;
	4076 : FFF711;
	4077 : FFF73F;
	4078 : FFF770;
	4079 : FFF79F;
	4080 : FFF7CF;
	4081 : FFF7FF;
	4082 : FFF82C;
	4083 : FFF859;
	4084 : FFF887;
	4085 : FFF8B9;
	4086 : FFF8E7;
	4087 : FFF913;
	4088 : FFF93F;
	4089 : FFF96D;
	4090 : FFF999;
	4091 : FFF9C6;
	4092 : FFF9F3;
	4093 : FFFA1F;
	4094 : FFFA49;
	4095 : FFFA72;
	4096 : FFFA9F;
	4097 : FFFACC;
	4098 : FFFAF8;
	4099 : FFFB20;
	4100 : FFFB4C;
	4101 : FFFB73;
	4102 : FFFB9F;
	4103 : FFFBC8;
	4104 : FFFBF1;
	4105 : FFFC1B;
	4106 : FFFC42;
	4107 : FFFC69;
	4108 : FFFC92;
	4109 : FFFCBE;
	4110 : FFFCE4;
	4111 : FFFD0B;
	4112 : FFFD31;
	4113 : FFFD59;
	4114 : FFFD7E;
	4115 : FFFDA2;
	4116 : FFFDC7;
	4117 : FFFDEF;
	4118 : FFFE15;
	4119 : FFFE3A;
	4120 : FFFE5D;
	4121 : FFFE83;
	4122 : FFFEA4;
	4123 : FFFECC;
	4124 : FFFEED;
	4125 : FFFF10;
	4126 : FFFF36;
	4127 : FFFF59;
	4128 : FFFF7A;
	4129 : FFFF9C;
	4130 : FFFFBD;
	4131 : FFFFDF;
	4132 : 000001;
	4133 : 000023;
	4134 : 000045;
	4135 : 000066;
	4136 : 000083;
	4137 : 0000A5;
	4138 : 0000C7;
	4139 : 0000E4;
	4140 : 000101;
	4141 : 000122;
	4142 : 000141;
	4143 : 000161;
	4144 : 000182;
	4145 : 00019E;
	4146 : 0001BB;
	4147 : 0001D7;
	4148 : 0001F6;
	4149 : 000213;
	4150 : 000231;
	4151 : 00024E;
	4152 : 000268;
	4153 : 000284;
	4154 : 0002A2;
	4155 : 0002BD;
	4156 : 0002D8;
	4157 : 0002F5;
	4158 : 00030E;
	4159 : 000327;
	4160 : 000347;
	4161 : 00035F;
	4162 : 000379;
	4163 : 000392;
	4164 : 0003AC;
	4165 : 0003C6;
	4166 : 0003DF;
	4167 : 0003F9;
	4168 : 000414;
	4169 : 00042D;
	4170 : 000443;
	4171 : 00045E;
	4172 : 000478;
	4173 : 00048E;
	4174 : 0004A9;
	4175 : 0004BF;
	4176 : 0004D7;
	4177 : 0004ED;
	4178 : 000508;
	4179 : 000521;
	4180 : 000538;
	4181 : 000550;
	4182 : 000567;
	4183 : 000580;
	4184 : 000598;
	4185 : 0005AA;
	4186 : 0005C3;
	4187 : 0005DC;
	4188 : 0005F2;
	4189 : 00060A;
	4190 : 000620;
	4191 : 000638;
	4192 : 000650;
	4193 : 000667;
	4194 : 000680;
	4195 : 000696;
	4196 : 0006AC;
	4197 : 0006C2;
	4198 : 0006D9;
	4199 : 0006F0;
	4200 : 000707;
	4201 : 00071F;
	4202 : 000736;
	4203 : 00074B;
	4204 : 000761;
	4205 : 000779;
	4206 : 000791;
	4207 : 0007A6;
	4208 : 0007C0;
	4209 : 0007D5;
	4210 : 0007EF;
	4211 : 000804;
	4212 : 00081A;
	4213 : 00082F;
	4214 : 000846;
	4215 : 000860;
	4216 : 000879;
	4217 : 00088F;
	4218 : 0008A3;
	4219 : 0008BB;
	4220 : 0008D4;
	4221 : 0008ED;
	4222 : 000906;
	4223 : 00091E;
	4224 : 000934;
	4225 : 00094D;
	4226 : 000964;
	4227 : 00097D;
	4228 : 000995;
	4229 : 0009AC;
	4230 : 0009C4;
	4231 : 0009DF;
	4232 : 0009F6;
	4233 : 000A0E;
	4234 : 000A28;
	4235 : 000A40;
	4236 : 000A59;
	4237 : 000A73;
	4238 : 000A8D;
	4239 : 000AA7;
	4240 : 000AC2;
	4241 : 000ADA;
	4242 : 000AF2;
	4243 : 000B0E;
	4244 : 000B29;
	4245 : 000B41;
	4246 : 000B5E;
	4247 : 000B76;
	4248 : 000B94;
	4249 : 000BAD;
	4250 : 000BC6;
	4251 : 000BE3;
	4252 : 000BFF;
	4253 : 000C19;
	4254 : 000C34;
	4255 : 000C4F;
	4256 : 000C6B;
	4257 : 000C86;
	4258 : 000CA3;
	4259 : 000CBF;
	4260 : 000CDC;
	4261 : 000CF9;
	4262 : 000D16;
	4263 : 000D31;
	4264 : 000D4D;
	4265 : 000D6B;
	4266 : 000D87;
	4267 : 000DA3;
	4268 : 000DC1;
	4269 : 000DDC;
	4270 : 000DF7;
	4271 : 000E18;
	4272 : 000E34;
	4273 : 000E50;
	4274 : 000E70;
	4275 : 000E8F;
	4276 : 000EAB;
	4277 : 000EC8;
	4278 : 000EE6;
	4279 : 000F05;
	4280 : 000F23;
	4281 : 000F41;
	4282 : 000F60;
	4283 : 000F7F;
	4284 : 000F9E;
	4285 : 000FBD;
	4286 : 000FD9;
	4287 : 000FF8;
	4288 : 001018;
	4289 : 001036;
	4290 : 001054;
	4291 : 001074;
	4292 : 001091;
	4293 : 0010B2;
	4294 : 0010CF;
	4295 : 0010F1;
	4296 : 00110E;
	4297 : 00112C;
	4298 : 00114E;
	4299 : 00116C;
	4300 : 00118B;
	4301 : 0011A9;
	4302 : 0011C7;
	4303 : 0011E6;
	4304 : 001206;
	4305 : 001225;
	4306 : 001244;
	4307 : 001263;
	4308 : 001283;
	4309 : 0012A3;
	4310 : 0012C3;
	4311 : 0012E3;
	4312 : 001302;
	4313 : 00131F;
	4314 : 00133D;
	4315 : 00135E;
	4316 : 00137D;
	4317 : 001399;
	4318 : 0013BA;
	4319 : 0013DA;
	4320 : 0013F6;
	4321 : 001413;
	4322 : 001434;
	4323 : 001450;
	4324 : 001470;
	4325 : 00148E;
	4326 : 0014AB;
	4327 : 0014C9;
	4328 : 0014E9;
	4329 : 001506;
	4330 : 001523;
	4331 : 00153F;
	4332 : 001561;
	4333 : 00157E;
	4334 : 00159A;
	4335 : 0015B7;
	4336 : 0015D4;
	4337 : 0015F0;
	4338 : 00160D;
	4339 : 001629;
	4340 : 001646;
	4341 : 001662;
	4342 : 00167E;
	4343 : 00169A;
	4344 : 0016B1;
	4345 : 0016CE;
	4346 : 0016EB;
	4347 : 001706;
	4348 : 00171F;
	4349 : 001739;
	4350 : 001755;
	4351 : 00176F;
	4352 : 001788;
	4353 : 0017A3;
	4354 : 0017BD;
	4355 : 0017D4;
	4356 : 0017EF;
	4357 : 001805;
	4358 : 001821;
	4359 : 001837;
	4360 : 001850;
	4361 : 001867;
	4362 : 00187D;
	4363 : 001895;
	4364 : 0018AC;
	4365 : 0018C1;
	4366 : 0018D8;
	4367 : 0018F0;
	4368 : 001904;
	4369 : 001918;
	4370 : 00192C;
	4371 : 001945;
	4372 : 001959;
	4373 : 00196B;
	4374 : 00197F;
	4375 : 001992;
	4376 : 0019A5;
	4377 : 0019B9;
	4378 : 0019CE;
	4379 : 0019DF;
	4380 : 0019F1;
	4381 : 001A01;
	4382 : 001A12;
	4383 : 001A23;
	4384 : 001A33;
	4385 : 001A43;
	4386 : 001A50;
	4387 : 001A5D;
	4388 : 001A6D;
	4389 : 001A7C;
	4390 : 001A8B;
	4391 : 001A99;
	4392 : 001AA7;
	4393 : 001AB4;
	4394 : 001AC1;
	4395 : 001ACA;
	4396 : 001AD6;
	4397 : 001AE3;
	4398 : 001AEE;
	4399 : 001AF9;
	4400 : 001B03;
	4401 : 001B0C;
	4402 : 001B16;
	4403 : 001B1F;
	4404 : 001B28;
	4405 : 001B2D;
	4406 : 001B37;
	4407 : 001B3F;
	4408 : 001B42;
	4409 : 001B49;
	4410 : 001B51;
	4411 : 001B55;
	4412 : 001B59;
	4413 : 001B60;
	4414 : 001B64;
	4415 : 001B65;
	4416 : 001B6B;
	4417 : 001B6F;
	4418 : 001B6F;
	4419 : 001B72;
	4420 : 001B72;
	4421 : 001B75;
	4422 : 001B73;
	4423 : 001B74;
	4424 : 001B76;
	4425 : 001B75;
	4426 : 001B73;
	4427 : 001B73;
	4428 : 001B6F;
	4429 : 001B6E;
	4430 : 001B68;
	4431 : 001B68;
	4432 : 001B61;
	4433 : 001B60;
	4434 : 001B59;
	4435 : 001B55;
	4436 : 001B51;
	4437 : 001B4B;
	4438 : 001B43;
	4439 : 001B3D;
	4440 : 001B35;
	4441 : 001B2E;
	4442 : 001B24;
	4443 : 001B1D;
	4444 : 001B11;
	4445 : 001B0A;
	4446 : 001AFE;
	4447 : 001AF4;
	4448 : 001AE9;
	4449 : 001ADD;
	4450 : 001AD1;
	4451 : 001AC4;
	4452 : 001AB8;
	4453 : 001AA9;
	4454 : 001A9D;
	4455 : 001A8C;
	4456 : 001A7F;
	4457 : 001A6E;
	4458 : 001A60;
	4459 : 001A4F;
	4460 : 001A3F;
	4461 : 001A2D;
	4462 : 001A1B;
	4463 : 001A0A;
	4464 : 0019F6;
	4465 : 0019E4;
	4466 : 0019CF;
	4467 : 0019BD;
	4468 : 0019AB;
	4469 : 001993;
	4470 : 00197F;
	4471 : 001967;
	4472 : 001952;
	4473 : 00193B;
	4474 : 001923;
	4475 : 00190D;
	4476 : 0018F5;
	4477 : 0018DA;
	4478 : 0018C2;
	4479 : 0018A7;
	4480 : 00188F;
	4481 : 001876;
	4482 : 001858;
	4483 : 00183D;
	4484 : 001823;
	4485 : 001805;
	4486 : 0017E8;
	4487 : 0017CC;
	4488 : 0017AE;
	4489 : 00178E;
	4490 : 001771;
	4491 : 001753;
	4492 : 001735;
	4493 : 001711;
	4494 : 0016F2;
	4495 : 0016D2;
	4496 : 0016B2;
	4497 : 001691;
	4498 : 00166D;
	4499 : 001649;
	4500 : 001627;
	4501 : 001605;
	4502 : 0015E2;
	4503 : 0015BF;
	4504 : 00159B;
	4505 : 001577;
	4506 : 001552;
	4507 : 00152D;
	4508 : 001508;
	4509 : 0014DE;
	4510 : 0014B5;
	4511 : 001490;
	4512 : 00146B;
	4513 : 001446;
	4514 : 00141B;
	4515 : 0013F8;
	4516 : 0013CF;
	4517 : 0013A7;
	4518 : 00137D;
	4519 : 001353;
	4520 : 00132A;
	4521 : 001300;
	4522 : 0012D5;
	4523 : 0012AE;
	4524 : 001286;
	4525 : 00125B;
	4526 : 00122F;
	4527 : 001204;
	4528 : 0011DD;
	4529 : 0011B0;
	4530 : 001183;
	4531 : 00115B;
	4532 : 00112E;
	4533 : 001100;
	4534 : 0010D7;
	4535 : 0010AA;
	4536 : 00107F;
	4537 : 001054;
	4538 : 001026;
	4539 : 000FFB;
	4540 : 000FCD;
	4541 : 000FA2;
	4542 : 000F71;
	4543 : 000F47;
	4544 : 000F17;
	4545 : 000EEB;
	4546 : 000EC0;
	4547 : 000E91;
	4548 : 000E63;
	4549 : 000E37;
	4550 : 000E0A;
	4551 : 000DDB;
	4552 : 000DAF;
	4553 : 000D82;
	4554 : 000D55;
	4555 : 000D28;
	4556 : 000CFC;
	4557 : 000CCA;
	4558 : 000C9C;
	4559 : 000C6F;
	4560 : 000C43;
	4561 : 000C15;
	4562 : 000BE8;
	4563 : 000BBA;
	4564 : 000B8D;
	4565 : 000B61;
	4566 : 000B39;
	4567 : 000B0B;
	4568 : 000ADD;
	4569 : 000AAF;
	4570 : 000A81;
	4571 : 000A53;
	4572 : 000A28;
	4573 : 0009FD;
	4574 : 0009CF;
	4575 : 0009A2;
	4576 : 000979;
	4577 : 00094A;
	4578 : 00091C;
	4579 : 0008F3;
	4580 : 0008C7;
	4581 : 00089D;
	4582 : 000870;
	4583 : 000845;
	4584 : 00081D;
	4585 : 0007F1;
	4586 : 0007C5;
	4587 : 00079A;
	4588 : 00076E;
	4589 : 000745;
	4590 : 00071D;
	4591 : 0006F4;
	4592 : 0006C6;
	4593 : 00069D;
	4594 : 000675;
	4595 : 00064C;
	4596 : 000624;
	4597 : 0005FB;
	4598 : 0005D3;
	4599 : 0005AB;
	4600 : 000583;
	4601 : 00055A;
	4602 : 000532;
	4603 : 000509;
	4604 : 0004E2;
	4605 : 0004BA;
	4606 : 000492;
	4607 : 00046F;
	4608 : 000449;
	4609 : 000421;
	4610 : 0003F9;
	4611 : 0003D3;
	4612 : 0003B0;
	4613 : 000388;
	4614 : 000362;
	4615 : 000340;
	4616 : 000319;
	4617 : 0002F6;
	4618 : 0002D1;
	4619 : 0002AE;
	4620 : 00028C;
	4621 : 000267;
	4622 : 000243;
	4623 : 00021F;
	4624 : 0001FA;
	4625 : 0001D9;
	4626 : 0001B8;
	4627 : 000196;
	4628 : 000175;
	4629 : 00014F;
	4630 : 00012E;
	4631 : 00010D;
	4632 : 0000ED;
	4633 : 0000CC;
	4634 : 0000AC;
	4635 : 00008B;
	4636 : 00006A;
	4637 : 00004B;
	4638 : 00002B;
	4639 : 00000B;
	4640 : FFFFF1;
	4641 : FFFFD1;
	4642 : FFFFB1;
	4643 : FFFF91;
	4644 : FFFF75;
	4645 : FFFF58;
	4646 : FFFF38;
	4647 : FFFF1B;
	4648 : FFFEFF;
	4649 : FFFEE1;
	4650 : FFFEC6;
	4651 : FFFEA7;
	4652 : FFFE8E;
	4653 : FFFE6E;
	4654 : FFFE54;
	4655 : FFFE3B;
	4656 : FFFE1D;
	4657 : FFFE03;
	4658 : FFFDE9;
	4659 : FFFDCE;
	4660 : FFFDB1;
	4661 : FFFD99;
	4662 : FFFD80;
	4663 : FFFD67;
	4664 : FFFD4E;
	4665 : FFFD35;
	4666 : FFFD1D;
	4667 : FFFD04;
	4668 : FFFCEC;
	4669 : FFFCD3;
	4670 : FFFCBA;
	4671 : FFFCA2;
	4672 : FFFC8B;
	4673 : FFFC72;
	4674 : FFFC5C;
	4675 : FFFC48;
	4676 : FFFC31;
	4677 : FFFC1A;
	4678 : FFFC01;
	4679 : FFFBEF;
	4680 : FFFBD9;
	4681 : FFFBC4;
	4682 : FFFBAF;
	4683 : FFFB9A;
	4684 : FFFB86;
	4685 : FFFB71;
	4686 : FFFB5D;
	4687 : FFFB47;
	4688 : FFFB35;
	4689 : FFFB1E;
	4690 : FFFB0C;
	4691 : FFFAFA;
	4692 : FFFAE9;
	4693 : FFFAD3;
	4694 : FFFAC0;
	4695 : FFFAAE;
	4696 : FFFA9C;
	4697 : FFFA8B;
	4698 : FFFA79;
	4699 : FFFA68;
	4700 : FFFA56;
	4701 : FFFA44;
	4702 : FFFA32;
	4703 : FFFA21;
	4704 : FFFA0F;
	4705 : FFF9FD;
	4706 : FFF9EC;
	4707 : FFF9DA;
	4708 : FFF9CC;
	4709 : FFF9BD;
	4710 : FFF9AC;
	4711 : FFF99A;
	4712 : FFF98A;
	4713 : FFF97D;
	4714 : FFF96C;
	4715 : FFF95F;
	4716 : FFF94E;
	4717 : FFF940;
	4718 : FFF930;
	4719 : FFF921;
	4720 : FFF912;
	4721 : FFF902;
	4722 : FFF8F3;
	4723 : FFF8E4;
	4724 : FFF8D7;
	4725 : FFF8CA;
	4726 : FFF8B8;
	4727 : FFF8AB;
	4728 : FFF89F;
	4729 : FFF892;
	4730 : FFF881;
	4731 : FFF872;
	4732 : FFF866;
	4733 : FFF859;
	4734 : FFF84C;
	4735 : FFF83F;
	4736 : FFF832;
	4737 : FFF825;
	4738 : FFF818;
	4739 : FFF80B;
	4740 : FFF7FD;
	4741 : FFF7F0;
	4742 : FFF7E6;
	4743 : FFF7DA;
	4744 : FFF7CC;
	4745 : FFF7BE;
	4746 : FFF7B3;
	4747 : FFF7A8;
	4748 : FFF799;
	4749 : FFF78B;
	4750 : FFF77F;
	4751 : FFF776;
	4752 : FFF767;
	4753 : FFF75E;
	4754 : FFF750;
	4755 : FFF745;
	4756 : FFF738;
	4757 : FFF72D;
	4758 : FFF721;
	4759 : FFF714;
	4760 : FFF70B;
	4761 : FFF6FF;
	4762 : FFF6F2;
	4763 : FFF6E7;
	4764 : FFF6DD;
	4765 : FFF6CE;
	4766 : FFF6C4;
	4767 : FFF6B9;
	4768 : FFF6AE;
	4769 : FFF6A4;
	4770 : FFF69A;
	4771 : FFF68D;
	4772 : FFF67E;
	4773 : FFF674;
	4774 : FFF669;
	4775 : FFF65F;
	4776 : FFF653;
	4777 : FFF649;
	4778 : FFF63D;
	4779 : FFF632;
	4780 : FFF62A;
	4781 : FFF621;
	4782 : FFF615;
	4783 : FFF609;
	4784 : FFF5FE;
	4785 : FFF5F4;
	4786 : FFF5EB;
	4787 : FFF5DF;
	4788 : FFF5D3;
	4789 : FFF5C7;
	4790 : FFF5BF;
	4791 : FFF5B4;
	4792 : FFF5A8;
	4793 : FFF59E;
	4794 : FFF594;
	4795 : FFF58A;
	4796 : FFF580;
	4797 : FFF575;
	4798 : FFF56C;
	4799 : FFF561;
	4800 : FFF559;
	4801 : FFF54C;
	4802 : FFF543;
	4803 : FFF53A;
	4804 : FFF52E;
	4805 : FFF524;
	4806 : FFF51C;
	4807 : FFF511;
	4808 : FFF505;
	4809 : FFF4FD;
	4810 : FFF4F4;
	4811 : FFF4E7;
	4812 : FFF4DE;
	4813 : FFF4D6;
	4814 : FFF4CD;
	4815 : FFF4C4;
	4816 : FFF4BB;
	4817 : FFF4B2;
	4818 : FFF4A6;
	4819 : FFF49A;
	4820 : FFF492;
	4821 : FFF489;
	4822 : FFF47F;
	4823 : FFF476;
	4824 : FFF46E;
	4825 : FFF464;
	4826 : FFF45C;
	4827 : FFF456;
	4828 : FFF44D;
	4829 : FFF443;
	4830 : FFF43A;
	4831 : FFF430;
	4832 : FFF427;
	4833 : FFF41F;
	4834 : FFF419;
	4835 : FFF40E;
	4836 : FFF405;
	4837 : FFF3FC;
	4838 : FFF3F2;
	4839 : FFF3ED;
	4840 : FFF3E3;
	4841 : FFF3DA;
	4842 : FFF3D3;
	4843 : FFF3CB;
	4844 : FFF3C4;
	4845 : FFF3BD;
	4846 : FFF3B3;
	4847 : FFF3AA;
	4848 : FFF3A5;
	4849 : FFF39B;
	4850 : FFF396;
	4851 : FFF38C;
	4852 : FFF386;
	4853 : FFF37E;
	4854 : FFF377;
	4855 : FFF36F;
	4856 : FFF368;
	4857 : FFF362;
	4858 : FFF35C;
	4859 : FFF353;
	4860 : FFF34E;
	4861 : FFF344;
	4862 : FFF33F;
	4863 : FFF33A;
	4864 : FFF332;
	4865 : FFF32C;
	4866 : FFF327;
	4867 : FFF321;
	4868 : FFF31A;
	4869 : FFF313;
	4870 : FFF30E;
	4871 : FFF309;
	4872 : FFF304;
	4873 : FFF2FF;
	4874 : FFF2F6;
	4875 : FFF2F1;
	4876 : FFF2EC;
	4877 : FFF2E8;
	4878 : FFF2E3;
	4879 : FFF2DF;
	4880 : FFF2DA;
	4881 : FFF2D5;
	4882 : FFF2CF;
	4883 : FFF2C7;
	4884 : FFF2C3;
	4885 : FFF2BF;
	4886 : FFF2BC;
	4887 : FFF2B8;
	4888 : FFF2B4;
	4889 : FFF2B0;
	4890 : FFF2AD;
	4891 : FFF2A9;
	4892 : FFF2A5;
	4893 : FFF2A4;
	4894 : FFF2A2;
	4895 : FFF29E;
	4896 : FFF29B;
	4897 : FFF297;
	4898 : FFF293;
	4899 : FFF291;
	4900 : FFF28D;
	4901 : FFF28A;
	4902 : FFF287;
	4903 : FFF288;
	4904 : FFF286;
	4905 : FFF283;
	4906 : FFF280;
	4907 : FFF27E;
	4908 : FFF27C;
	4909 : FFF27A;
	4910 : FFF27C;
	4911 : FFF27B;
	4912 : FFF278;
	4913 : FFF276;
	4914 : FFF275;
	4915 : FFF276;
	4916 : FFF275;
	4917 : FFF274;
	4918 : FFF274;
	4919 : FFF276;
	4920 : FFF275;
	4921 : FFF273;
	4922 : FFF273;
	4923 : FFF276;
	4924 : FFF276;
	4925 : FFF274;
	4926 : FFF277;
	4927 : FFF278;
	4928 : FFF277;
	4929 : FFF279;
	4930 : FFF27C;
	4931 : FFF27C;
	4932 : FFF27D;
	4933 : FFF280;
	4934 : FFF280;
	4935 : FFF281;
	4936 : FFF286;
	4937 : FFF287;
	4938 : FFF287;
	4939 : FFF28B;
	4940 : FFF28D;
	4941 : FFF28F;
	4942 : FFF292;
	4943 : FFF296;
	4944 : FFF299;
	4945 : FFF29E;
	4946 : FFF2A0;
	4947 : FFF2A2;
	4948 : FFF2A8;
	4949 : FFF2AA;
	4950 : FFF2AD;
	4951 : FFF2B2;
	4952 : FFF2B6;
	4953 : FFF2BC;
	4954 : FFF2C0;
	4955 : FFF2C3;
	4956 : FFF2C8;
	4957 : FFF2CE;
	4958 : FFF2D3;
	4959 : FFF2DA;
	4960 : FFF2DE;
	4961 : FFF2E5;
	4962 : FFF2E9;
	4963 : FFF2ED;
	4964 : FFF2F5;
	4965 : FFF2FA;
	4966 : FFF301;
	4967 : FFF308;
	4968 : FFF30D;
	4969 : FFF313;
	4970 : FFF31B;
	4971 : FFF321;
	4972 : FFF32A;
	4973 : FFF32F;
	4974 : FFF335;
	4975 : FFF33E;
	4976 : FFF345;
	4977 : FFF34E;
	4978 : FFF356;
	4979 : FFF35C;
	4980 : FFF365;
	4981 : FFF36E;
	4982 : FFF375;
	4983 : FFF380;
	4984 : FFF387;
	4985 : FFF38E;
	4986 : FFF39A;
	4987 : FFF3A2;
	4988 : FFF3AD;
	4989 : FFF3B6;
	4990 : FFF3BE;
	4991 : FFF3C8;
	4992 : FFF3D3;
	4993 : FFF3DD;
	4994 : FFF3E8;
	4995 : FFF3F0;
	4996 : FFF3F9;
	4997 : FFF407;
	4998 : FFF410;
	4999 : FFF419;
	5000 : FFF426;
	5001 : FFF431;
	5002 : FFF43D;
	5003 : FFF449;
	5004 : FFF453;
	5005 : FFF45E;
	5006 : FFF46C;
	5007 : FFF476;
	5008 : FFF481;
	5009 : FFF490;
	5010 : FFF49B;
	5011 : FFF4A6;
	5012 : FFF4B5;
	5013 : FFF4C1;
	5014 : FFF4CD;
	5015 : FFF4DB;
	5016 : FFF4E9;
	5017 : FFF4F4;
	5018 : FFF502;
	5019 : FFF511;
	5020 : FFF51D;
	5021 : FFF52A;
	5022 : FFF53C;
	5023 : FFF548;
	5024 : FFF556;
	5025 : FFF566;
	5026 : FFF574;
	5027 : FFF581;
	5028 : FFF58F;
	5029 : FFF59E;
	5030 : FFF5AF;
	5031 : FFF5BD;
	5032 : FFF5CC;
	5033 : FFF5DF;
	5034 : FFF5EC;
	5035 : FFF5FB;
	5036 : FFF60A;
	5037 : FFF61C;
	5038 : FFF62C;
	5039 : FFF63B;
	5040 : FFF64B;
	5041 : FFF65C;
	5042 : FFF66F;
	5043 : FFF67E;
	5044 : FFF68D;
	5045 : FFF69E;
	5046 : FFF6B2;
	5047 : FFF6C2;
	5048 : FFF6D2;
	5049 : FFF6E2;
	5050 : FFF6F3;
	5051 : FFF706;
	5052 : FFF719;
	5053 : FFF72A;
	5054 : FFF73B;
	5055 : FFF74B;
	5056 : FFF75D;
	5057 : FFF76F;
	5058 : FFF784;
	5059 : FFF796;
	5060 : FFF7A7;
	5061 : FFF7B9;
	5062 : FFF7CA;
	5063 : FFF7DC;
	5064 : FFF7F1;
	5065 : FFF805;
	5066 : FFF817;
	5067 : FFF829;
	5068 : FFF83B;
	5069 : FFF84D;
	5070 : FFF860;
	5071 : FFF872;
	5072 : FFF885;
	5073 : FFF897;
	5074 : FFF8AA;
	5075 : FFF8C1;
	5076 : FFF8D5;
	5077 : FFF8E7;
	5078 : FFF8FA;
	5079 : FFF90D;
	5080 : FFF920;
	5081 : FFF933;
	5082 : FFF946;
	5083 : FFF959;
	5084 : FFF96C;
	5085 : FFF97F;
	5086 : FFF992;
	5087 : FFF9A6;
	5088 : FFF9B9;
	5089 : FFF9CC;
	5090 : FFF9E0;
	5091 : FFF9F4;
	5092 : FFFA07;
	5093 : FFFA1B;
	5094 : FFFA2E;
	5095 : FFFA42;
	5096 : FFFA55;
	5097 : FFFA69;
	5098 : FFFA7C;
	5099 : FFFA8D;
	5100 : FFFA9F;
	5101 : FFFAB3;
	5102 : FFFAC7;
	5103 : FFFADB;
	5104 : FFFAEE;
	5105 : FFFB03;
	5106 : FFFB16;
	5107 : FFFB2A;
	5108 : FFFB3D;
	5109 : FFFB4D;
	5110 : FFFB60;
	5111 : FFFB74;
	5112 : FFFB87;
	5113 : FFFB9B;
	5114 : FFFBAC;
	5115 : FFFBBE;
	5116 : FFFBD2;
	5117 : FFFBE6;
	5118 : FFFBF9;
	5119 : FFFC0D;
	5120 : FFFC1C;
	5121 : FFFC2F;
	5122 : FFFC43;
	5123 : FFFC53;
	5124 : FFFC65;
	5125 : FFFC79;
	5126 : FFFC8A;
	5127 : FFFC9B;
	5128 : FFFCAF;
	5129 : FFFCC1;
	5130 : FFFCD1;
	5131 : FFFCE5;
	5132 : FFFCF7;
	5133 : FFFD06;
	5134 : FFFD1A;
	5135 : FFFD2D;
	5136 : FFFD3C;
	5137 : FFFD4E;
	5138 : FFFD5F;
	5139 : FFFD6F;
	5140 : FFFD81;
	5141 : FFFD91;
	5142 : FFFDA3;
	5143 : FFFDB1;
	5144 : FFFDC5;
	5145 : FFFDD3;
	5146 : FFFDE7;
	5147 : FFFDF5;
	5148 : FFFE07;
	5149 : FFFE17;
	5150 : FFFE28;
	5151 : FFFE38;
	5152 : FFFE46;
	5153 : FFFE56;
	5154 : FFFE67;
	5155 : FFFE75;
	5156 : FFFE84;
	5157 : FFFE96;
	5158 : FFFEA4;
	5159 : FFFEB3;
	5160 : FFFEC5;
	5161 : FFFED3;
	5162 : FFFEE1;
	5163 : FFFEEF;
	5164 : FFFEFF;
	5165 : FFFF10;
	5166 : FFFF1D;
	5167 : FFFF2B;
	5168 : FFFF39;
	5169 : FFFF47;
	5170 : FFFF58;
	5171 : FFFF66;
	5172 : FFFF74;
	5173 : FFFF81;
	5174 : FFFF8F;
	5175 : FFFF9C;
	5176 : FFFFAA;
	5177 : FFFFB7;
	5178 : FFFFC4;
	5179 : FFFFD1;
	5180 : FFFFDE;
	5181 : FFFFEC;
	5182 : FFFFFA;
	5183 : 000007;
	5184 : 000014;
	5185 : 000021;
	5186 : 00002E;
	5187 : 00003B;
	5188 : 000045;
	5189 : 000050;
	5190 : 00005D;
	5191 : 00006A;
	5192 : 000078;
	5193 : 000084;
	5194 : 00008B;
	5195 : 000099;
	5196 : 0000A6;
	5197 : 0000B3;
	5198 : 0000BC;
	5199 : 0000C7;
	5200 : 0000D5;
	5201 : 0000DF;
	5202 : 0000E9;
	5203 : 0000F4;
	5204 : 0000FD;
	5205 : 00010A;
	5206 : 000117;
	5207 : 00011F;
	5208 : 00012B;
	5209 : 000133;
	5210 : 00013F;
	5211 : 000148;
	5212 : 000150;
	5213 : 00015B;
	5214 : 000166;
	5215 : 00016F;
	5216 : 00017B;
	5217 : 000183;
	5218 : 00018B;
	5219 : 000199;
	5220 : 0001A1;
	5221 : 0001A8;
	5222 : 0001B0;
	5223 : 0001BC;
	5224 : 0001C5;
	5225 : 0001CD;
	5226 : 0001D5;
	5227 : 0001DD;
	5228 : 0001E6;
	5229 : 0001EE;
	5230 : 0001F6;
	5231 : 000203;
	5232 : 00020B;
	5233 : 000213;
	5234 : 00021A;
	5235 : 000222;
	5236 : 00022A;
	5237 : 000232;
	5238 : 000238;
	5239 : 00023E;
	5240 : 000247;
	5241 : 00024E;
	5242 : 000256;
	5243 : 000260;
	5244 : 000268;
	5245 : 00026C;
	5246 : 000274;
	5247 : 00027D;
	5248 : 000284;
	5249 : 00028A;
	5250 : 000290;
	5251 : 000299;
	5252 : 0002A1;
	5253 : 0002A5;
	5254 : 0002AF;
	5255 : 0002B7;
	5256 : 0002BB;
	5257 : 0002C4;
	5258 : 0002C9;
	5259 : 0002D0;
	5260 : 0002D6;
	5261 : 0002DD;
	5262 : 0002E4;
	5263 : 0002EA;
	5264 : 0002F2;
	5265 : 0002F7;
	5266 : 0002FF;
	5267 : 000304;
	5268 : 000309;
	5269 : 000312;
	5270 : 000318;
	5271 : 00031D;
	5272 : 000324;
	5273 : 00032B;
	5274 : 000330;
	5275 : 000335;
	5276 : 00033A;
	5277 : 000341;
	5278 : 00034A;
	5279 : 00034F;
	5280 : 000355;
	5281 : 00035A;
	5282 : 000360;
	5283 : 000365;
	5284 : 00036B;
	5285 : 000371;
	5286 : 000377;
	5287 : 00037D;
	5288 : 000383;
	5289 : 000388;
	5290 : 00038F;
	5291 : 000395;
	5292 : 00039C;
	5293 : 0003A1;
	5294 : 0003A8;
	5295 : 0003AE;
	5296 : 0003B4;
	5297 : 0003B8;
	5298 : 0003BD;
	5299 : 0003C3;
	5300 : 0003CA;
	5301 : 0003D1;
	5302 : 0003D7;
	5303 : 0003DA;
	5304 : 0003E1;
	5305 : 0003E7;
	5306 : 0003EB;
	5307 : 0003F2;
	5308 : 0003F9;
	5309 : 0003FD;
	5310 : 000404;
	5311 : 00040B;
	5312 : 000410;
	5313 : 000415;
	5314 : 00041B;
	5315 : 000420;
	5316 : 000428;
	5317 : 00042B;
	5318 : 000433;
	5319 : 000437;
	5320 : 00043E;
	5321 : 000444;
	5322 : 00044A;
	5323 : 000450;
	5324 : 000455;
	5325 : 00045B;
	5326 : 000462;
	5327 : 000466;
	5328 : 00046B;
	5329 : 000474;
	5330 : 000478;
	5331 : 00047E;
	5332 : 000485;
	5333 : 00048B;
	5334 : 000490;
	5335 : 000495;
	5336 : 00049A;
	5337 : 0004A0;
	5338 : 0004A8;
	5339 : 0004AE;
	5340 : 0004B3;
	5341 : 0004B9;
	5342 : 0004BD;
	5343 : 0004C3;
	5344 : 0004C8;
	5345 : 0004CF;
	5346 : 0004D7;
	5347 : 0004DE;
	5348 : 0004E3;
	5349 : 0004E9;
	5350 : 0004EE;
	5351 : 0004F4;
	5352 : 0004FA;
	5353 : 000500;
	5354 : 000505;
	5355 : 000508;
	5356 : 00050D;
	5357 : 000514;
	5358 : 00051A;
	5359 : 000521;
	5360 : 000527;
	5361 : 00052D;
	5362 : 000534;
	5363 : 000539;
	5364 : 00053C;
	5365 : 000542;
	5366 : 00054A;
	5367 : 000550;
	5368 : 000556;
	5369 : 00055A;
	5370 : 00055F;
	5371 : 000566;
	5372 : 00056C;
	5373 : 000571;
	5374 : 000575;
	5375 : 00057B;
	5376 : 000581;
	5377 : 000585;
	5378 : 00058C;
	5379 : 000593;
	5380 : 000595;
	5381 : 00059C;
	5382 : 0005A2;
	5383 : 0005A6;
	5384 : 0005AC;
	5385 : 0005B1;
	5386 : 0005B6;
	5387 : 0005BB;
	5388 : 0005BF;
	5389 : 0005C6;
	5390 : 0005C9;
	5391 : 0005D0;
	5392 : 0005D3;
	5393 : 0005DA;
	5394 : 0005DE;
	5395 : 0005E4;
	5396 : 0005E8;
	5397 : 0005ED;
	5398 : 0005F3;
	5399 : 0005F7;
	5400 : 0005FC;
	5401 : 0005FF;
	5402 : 000603;
	5403 : 00060A;
	5404 : 00060D;
	5405 : 000613;
	5406 : 000617;
	5407 : 00061A;
	5408 : 00061F;
	5409 : 000623;
	5410 : 000626;
	5411 : 00062B;
	5412 : 000630;
	5413 : 000633;
	5414 : 000637;
	5415 : 00063A;
	5416 : 000640;
	5417 : 000643;
	5418 : 000646;
	5419 : 000649;
	5420 : 00064E;
	5421 : 000652;
	5422 : 000654;
	5423 : 000657;
	5424 : 00065B;
	5425 : 000660;
	5426 : 000663;
	5427 : 000665;
	5428 : 000667;
	5429 : 00066A;
	5430 : 00066C;
	5431 : 000672;
	5432 : 000675;
	5433 : 000677;
	5434 : 000679;
	5435 : 00067B;
	5436 : 00067D;
	5437 : 00067F;
	5438 : 000681;
	5439 : 000683;
	5440 : 000685;
	5441 : 00068A;
	5442 : 00068C;
	5443 : 00068E;
	5444 : 000690;
	5445 : 000691;
	5446 : 000693;
	5447 : 000694;
	5448 : 000695;
	5449 : 000697;
	5450 : 000698;
	5451 : 000699;
	5452 : 00069A;
	5453 : 00069B;
	5454 : 00069C;
	5455 : 00069D;
	5456 : 00069E;
	5457 : 00069F;
	5458 : 0006A0;
	5459 : 0006A0;
	5460 : 0006A1;
	5461 : 0006A1;
	5462 : 0006A2;
	5463 : 0006A2;
	5464 : 0006A2;
	5465 : 0006A2;
	5466 : 0006A3;
	5467 : 0006A3;
	5468 : 0006A0;
	5469 : 00069F;
	5470 : 00069F;
	5471 : 00069F;
	5472 : 00069F;
	5473 : 00069E;
	5474 : 00069E;
	5475 : 00069D;
	5476 : 00069C;
	5477 : 00069C;
	5478 : 00069B;
	5479 : 00069A;
	5480 : 000696;
	5481 : 000694;
	5482 : 000692;
	5483 : 000692;
	5484 : 000691;
	5485 : 00068F;
	5486 : 00068D;
	5487 : 00068B;
	5488 : 000689;
	5489 : 000683;
	5490 : 000683;
	5491 : 000681;
	5492 : 00067E;
	5493 : 00067C;
	5494 : 00067A;
	5495 : 000677;
	5496 : 000673;
	5497 : 00066F;
	5498 : 00066D;
	5499 : 00066A;
	5500 : 000667;
	5501 : 000664;
	5502 : 000661;
	5503 : 00065A;
	5504 : 000657;
	5505 : 000654;
	5506 : 000651;
	5507 : 00064D;
	5508 : 000648;
	5509 : 000643;
	5510 : 00063F;
	5511 : 00063C;
	5512 : 000638;
	5513 : 000634;
	5514 : 000630;
	5515 : 000627;
	5516 : 000623;
	5517 : 000620;
	5518 : 00061B;
	5519 : 000617;
	5520 : 000612;
	5521 : 00060C;
	5522 : 000605;
	5523 : 000600;
	5524 : 0005FB;
	5525 : 0005F6;
	5526 : 0005F0;
	5527 : 0005E8;
	5528 : 0005E3;
	5529 : 0005DD;
	5530 : 0005D8;
	5531 : 0005D2;
	5532 : 0005CC;
	5533 : 0005C5;
	5534 : 0005BD;
	5535 : 0005B8;
	5536 : 0005B2;
	5537 : 0005AC;
	5538 : 0005A5;
	5539 : 00059F;
	5540 : 000595;
	5541 : 00058F;
	5542 : 000589;
	5543 : 000581;
	5544 : 00057B;
	5545 : 000574;
	5546 : 00056C;
	5547 : 000563;
	5548 : 00055C;
	5549 : 000554;
	5550 : 00054E;
	5551 : 000547;
	5552 : 00053F;
	5553 : 000538;
	5554 : 00052E;
	5555 : 000525;
	5556 : 00051D;
	5557 : 000516;
	5558 : 00050E;
	5559 : 000507;
	5560 : 0004FE;
	5561 : 0004F6;
	5562 : 0004EE;
	5563 : 0004E5;
	5564 : 0004DA;
	5565 : 0004D2;
	5566 : 0004CA;
	5567 : 0004C1;
	5568 : 0004B9;
	5569 : 0004B0;
	5570 : 0004A8;
	5571 : 00049F;
	5572 : 000496;
	5573 : 00048E;
	5574 : 000484;
	5575 : 00047B;
	5576 : 00046E;
	5577 : 000466;
	5578 : 00045D;
	5579 : 000453;
	5580 : 00044A;
	5581 : 000441;
	5582 : 000438;
	5583 : 00042F;
	5584 : 000426;
	5585 : 00041C;
	5586 : 000412;
	5587 : 000409;
	5588 : 000400;
	5589 : 0003F6;
	5590 : 0003EC;
	5591 : 0003E1;
	5592 : 0003D8;
	5593 : 0003CE;
	5594 : 0003C4;
	5595 : 0003BA;
	5596 : 0003B1;
	5597 : 0003A7;
	5598 : 00039D;
	5599 : 000393;
	5600 : 000389;
	5601 : 00037E;
	5602 : 000378;
	5603 : 00036D;
	5604 : 000363;
	5605 : 000359;
	5606 : 00034F;
	5607 : 000344;
	5608 : 00033A;
	5609 : 000330;
	5610 : 000325;
	5611 : 00031A;
	5612 : 000310;
	5613 : 000309;
	5614 : 0002FF;
	5615 : 0002F4;
	5616 : 0002E9;
	5617 : 0002DF;
	5618 : 0002D5;
	5619 : 0002CA;
	5620 : 0002C2;
	5621 : 0002B9;
	5622 : 0002AE;
	5623 : 0002A3;
	5624 : 000299;
	5625 : 00028F;
	5626 : 000287;
	5627 : 00027D;
	5628 : 000273;
	5629 : 000268;
	5630 : 00025F;
	5631 : 000256;
	5632 : 00024B;
	5633 : 000241;
	5634 : 000237;
	5635 : 00022F;
	5636 : 000224;
	5637 : 00021A;
	5638 : 000212;
	5639 : 000208;
	5640 : 0001FE;
	5641 : 0001F5;
	5642 : 0001EC;
	5643 : 0001E1;
	5644 : 0001D8;
	5645 : 0001CF;
	5646 : 0001C5;
	5647 : 0001BB;
	5648 : 0001B3;
	5649 : 0001A8;
	5650 : 0001A2;
	5651 : 000197;
	5652 : 00018D;
	5653 : 000185;
	5654 : 00017C;
	5655 : 000173;
	5656 : 00016B;
	5657 : 000162;
	5658 : 000159;
	5659 : 000150;
	5660 : 000148;
	5661 : 00013E;
	5662 : 000137;
	5663 : 00012D;
	5664 : 000125;
	5665 : 00011C;
	5666 : 000114;
	5667 : 00010B;
	5668 : 000103;
	5669 : 0000FA;
	5670 : 0000F1;
	5671 : 0000EB;
	5672 : 0000E4;
	5673 : 0000DA;
	5674 : 0000D4;
	5675 : 0000CA;
	5676 : 0000C3;
	5677 : 0000BC;
	5678 : 0000B3;
	5679 : 0000AB;
	5680 : 0000A5;
	5681 : 00009C;
	5682 : 000094;
	5683 : 00008E;
	5684 : 000087;
	5685 : 000080;
	5686 : 000076;
	5687 : 000070;
	5688 : 00006A;
	5689 : 000061;
	5690 : 00005A;
	5691 : 000054;
	5692 : 00004E;
	5693 : 000047;
	5694 : 000040;
	5695 : 000038;
	5696 : 000032;
	5697 : 00002C;
	5698 : 000025;
	5699 : 000020;
	5700 : 000019;
	5701 : 000011;
	5702 : 00000A;
	5703 : 000005;
	5704 : FFFFFF;
	5705 : FFFFF9;
	5706 : FFFFF3;
	5707 : FFFFED;
	5708 : FFFFE7;
	5709 : FFFFE2;
	5710 : FFFFDC;
	5711 : FFFFD7;
	5712 : FFFFD1;
	5713 : FFFFCC;
	5714 : FFFFC5;
	5715 : FFFFC0;
	5716 : FFFFBA;
	5717 : FFFFB5;
	5718 : FFFFAF;
	5719 : FFFFAA;
	5720 : FFFFA4;
	5721 : FFFF9F;
	5722 : FFFF9A;
	5723 : FFFF94;
	5724 : FFFF90;
	5725 : FFFF8A;
	5726 : FFFF85;
	5727 : FFFF80;
	5728 : FFFF7D;
	5729 : FFFF79;
	5730 : FFFF74;
	5731 : FFFF6F;
	5732 : FFFF6A;
	5733 : FFFF65;
	5734 : FFFF60;
	5735 : FFFF5E;
	5736 : FFFF5A;
	5737 : FFFF55;
	5738 : FFFF51;
	5739 : FFFF4C;
	5740 : FFFF49;
	5741 : FFFF45;
	5742 : FFFF40;
	5743 : FFFF3C;
	5744 : FFFF38;
	5745 : FFFF36;
	5746 : FFFF31;
	5747 : FFFF2D;
	5748 : FFFF2C;
	5749 : FFFF27;
	5750 : FFFF22;
	5751 : FFFF20;
	5752 : FFFF1C;
	5753 : FFFF18;
	5754 : FFFF16;
	5755 : FFFF12;
	5756 : FFFF0F;
	5757 : FFFF0C;
	5758 : FFFF08;
	5759 : FFFF07;
	5760 : FFFF03;
	5761 : FFFEFF;
	5762 : FFFEFD;
	5763 : FFFEF9;
	5764 : FFFEF7;
	5765 : FFFEF4;
	5766 : FFFEF1;
	5767 : FFFEEE;
	5768 : FFFEEB;
	5769 : FFFEE9;
	5770 : FFFEE5;
	5771 : FFFEE4;
	5772 : FFFEE0;
	5773 : FFFEDF;
	5774 : FFFEDE;
	5775 : FFFEDA;
	5776 : FFFED8;
	5777 : FFFED5;
	5778 : FFFED3;
	5779 : FFFED2;
	5780 : FFFED0;
	5781 : FFFECC;
	5782 : FFFECB;
	5783 : FFFECA;
	5784 : FFFEC5;
	5785 : FFFEC5;
	5786 : FFFEC4;
	5787 : FFFEC0;
	5788 : FFFEBE;
	5789 : FFFEBD;
	5790 : FFFEBC;
	5791 : FFFEB9;
	5792 : FFFEB6;
	5793 : FFFEB5;
	5794 : FFFEB4;
	5795 : FFFEB3;
	5796 : FFFEAE;
	5797 : FFFEAE;
	5798 : FFFEAD;
	5799 : FFFEAC;
	5800 : FFFEAB;
	5801 : FFFEA8;
	5802 : FFFEA6;
	5803 : FFFEA5;
	5804 : FFFEA4;
	5805 : FFFEA2;
	5806 : FFFEA1;
	5807 : FFFEA0;
	5808 : FFFE9F;
	5809 : FFFE9D;
	5810 : FFFE9A;
	5811 : FFFE99;
	5812 : FFFE98;
	5813 : FFFE97;
	5814 : FFFE96;
	5815 : FFFE94;
	5816 : FFFE93;
	5817 : FFFE92;
	5818 : FFFE91;
	5819 : FFFE90;
	5820 : FFFE8F;
	5821 : FFFE8D;
	5822 : FFFE8D;
	5823 : FFFE8C;
	5824 : FFFE8A;
	5825 : FFFE89;
	5826 : FFFE88;
	5827 : FFFE86;
	5828 : FFFE85;
	5829 : FFFE84;
	5830 : FFFE84;
	5831 : FFFE84;
	5832 : FFFE83;
	5833 : FFFE81;
	5834 : FFFE81;
	5835 : FFFE7F;
	5836 : FFFE7E;
	5837 : FFFE7D;
	5838 : FFFE7B;
	5839 : FFFE7C;
	5840 : FFFE7C;
	5841 : FFFE7A;
	5842 : FFFE79;
	5843 : FFFE77;
	5844 : FFFE77;
	5845 : FFFE77;
	5846 : FFFE76;
	5847 : FFFE75;
	5848 : FFFE74;
	5849 : FFFE72;
	5850 : FFFE72;
	5851 : FFFE72;
	5852 : FFFE70;
	5853 : FFFE70;
	5854 : FFFE71;
	5855 : FFFE6F;
	5856 : FFFE6D;
	5857 : FFFE6D;
	5858 : FFFE6D;
	5859 : FFFE6C;
	5860 : FFFE6A;
	5861 : FFFE6A;
	5862 : FFFE6A;
	5863 : FFFE68;
	5864 : FFFE68;
	5865 : FFFE68;
	5866 : FFFE66;
	5867 : FFFE66;
	5868 : FFFE65;
	5869 : FFFE65;
	5870 : FFFE65;
	5871 : FFFE64;
	5872 : FFFE62;
	5873 : FFFE62;
	5874 : FFFE61;
	5875 : FFFE61;
	5876 : FFFE60;
	5877 : FFFE60;
	5878 : FFFE60;
	5879 : FFFE5F;
	5880 : FFFE5F;
	5881 : FFFE5E;
	5882 : FFFE5D;
	5883 : FFFE5D;
	5884 : FFFE5D;
	5885 : FFFE5B;
	5886 : FFFE5B;
	5887 : FFFE5A;
	5888 : FFFE5A;
	5889 : FFFE59;
	5890 : FFFE59;
	5891 : FFFE58;
	5892 : FFFE57;
	5893 : FFFE57;
	5894 : FFFE56;
	5895 : FFFE56;
	5896 : FFFE55;
	5897 : FFFE55;
	5898 : FFFE56;
	5899 : FFFE54;
	5900 : FFFE54;
	5901 : FFFE53;
	5902 : FFFE53;
	5903 : FFFE54;
	5904 : FFFE53;
	5905 : FFFE52;
	5906 : FFFE53;
	5907 : FFFE52;
	5908 : FFFE51;
	5909 : FFFE51;
	5910 : FFFE52;
	5911 : FFFE50;
	5912 : FFFE50;
	5913 : FFFE51;
	5914 : FFFE50;
	5915 : FFFE4F;
	5916 : FFFE50;
	5917 : FFFE4F;
	5918 : FFFE4E;
	5919 : FFFE4E;
	5920 : FFFE4F;
	5921 : FFFE4F;
	5922 : FFFE4D;
	5923 : FFFE4D;
	5924 : FFFE4E;
	5925 : FFFE4C;
	5926 : FFFE4C;
	5927 : FFFE4D;
	5928 : FFFE4D;
	5929 : FFFE4C;
	5930 : FFFE4C;
	5931 : FFFE4C;
	5932 : FFFE4C;
	5933 : FFFE4C;
	5934 : FFFE4D;
	5935 : FFFE4B;
	5936 : FFFE4B;
	5937 : FFFE4C;
	5938 : FFFE4C;
	5939 : FFFE4D;
	5940 : FFFE4D;
	5941 : FFFE4C;
	5942 : FFFE4B;
	5943 : FFFE4C;
	5944 : FFFE4C;
	5945 : FFFE4C;
	5946 : FFFE4D;
	5947 : FFFE4D;
	5948 : FFFE4C;
	5949 : FFFE4C;
	5950 : FFFE4C;
	5951 : FFFE4C;
	5952 : FFFE4D;
	5953 : FFFE4D;
	5954 : FFFE4E;
	5955 : FFFE4E;
	5956 : FFFE4D;
	5957 : FFFE4D;
	5958 : FFFE4D;
	5959 : FFFE4E;
	5960 : FFFE4E;
	5961 : FFFE4F;
	5962 : FFFE4F;
	5963 : FFFE50;
	5964 : FFFE50;
	5965 : FFFE51;
	5966 : FFFE51;
	5967 : FFFE51;
	5968 : FFFE52;
	5969 : FFFE52;
	5970 : FFFE52;
	5971 : FFFE51;
	5972 : FFFE51;
	5973 : FFFE52;
	5974 : FFFE53;
	5975 : FFFE54;
	5976 : FFFE54;
	5977 : FFFE55;
	5978 : FFFE56;
	5979 : FFFE56;
	5980 : FFFE57;
	5981 : FFFE58;
	5982 : FFFE58;
	5983 : FFFE59;
	5984 : FFFE59;
	5985 : FFFE5A;
	5986 : FFFE5B;
	5987 : FFFE5B;
	5988 : FFFE5C;
	5989 : FFFE5D;
	5990 : FFFE5E;
	5991 : FFFE5F;
	5992 : FFFE5F;
	5993 : FFFE60;
	5994 : FFFE60;
	5995 : FFFE61;
	5996 : FFFE62;
	5997 : FFFE63;
	5998 : FFFE64;
	5999 : FFFE65;
	6000 : FFFE66;
	6001 : FFFE68;
	6002 : FFFE6A;
	6003 : FFFE6B;
	6004 : FFFE6C;
	6005 : FFFE6C;
	6006 : FFFE6D;
	6007 : FFFE6D;
	6008 : FFFE6E;
	6009 : FFFE6F;
	6010 : FFFE70;
	6011 : FFFE72;
	6012 : FFFE73;
	6013 : FFFE74;
	6014 : FFFE75;
	6015 : FFFE76;
	6016 : FFFE77;
	6017 : FFFE79;
	6018 : FFFE7A;
	6019 : FFFE7A;
	6020 : FFFE7D;
	6021 : FFFE7E;
	6022 : FFFE7F;
	6023 : FFFE81;
	6024 : FFFE82;
	6025 : FFFE83;
	6026 : FFFE84;
	6027 : FFFE86;
	6028 : FFFE87;
	6029 : FFFE88;
	6030 : FFFE88;
	6031 : FFFE88;
	6032 : FFFE88;
	6033 : FFFE88;
	6034 : FFFE89;
	6035 : FFFE89;
	6036 : FFFE89;
	6037 : FFFE89;
	6038 : FFFE89;
	6039 : FFFE89;
	6040 : FFFE89;
	6041 : FFFE89;
	6042 : FFFE89;
	6043 : FFFE89;
	6044 : FFFE89;
	6045 : FFFE89;
	6046 : FFFE89;
	6047 : FFFE89;
	6048 : FFFE89;
	6049 : FFFE89;
	6050 : FFFE89;
	6051 : FFFE89;
	6052 : FFFE89;
	6053 : FFFE89;
	6054 : FFFE89;
	6055 : FFFE89;
	6056 : FFFE89;
	6057 : FFFE8A;
	6058 : FFFE8A;
	6059 : FFFE8A;
	6060 : FFFE8A;
	6061 : FFFE8A;
	6062 : FFFE8A;
	6063 : FFFE8A;
	6064 : FFFE8A;
	6065 : FFFE8A;
	6066 : FFFE8A;
	6067 : FFFE8A;
	6068 : FFFE8A;
	6069 : FFFE8A;
	6070 : FFFE8A;
	6071 : FFFE8A;
	6072 : FFFE8A;
	6073 : FFFE8B;
	6074 : FFFE8B;
	6075 : FFFE8B;
	6076 : FFFE8B;
	6077 : FFFE8B;
	6078 : FFFE8B;
	6079 : FFFE8B;
	6080 : FFFE8B;
	6081 : FFFE8B;
	6082 : FFFE8B;
	6083 : FFFE8B;
	6084 : FFFE8B;
	6085 : FFFE8C;
	6086 : FFFE8C;
	6087 : FFFE8C;
	6088 : FFFE8C;
	6089 : FFFE8C;
	6090 : FFFE8C;
	6091 : FFFE8C;
	6092 : FFFE8C;
	6093 : FFFE8C;
	6094 : FFFE8C;
	6095 : FFFE8D;
	6096 : FFFE8D;
	6097 : FFFE8D;
	6098 : FFFE8D;
	6099 : FFFE8D;
	6100 : FFFE8D;
	6101 : FFFE8D;
	6102 : FFFE8E;
	6103 : FFFE8E;
	6104 : FFFE8E;
	6105 : FFFE8E;
	6106 : FFFE8E;
	6107 : FFFE8E;
	6108 : FFFE8E;
	6109 : FFFE8F;
	6110 : FFFE8F;
	6111 : FFFE8F;
	6112 : FFFE8F;
	6113 : FFFE8F;
	6114 : FFFE8F;
	6115 : FFFE90;
	6116 : FFFE90;
	6117 : FFFE90;
	6118 : FFFE90;
	6119 : FFFE90;
	6120 : FFFE90;
	6121 : FFFE91;
	6122 : FFFE91;
	6123 : FFFE91;
	6124 : FFFE91;
	6125 : FFFE92;
	6126 : FFFE92;
	6127 : FFFE92;
	6128 : FFFE92;
	6129 : FFFE93;
	6130 : FFFE93;
	6131 : FFFE93;
	6132 : FFFE93;
	6133 : FFFE93;
	6134 : FFFE94;
	6135 : FFFE94;
	6136 : FFFE94;
	6137 : FFFE95;
	6138 : FFFE95;
	6139 : FFFE95;
	6140 : FFFE95;
	6141 : FFFE96;
	6142 : FFFE96;
	6143 : FFFE96;
	6144 : FFFE96;
	6145 : FFFE97;
	6146 : FFFE97;
	6147 : FFFE98;
	6148 : FFFE98;
	6149 : FFFE98;
	6150 : FFFE99;
	6151 : FFFE99;
	6152 : FFFE9A;
	6153 : FFFE9A;
	6154 : FFFE9A;
	6155 : FFFE9A;
	6156 : FFFE9B;
	6157 : FFFE9B;
	6158 : FFFE9C;
	6159 : FFFE9C;
	6160 : FFFE9D;
	6161 : FFFE9D;
	6162 : FFFE9E;
	6163 : FFFE9E;
	6164 : FFFE9F;
	6165 : FFFE9F;
	6166 : FFFEA0;
	6167 : FFFEA0;
	6168 : FFFEA0;
	6169 : FFFEA1;
	6170 : FFFEA1;
	6171 : FFFEA2;
	6172 : FFFEA2;
	6173 : FFFEA3;
	6174 : FFFEA4;
	6175 : FFFEA4;
	6176 : FFFEA5;
	6177 : FFFEA5;
	6178 : FFFEA6;
	6179 : FFFEA6;
	6180 : FFFEA7;
	6181 : FFFEA7;
	6182 : FFFEA8;
	6183 : FFFEA9;
	6184 : FFFEAA;
	6185 : FFFEAA;
	6186 : FFFEAB;
	6187 : FFFEAC;
	6188 : FFFEAD;
	6189 : FFFEAD;
	6190 : FFFEAE;
	6191 : FFFEAE;
	6192 : FFFEAF;
	6193 : FFFEB0;
	6194 : FFFEB1;
	6195 : FFFEB2;
	6196 : FFFEB2;
	6197 : FFFEB3;
	6198 : FFFEB4;
	6199 : FFFEB5;
	6200 : FFFEB6;
	6201 : FFFEB7;
	6202 : FFFEB8;
	6203 : FFFEBA;
	6204 : FFFEBA;
	6205 : FFFEBB;
	6206 : FFFEBC;
	6207 : FFFEBD;
	6208 : FFFEBE;
	6209 : FFFEBF;
	6210 : FFFEC0;
	6211 : FFFEC2;
	6212 : FFFEC3;
	6213 : FFFEC4;
	6214 : FFFEC6;
	6215 : FFFEC7;
	6216 : FFFEC7;
	6217 : FFFEC9;
	6218 : FFFECA;
	6219 : FFFECB;
	6220 : FFFECD;
	6221 : FFFECE;
	6222 : FFFECF;
	6223 : FFFED1;
	6224 : FFFED2;
	6225 : FFFED4;
	6226 : FFFED5;
	6227 : FFFED7;
	6228 : FFFED7;
	6229 : FFFED9;
	6230 : FFFEDA;
	6231 : FFFEDC;
	6232 : FFFEDE;
	6233 : FFFEE0;
	6234 : FFFEE1;
	6235 : FFFEE2;
	6236 : FFFEE4;
	6237 : FFFEE6;
	6238 : FFFEE8;
	6239 : FFFEEA;
	6240 : FFFEEC;
	6241 : FFFEED;
	6242 : FFFEEF;
	6243 : FFFEF1;
	6244 : FFFEF3;
	6245 : FFFEF5;
	6246 : FFFEF7;
	6247 : FFFEF9;
	6248 : FFFEFB;
	6249 : FFFEFD;
	6250 : FFFEFF;
	6251 : FFFF01;
	6252 : FFFF03;
	6253 : FFFF04;
	6254 : FFFF07;
	6255 : FFFF09;
	6256 : FFFF0B;
	6257 : FFFF0D;
	6258 : FFFF10;
	6259 : FFFF12;
	6260 : FFFF15;
	6261 : FFFF17;
	6262 : FFFF19;
	6263 : FFFF1C;
	6264 : FFFF1F;
	6265 : FFFF20;
	6266 : FFFF23;
	6267 : FFFF26;
	6268 : FFFF28;
	6269 : FFFF2A;
	6270 : FFFF2D;
	6271 : FFFF2F;
	6272 : FFFF32;
	6273 : FFFF34;
	6274 : FFFF37;
	6275 : FFFF3A;
	6276 : FFFF3D;
	6277 : FFFF3F;
	6278 : FFFF42;
	6279 : FFFF45;
	6280 : FFFF48;
	6281 : FFFF4B;
	6282 : FFFF4D;
	6283 : FFFF50;
	6284 : FFFF53;
	6285 : FFFF56;
	6286 : FFFF58;
	6287 : FFFF5B;
	6288 : FFFF5E;
	6289 : FFFF61;
	6290 : FFFF63;
	6291 : FFFF66;
	6292 : FFFF6A;
	6293 : FFFF6D;
	6294 : FFFF6F;
	6295 : FFFF72;
	6296 : FFFF75;
	6297 : FFFF79;
	6298 : FFFF7B;
	6299 : FFFF7E;
	6300 : FFFF81;
	6301 : FFFF84;
	6302 : FFFF86;
	6303 : FFFF89;
	6304 : FFFF8C;
	6305 : FFFF8F;
	6306 : FFFF91;
	6307 : FFFF95;
	6308 : FFFF98;
	6309 : FFFF9B;
	6310 : FFFF9D;
	6311 : FFFFA0;
	6312 : FFFFA3;
	6313 : FFFFA6;
	6314 : FFFFA8;
	6315 : FFFFAB;
	6316 : FFFFAE;
	6317 : FFFFB0;
	6318 : FFFFB2;
	6319 : FFFFB5;
	6320 : FFFFB8;
	6321 : FFFFBA;
	6322 : FFFFBD;
	6323 : FFFFBF;
	6324 : FFFFC1;
	6325 : FFFFC4;
	6326 : FFFFC6;
	6327 : FFFFC8;
	6328 : FFFFCA;
	6329 : FFFFCD;
	6330 : FFFFCF;
	6331 : FFFFD1;
	6332 : FFFFD3;
	6333 : FFFFD5;
	6334 : FFFFD7;
	6335 : FFFFD9;
	6336 : FFFFDB;
	6337 : FFFFDD;
	6338 : FFFFDE;
	6339 : FFFFDF;
	6340 : FFFFE1;
	6341 : FFFFE3;
	6342 : FFFFE4;
	6343 : FFFFE6;
	6344 : FFFFE7;
	6345 : FFFFE8;
	6346 : FFFFEA;
	6347 : FFFFEB;
	6348 : FFFFED;
	6349 : FFFFEE;
	6350 : FFFFEF;
	6351 : FFFFEF;
	6352 : FFFFF0;
	6353 : FFFFF1;
	6354 : FFFFF3;
	6355 : FFFFF4;
	6356 : FFFFF4;
	6357 : FFFFF5;
	6358 : FFFFF6;
	6359 : FFFFF7;
	6360 : FFFFF8;
	6361 : FFFFF9;
	6362 : FFFFF9;
	6363 : FFFFFA;
	6364 : FFFFFA;
	6365 : FFFFFA;
	6366 : FFFFFB;
	6367 : FFFFFB;
	6368 : FFFFFC;
	6369 : FFFFFC;
	6370 : FFFFFD;
	6371 : FFFFFD;
	6372 : FFFFFD;
	6373 : FFFFFE;
	6374 : FFFFFE;
	6375 : FFFFFE;
	6376 : FFFFFE;
	6377 : FFFFFE;
	6378 : FFFFFF;
	6379 : FFFFFF;
	6380 : FFFFFF;
	6381 : FFFFFF;
	6382 : FFFFFF;
	6383 : FFFFFF;
	6384 : FFFFFF;
	6385 : FFFFFF;
	6386 : 000000;
	6387 : 000000;
	6388 : 000000;
	6389 : 000000;
	6390 : 000000;
	6391 : 000000;
	6392 : 000000;
	6393 : 000000;
	6394 : 000000;
	6395 : 000000;
	6396 : 000000;
	6397 : 000000;
	6398 : 000000;
	6399 : 000000;
	6400 : 000000;
	6401 : 000000;
	6402 : 000000;
	6403 : 000000;
	6404 : 000000;
	6405 : 000000;
	6406 : 000000;
	6407 : 000000;
	6408 : 000000;
	6409 : 000000;
	6410 : 000000;
	6411 : 000000;
	6412 : 000000;
	6413 : 000000;
	6414 : 000000;
	6415 : 000000;
	6416 : 000000;
	6417 : 000000;
	6418 : 000000;
	6419 : 000000;
	6420 : 000000;
	6421 : 000000;
	6422 : 000000;
	6423 : 000000;
	6424 : 000000;
	6425 : 000000;
	6426 : 000000;
	6427 : 000000;
	6428 : 000000;
	6429 : 000000;
	6430 : 000000;
	6431 : 000000;
	6432 : 000000;
	6433 : 000000;
	6434 : 000000;
	6435 : 000000;
	6436 : 000000;
	6437 : 000000;
	6438 : 000000;
	6439 : 000000;
	6440 : 000000;
	6441 : 000000;
	6442 : 000000;
	6443 : 000000;
	6444 : 000000;
	6445 : 000000;
	6446 : 000000;
	6447 : 000000;
	6448 : 000000;
	6449 : 000000;
	6450 : 000000;
	6451 : 000000;
	6452 : 000000;
	6453 : 000000;
	6454 : 000000;
	6455 : 000000;
	6456 : 000000;
	6457 : 000000;
	6458 : 000000;
	6459 : 000000;
	6460 : 000000;
	6461 : 000000;
	6462 : 000000;
	6463 : 000000;
	6464 : 000000;
	6465 : 000000;
	6466 : 000000;
	6467 : 000000;
	6468 : 000000;
	6469 : 000000;
	6470 : 000000;
	6471 : 000000;
	6472 : 000000;
	6473 : 000000;
	6474 : 000000;
	6475 : 000000;
	6476 : 000000;
	6477 : 000000;
	6478 : 000000;
	6479 : 000000;
	6480 : 000000;
	6481 : 000000;
	6482 : 000000;
	6483 : 000000;
	6484 : 000000;
	6485 : 000000;
	6486 : 000000;
	6487 : 000000;
	6488 : 000000;
	6489 : 000000;
	6490 : 000000;
	6491 : 000000;
	6492 : 000000;
	6493 : 000000;
	6494 : 000000;
	6495 : 000000;
	6496 : 000000;
	6497 : 000000;
	6498 : 000000;
	6499 : 000000;
	6500 : 000000;
	6501 : 000000;
	6502 : 000000;
	6503 : 000000;
	6504 : 000000;
	6505 : 000000;
	6506 : 000000;
	6507 : 000000;
	6508 : 000000;
	6509 : 000000;
	6510 : 000000;
	6511 : 000000;
	6512 : 000000;
	6513 : 000000;
	6514 : 000000;
	6515 : 000000;
	6516 : 000000;
	6517 : 000000;
	6518 : 000000;
	6519 : 000000;
	6520 : 000000;
	6521 : 000000;
	6522 : 000000;
	6523 : 000000;
	6524 : 000000;
	6525 : 000000;
	6526 : 000000;
	6527 : 000000;
	6528 : 000000;
	6529 : 000000;
	6530 : 000000;
	6531 : 000000;
	6532 : 000000;
	6533 : 000000;
	6534 : 000000;
	6535 : 000000;
	6536 : 000000;
	6537 : 000000;
	6538 : 000000;
	6539 : 000000;
	6540 : 000000;
	6541 : 000000;
	6542 : 000000;
	6543 : 000000;
	6544 : 000000;
	6545 : 000000;
	6546 : 000000;
	6547 : 000000;
	6548 : 000000;
	6549 : 000000;
	6550 : 000000;
	6551 : 000000;
	6552 : 000000;
	6553 : 000000;
	6554 : 000000;
	6555 : 000000;
	6556 : 000000;
	6557 : 000000;
	6558 : 000000;
	6559 : 000000;
	6560 : 000000;
	6561 : 000000;
	6562 : 000000;
	6563 : 000000;
	6564 : 000000;
	6565 : 000000;
	6566 : 000000;
	6567 : 000000;
	6568 : 000000;
	6569 : 000000;
	6570 : 000000;
	6571 : 000000;
	6572 : 000000;
	6573 : 000000;
	6574 : 000000;
	6575 : 000000;
	6576 : 000000;
	6577 : 000000;
	6578 : 000000;
	6579 : 000000;
	6580 : 000000;
	6581 : 000000;
	6582 : 000000;
	6583 : 000000;
	6584 : 000000;
	6585 : 000000;
	6586 : 000000;
	6587 : 000000;
	6588 : 000000;
	6589 : 000000;
	6590 : 000000;
	6591 : 000000;
	6592 : 000000;
	6593 : 000000;
	6594 : 000000;
	6595 : 000000;
	6596 : 000000;
	6597 : 000000;
	6598 : 000000;
	6599 : 000000;
	6600 : 000000;
	6601 : 000000;
	6602 : 000000;
	6603 : 000000;
	6604 : 000000;
	6605 : 000000;
	6606 : 000000;
	6607 : 000000;
	6608 : 000000;
	6609 : 000000;
	6610 : 000000;
	6611 : 000000;
	6612 : 000000;
	6613 : 000000;
	6614 : 000000;
	6615 : 000000;
	6616 : 000000;
	6617 : 000000;
	6618 : 000000;
	6619 : 000000;
	6620 : 000000;
	6621 : 000000;
	6622 : 000000;
	6623 : 000000;
	6624 : 000000;
END;
