-- MIF file for openhat
-- Source: openhatnew.wav | Resampled to 48kHz | 16845 samples

DEPTH = 16845;
WIDTH = 24;

ADDRESS_RADIX = UNS;
DATA_RADIX = HEX;

CONTENT BEGIN
	0 : 000109;
	1 : 00011D;
	2 : 0000D4;
	3 : 0000BD;
	4 : 0000CA;
	5 : 0000FF;
	6 : 000113;
	7 : 0000E7;
	8 : 0000C6;
	9 : 0000E8;
	10 : 0000FA;
	11 : 0000BF;
	12 : 0000E8;
	13 : 0000F2;
	14 : 0000CC;
	15 : 0000E9;
	16 : 0000EB;
	17 : 0000CC;
	18 : 0000DF;
	19 : 0000DF;
	20 : 0000BF;
	21 : 0000D9;
	22 : 0000F8;
	23 : 0000BC;
	24 : 0000C9;
	25 : 000106;
	26 : 0000B0;
	27 : 0000E3;
	28 : 0000DB;
	29 : 0000BC;
	30 : 0000C9;
	31 : 0000D7;
	32 : 0000CD;
	33 : 0000D0;
	34 : 0000DF;
	35 : 0000C6;
	36 : 0000C9;
	37 : 0000F2;
	38 : 0000D4;
	39 : 0000D2;
	40 : 0000EA;
	41 : 0000CD;
	42 : 0000C8;
	43 : 0000DD;
	44 : 0000F1;
	45 : 000105;
	46 : 0000FC;
	47 : 0000B7;
	48 : 00009A;
	49 : 00002B;
	50 : FFFE0A;
	51 : FFF977;
	52 : FFF14F;
	53 : FFE641;
	54 : FFDA54;
	55 : FFCFD8;
	56 : FFC8F3;
	57 : FFC6F4;
	58 : FFC9B8;
	59 : FFCFFD;
	60 : FFD8AE;
	61 : FFE27A;
	62 : FFEB1A;
	63 : FFF315;
	64 : FFFAA9;
	65 : 000137;
	66 : 00074A;
	67 : 000D44;
	68 : 001309;
	69 : 001854;
	70 : 001CE0;
	71 : 0020AC;
	72 : 002457;
	73 : 0027E3;
	74 : 002ABD;
	75 : 002C92;
	76 : 002E52;
	77 : 002FAD;
	78 : 003075;
	79 : 003093;
	80 : 002ECD;
	81 : 00292F;
	82 : 001CFE;
	83 : 000736;
	84 : FFE7F8;
	85 : FFC664;
	86 : FFABC7;
	87 : FF9E7B;
	88 : FF99E6;
	89 : FF97D7;
	90 : FF975A;
	91 : FF9A76;
	92 : FFA085;
	93 : FFA6A5;
	94 : FFAC6A;
	95 : FFB433;
	96 : FFBEBB;
	97 : FFCA64;
	98 : FFD4ED;
	99 : FFE09A;
	100 : FFEE03;
	101 : FFFA58;
	102 : 00051C;
	103 : 000C30;
	104 : 000C0F;
	105 : 0000AC;
	106 : FFE9B2;
	107 : FFCDB0;
	108 : FFB7BB;
	109 : FFB02E;
	110 : FFB5F1;
	111 : FFBF48;
	112 : FFC984;
	113 : FFD7E4;
	114 : FFEA55;
	115 : FFFD14;
	116 : 000E6F;
	117 : 0021A5;
	118 : 003AA1;
	119 : 005E29;
	120 : 007FFC;
	121 : 007FFF;
	122 : 007FFF;
	123 : 007FFF;
	124 : 007FFF;
	125 : 007FFF;
	126 : 007FFF;
	127 : 007FFF;
	128 : 007FFF;
	129 : 007FFF;
	130 : 007FFF;
	131 : 007FFF;
	132 : 007FFF;
	133 : 007FFF;
	134 : 007B33;
	135 : 0053F1;
	136 : 0029B6;
	137 : 001202;
	138 : FFEE48;
	139 : FFC02E;
	140 : FF9F0C;
	141 : FF8959;
	142 : FF8001;
	143 : FF8001;
	144 : FF8001;
	145 : FF8001;
	146 : FF8001;
	147 : FF8001;
	148 : FF8001;
	149 : FF8001;
	150 : FF8001;
	151 : FF8001;
	152 : FF8001;
	153 : FF8001;
	154 : FF8001;
	155 : FF8001;
	156 : FF8001;
	157 : FF8001;
	158 : FF8001;
	159 : FF8001;
	160 : FF8001;
	161 : FF8001;
	162 : FFCC89;
	163 : 0057DF;
	164 : 007FFF;
	165 : 007CCA;
	166 : 004428;
	167 : FFF717;
	168 : FFCF10;
	169 : FFB983;
	170 : FF9BCF;
	171 : FF894D;
	172 : FF9DD5;
	173 : FFADE8;
	174 : FFA60B;
	175 : FFA03A;
	176 : FFAE7E;
	177 : FFBF88;
	178 : FFC526;
	179 : FFCBF0;
	180 : FFDC4D;
	181 : FFEE3B;
	182 : FFFE27;
	183 : 000A30;
	184 : 001831;
	185 : 002AEA;
	186 : 003B25;
	187 : 0049A9;
	188 : 0052BC;
	189 : 0060E7;
	190 : 00713C;
	191 : 007C47;
	192 : 007FFF;
	193 : 007FFF;
	194 : 007FFF;
	195 : 007FFF;
	196 : 007FFF;
	197 : 007FFF;
	198 : 007FFF;
	199 : 007FFF;
	200 : 007FFF;
	201 : 007FFF;
	202 : 007FFF;
	203 : 007FFF;
	204 : 007FFF;
	205 : 007FFF;
	206 : 007A0E;
	207 : 0062CF;
	208 : 003F21;
	209 : 0007C6;
	210 : FFDC7B;
	211 : FFC5FD;
	212 : FFA53A;
	213 : FF88C8;
	214 : FF8001;
	215 : FF8001;
	216 : FF8001;
	217 : FF8001;
	218 : FF8001;
	219 : FF8001;
	220 : FF8001;
	221 : FF8001;
	222 : FF8001;
	223 : FF8001;
	224 : FF8001;
	225 : FF8001;
	226 : FF8001;
	227 : FF8001;
	228 : FF8001;
	229 : FF8001;
	230 : FF8001;
	231 : FF8001;
	232 : FF8001;
	233 : FF8001;
	234 : FF8001;
	235 : FF8001;
	236 : FF8001;
	237 : FF8001;
	238 : FF8001;
	239 : FF8E5C;
	240 : FFB126;
	241 : FFDB2A;
	242 : 000420;
	243 : 0030CA;
	244 : 005B9B;
	245 : 007F83;
	246 : 007FFF;
	247 : 007FFF;
	248 : 007FFF;
	249 : 007FFF;
	250 : 007FFF;
	251 : 007FFF;
	252 : 007FFF;
	253 : 007FFF;
	254 : 007FFF;
	255 : 007FFF;
	256 : 007FFF;
	257 : 007FFF;
	258 : 007FFF;
	259 : 007FFF;
	260 : 007FFF;
	261 : 007FFF;
	262 : 007FFF;
	263 : 007FFF;
	264 : 007FFF;
	265 : 007FFF;
	266 : 007FFF;
	267 : 007FFF;
	268 : 007FFF;
	269 : 007FFF;
	270 : 007FFF;
	271 : 007FFF;
	272 : 007FFF;
	273 : 007FFF;
	274 : 007FFF;
	275 : 007FFF;
	276 : 007FFF;
	277 : 007FFF;
	278 : 005316;
	279 : FFE894;
	280 : FF8E02;
	281 : FF8001;
	282 : FF8001;
	283 : FF8001;
	284 : FF8001;
	285 : FF8001;
	286 : FF8001;
	287 : FF8001;
	288 : FF8001;
	289 : FF8001;
	290 : FF8001;
	291 : FF8001;
	292 : FF8001;
	293 : FF8001;
	294 : FF8001;
	295 : FF8001;
	296 : FF8001;
	297 : FF8001;
	298 : FF8001;
	299 : FF8001;
	300 : FF8001;
	301 : FF8001;
	302 : FF8001;
	303 : FF8001;
	304 : FF8001;
	305 : FF8001;
	306 : FF8001;
	307 : FF8001;
	308 : FF8001;
	309 : FF8001;
	310 : FF8001;
	311 : FF8001;
	312 : FF8001;
	313 : FF8E40;
	314 : FFBD9C;
	315 : FFFF1A;
	316 : 003F23;
	317 : 00756D;
	318 : 007FFF;
	319 : 007FFF;
	320 : 007FFF;
	321 : 007FFF;
	322 : 007FFF;
	323 : 007FFF;
	324 : 007FFF;
	325 : 007FFF;
	326 : 007FFF;
	327 : 007FFF;
	328 : 007FFF;
	329 : 007FFF;
	330 : 007FFF;
	331 : 007FFF;
	332 : 007FFF;
	333 : 007FFF;
	334 : 007FFF;
	335 : 007FFF;
	336 : 007FFF;
	337 : 007FFF;
	338 : 007FFF;
	339 : 007FFF;
	340 : 007FFF;
	341 : 007FFF;
	342 : 007FFF;
	343 : 007FFF;
	344 : 007FFF;
	345 : 007FFF;
	346 : 007FFF;
	347 : 007FFF;
	348 : 007FFF;
	349 : 007FFF;
	350 : 007FFF;
	351 : 007FFF;
	352 : 00699B;
	353 : 002F98;
	354 : FFECE3;
	355 : FFB493;
	356 : FF8001;
	357 : FF8001;
	358 : FF8001;
	359 : FF8001;
	360 : FF8001;
	361 : FF8001;
	362 : FF8001;
	363 : FF8001;
	364 : FF8001;
	365 : FF8001;
	366 : FF8001;
	367 : FF8001;
	368 : FF8001;
	369 : FF8001;
	370 : FF8001;
	371 : FF8001;
	372 : FF8001;
	373 : FF8001;
	374 : FF8001;
	375 : FF8001;
	376 : FF8001;
	377 : FF8001;
	378 : FF8001;
	379 : FF8001;
	380 : FF8001;
	381 : FF8001;
	382 : FF8001;
	383 : FFAC96;
	384 : FFB900;
	385 : FFA04A;
	386 : FF9078;
	387 : FF9A1A;
	388 : FFAC65;
	389 : FFBA63;
	390 : FFCE49;
	391 : FFF4C3;
	392 : 001FC9;
	393 : 0037C9;
	394 : 005002;
	395 : 00729D;
	396 : 007E46;
	397 : 007FFF;
	398 : 007FFF;
	399 : 007FFF;
	400 : 007FFF;
	401 : 007FFF;
	402 : 007FFF;
	403 : 007FFF;
	404 : 007FFF;
	405 : 007FFF;
	406 : 007FFF;
	407 : 007FFF;
	408 : 007FFF;
	409 : 007FFF;
	410 : 007FFF;
	411 : 007FFF;
	412 : 007FFF;
	413 : 007FFF;
	414 : 007FFF;
	415 : 007FFF;
	416 : 007FFF;
	417 : 007FFF;
	418 : 007FFF;
	419 : 007FFF;
	420 : 007FFF;
	421 : 007FFF;
	422 : 007FFF;
	423 : 007FFF;
	424 : 007FFF;
	425 : 007FFF;
	426 : 007148;
	427 : 00486E;
	428 : 001697;
	429 : FFED30;
	430 : FFBF58;
	431 : FF86FC;
	432 : FF8097;
	433 : FF8001;
	434 : FF8001;
	435 : FF8001;
	436 : FF8001;
	437 : FF8001;
	438 : FF8001;
	439 : FF8001;
	440 : FF8001;
	441 : FF8001;
	442 : FF8001;
	443 : FF8001;
	444 : FF8001;
	445 : FF8001;
	446 : FF8001;
	447 : FF8001;
	448 : FF8001;
	449 : FF8001;
	450 : FF8001;
	451 : FF8001;
	452 : FF8001;
	453 : FF8001;
	454 : FF8001;
	455 : FF8001;
	456 : FF8001;
	457 : FF8001;
	458 : FF8001;
	459 : FF8001;
	460 : FF8833;
	461 : FFA76B;
	462 : FFD3C4;
	463 : FFFF0F;
	464 : 002958;
	465 : 00542F;
	466 : 00794B;
	467 : 007FFF;
	468 : 007FFF;
	469 : 007FFF;
	470 : 007FFF;
	471 : 007FFF;
	472 : 007FFF;
	473 : 007FFF;
	474 : 007FFF;
	475 : 007FFF;
	476 : 007FFF;
	477 : 007FFF;
	478 : 007FFF;
	479 : 007FFF;
	480 : 007FFF;
	481 : 007FFF;
	482 : 007FFF;
	483 : 007FFF;
	484 : 007FFF;
	485 : 007FFF;
	486 : 007FFF;
	487 : 007FFF;
	488 : 007FFF;
	489 : 007FFF;
	490 : 007FFF;
	491 : 007FFF;
	492 : 007FFF;
	493 : 007FFF;
	494 : 007FFF;
	495 : 007FFF;
	496 : 007FFF;
	497 : 007FFF;
	498 : 00785E;
	499 : 00450E;
	500 : FFF0B6;
	501 : FFAB18;
	502 : FF8001;
	503 : FF8001;
	504 : FF8001;
	505 : FF8001;
	506 : FF8001;
	507 : FF8001;
	508 : FF8001;
	509 : FF8001;
	510 : FF8001;
	511 : FF8001;
	512 : FF8001;
	513 : FF8001;
	514 : FF8001;
	515 : FF8001;
	516 : FF8001;
	517 : FF8001;
	518 : FF8001;
	519 : FF8001;
	520 : FF8001;
	521 : FF8001;
	522 : FF8001;
	523 : FF8001;
	524 : FF8001;
	525 : FF8001;
	526 : FF8001;
	527 : FF8001;
	528 : FF8001;
	529 : FF8001;
	530 : FF8001;
	531 : FF8001;
	532 : FF8001;
	533 : FF8001;
	534 : FF9ABE;
	535 : FFCA64;
	536 : FFFF05;
	537 : 00320D;
	538 : 0060AD;
	539 : 007FFF;
	540 : 007FFF;
	541 : 007FFF;
	542 : 007FFF;
	543 : 007FFF;
	544 : 007FFF;
	545 : 007FFF;
	546 : 007FFF;
	547 : 007FFF;
	548 : 007FFF;
	549 : 007FFF;
	550 : 007FFF;
	551 : 007FFF;
	552 : 007FFF;
	553 : 007FFF;
	554 : 007FFF;
	555 : 007FFF;
	556 : 007FFF;
	557 : 007FFF;
	558 : 007FFF;
	559 : 007FFF;
	560 : 007FFF;
	561 : 007FFF;
	562 : 007FFF;
	563 : 007FFF;
	564 : 007FFF;
	565 : 007FFF;
	566 : 007FFF;
	567 : 007FFF;
	568 : 007FFF;
	569 : 007FFF;
	570 : 007FFF;
	571 : 007FFF;
	572 : 007FFF;
	573 : 006E6C;
	574 : 003E0D;
	575 : FFFF68;
	576 : FFCC07;
	577 : FFA0E5;
	578 : FF8001;
	579 : FF8001;
	580 : FF8001;
	581 : FF8001;
	582 : FF8001;
	583 : FF8001;
	584 : FF8001;
	585 : FF8001;
	586 : FF8001;
	587 : FF8001;
	588 : FF8001;
	589 : FF8001;
	590 : FF8001;
	591 : FF8001;
	592 : FF8001;
	593 : FF8001;
	594 : FF8001;
	595 : FF8001;
	596 : FF8001;
	597 : FF8001;
	598 : FF8001;
	599 : FF8001;
	600 : FF8001;
	601 : FF8001;
	602 : FF8001;
	603 : FF8001;
	604 : FF8001;
	605 : FF8001;
	606 : FF8001;
	607 : FF8001;
	608 : FF8001;
	609 : FF85C2;
	610 : FF9BF6;
	611 : FFBB1A;
	612 : FFD227;
	613 : FFE7FE;
	614 : 00055E;
	615 : 0025C3;
	616 : 004130;
	617 : 005859;
	618 : 0074CC;
	619 : 007EB3;
	620 : 007FFF;
	621 : 007FFF;
	622 : 007FFF;
	623 : 007FFF;
	624 : 007FFF;
	625 : 007FFF;
	626 : 007FFF;
	627 : 007FFF;
	628 : 007FFF;
	629 : 007FFF;
	630 : 007FFF;
	631 : 007FFF;
	632 : 007FFF;
	633 : 007FFF;
	634 : 007FFF;
	635 : 007FFF;
	636 : 007FFF;
	637 : 007FFF;
	638 : 007FFF;
	639 : 007FFF;
	640 : 007FFF;
	641 : 007FFF;
	642 : 007FFF;
	643 : 007FFF;
	644 : 007FFF;
	645 : 007FFF;
	646 : 007FFF;
	647 : 007C41;
	648 : 0064A4;
	649 : 003697;
	650 : 0010C0;
	651 : FFEDF5;
	652 : FFC4C3;
	653 : FF91B5;
	654 : FF8203;
	655 : FF8001;
	656 : FF8001;
	657 : FF8001;
	658 : FF8001;
	659 : FF8001;
	660 : FF8001;
	661 : FF8001;
	662 : FF8001;
	663 : FF8001;
	664 : FF8001;
	665 : FF8001;
	666 : FF8001;
	667 : FF8001;
	668 : FF8001;
	669 : FF8001;
	670 : FF8001;
	671 : FF8001;
	672 : FF8001;
	673 : FF8001;
	674 : FF8001;
	675 : FF8001;
	676 : FF8001;
	677 : FF8001;
	678 : FF8001;
	679 : FF8001;
	680 : FF8001;
	681 : FF86D0;
	682 : FF9E1A;
	683 : FFBE30;
	684 : FFDE6F;
	685 : FFFE27;
	686 : 001DE6;
	687 : 003CCF;
	688 : 005B0D;
	689 : 00788B;
	690 : 007F85;
	691 : 007FFF;
	692 : 007FFF;
	693 : 007FFF;
	694 : 007FFF;
	695 : 007FFF;
	696 : 007FFF;
	697 : 007FFF;
	698 : 007FFF;
	699 : 007FFF;
	700 : 007FFF;
	701 : 007FFF;
	702 : 007FFF;
	703 : 007FFF;
	704 : 007FFF;
	705 : 007FFF;
	706 : 007FFF;
	707 : 007FFF;
	708 : 007FFF;
	709 : 007FFF;
	710 : 007FFF;
	711 : 007FFF;
	712 : 007FFF;
	713 : 007FFF;
	714 : 007FFF;
	715 : 007FFF;
	716 : 007FFF;
	717 : 007FFF;
	718 : 007FFF;
	719 : 0074C5;
	720 : 004E4B;
	721 : 00136B;
	722 : FFD407;
	723 : FF9BAB;
	724 : FF8001;
	725 : FF8001;
	726 : FF8001;
	727 : FF8001;
	728 : FF8001;
	729 : FF8001;
	730 : FF8001;
	731 : FF8001;
	732 : FF8001;
	733 : FF8001;
	734 : FF8001;
	735 : FF8001;
	736 : FF8001;
	737 : FF8001;
	738 : FF8001;
	739 : FF8001;
	740 : FF8001;
	741 : FF8001;
	742 : FF8001;
	743 : FF8001;
	744 : FF8001;
	745 : FF8001;
	746 : FF8001;
	747 : FF8001;
	748 : FF8001;
	749 : FF8001;
	750 : FF8001;
	751 : FF8001;
	752 : FF8001;
	753 : FF8001;
	754 : FF866F;
	755 : FFA2F5;
	756 : FFC81B;
	757 : FFEDA2;
	758 : 001300;
	759 : 0037D4;
	760 : 005B0D;
	761 : 0076F5;
	762 : 007FFF;
	763 : 007FFF;
	764 : 007FFF;
	765 : 007FFF;
	766 : 007FFF;
	767 : 007FFF;
	768 : 007FFF;
	769 : 007FFF;
	770 : 007FFF;
	771 : 007FFF;
	772 : 007FFF;
	773 : 007FFF;
	774 : 007FFF;
	775 : 007FFF;
	776 : 007FFF;
	777 : 007FFF;
	778 : 007FFF;
	779 : 007FFF;
	780 : 007FFF;
	781 : 007FFF;
	782 : 007FFF;
	783 : 007FFF;
	784 : 007FFF;
	785 : 007FFF;
	786 : 007FFF;
	787 : 007FFF;
	788 : 007FFF;
	789 : 007FFF;
	790 : 007FFF;
	791 : 007FFF;
	792 : 007FFF;
	793 : 007FFF;
	794 : 0074AB;
	795 : 005369;
	796 : 002271;
	797 : FFF2DE;
	798 : FFCBC4;
	799 : FFA99F;
	800 : FF8377;
	801 : FF8049;
	802 : FF8001;
	803 : FF8001;
	804 : FF8001;
	805 : FF8001;
	806 : FF8001;
	807 : FF8001;
	808 : FF8001;
	809 : FF8001;
	810 : FF8001;
	811 : FF8001;
	812 : FF8001;
	813 : FF8001;
	814 : FF8001;
	815 : FF8001;
	816 : FF8001;
	817 : FF8001;
	818 : FF8001;
	819 : FF8001;
	820 : FF8001;
	821 : FF8001;
	822 : FF8001;
	823 : FF8001;
	824 : FF8001;
	825 : FF8001;
	826 : FF8001;
	827 : FF8001;
	828 : FF8001;
	829 : FF8001;
	830 : FF8001;
	831 : FF869B;
	832 : FF9717;
	833 : FFAEBC;
	834 : FFC966;
	835 : FFE0E5;
	836 : FFF6BE;
	837 : 00109F;
	838 : 002C8C;
	839 : 004432;
	840 : 005B63;
	841 : 0072CF;
	842 : 007E0D;
	843 : 007FFF;
	844 : 007FFF;
	845 : 007FFF;
	846 : 007FFF;
	847 : 007FFF;
	848 : 007FFF;
	849 : 007FFF;
	850 : 007FFF;
	851 : 007FFF;
	852 : 007FFF;
	853 : 007FFF;
	854 : 007FFF;
	855 : 007FFF;
	856 : 007FFF;
	857 : 007FFF;
	858 : 007FFF;
	859 : 007FFF;
	860 : 007FFF;
	861 : 007FFF;
	862 : 007FFF;
	863 : 007FFF;
	864 : 007FFF;
	865 : 007FFF;
	866 : 007FFF;
	867 : 007FFF;
	868 : 007FFF;
	869 : 007579;
	870 : 005639;
	871 : 002B8F;
	872 : 0005FE;
	873 : FFE20E;
	874 : FFB99A;
	875 : FF8FD4;
	876 : FF8207;
	877 : FF8001;
	878 : FF8001;
	879 : FF8001;
	880 : FF8001;
	881 : FF8001;
	882 : FF8001;
	883 : FF8001;
	884 : FF8001;
	885 : FF8001;
	886 : FF8001;
	887 : FF8001;
	888 : FF8001;
	889 : FF8001;
	890 : FF8001;
	891 : FF8001;
	892 : FF8001;
	893 : FF8001;
	894 : FF8001;
	895 : FF8001;
	896 : FF8001;
	897 : FF8001;
	898 : FF8001;
	899 : FF8001;
	900 : FF8001;
	901 : FF8001;
	902 : FF82EE;
	903 : FF940C;
	904 : FFABDA;
	905 : FFC51B;
	906 : FFDEC7;
	907 : FFF7CA;
	908 : 0010F1;
	909 : 0029AD;
	910 : 0041D1;
	911 : 005A7A;
	912 : 00718B;
	913 : 007DD4;
	914 : 007FFF;
	915 : 007FFF;
	916 : 007FFF;
	917 : 007FFF;
	918 : 007FFF;
	919 : 007FFF;
	920 : 007FFF;
	921 : 007FFF;
	922 : 007FFF;
	923 : 007FFF;
	924 : 007FFF;
	925 : 007FFF;
	926 : 007FFF;
	927 : 007FFF;
	928 : 007FFF;
	929 : 007FFF;
	930 : 007FFF;
	931 : 007FFF;
	932 : 007FFF;
	933 : 007FFF;
	934 : 007FFF;
	935 : 007FFF;
	936 : 007FFF;
	937 : 007FFF;
	938 : 007FFF;
	939 : 007FFF;
	940 : 007F50;
	941 : 0058C6;
	942 : 0021DD;
	943 : FFF618;
	944 : FFCAD0;
	945 : FF9E46;
	946 : FF8001;
	947 : FF8001;
	948 : FF8001;
	949 : FF8001;
	950 : FF8001;
	951 : FF8001;
	952 : FF8001;
	953 : FF8001;
	954 : FF8001;
	955 : FF8001;
	956 : FF8001;
	957 : FF8001;
	958 : FF8001;
	959 : FF8001;
	960 : FF8001;
	961 : FF8001;
	962 : FF8001;
	963 : FF8001;
	964 : FF8001;
	965 : FF8001;
	966 : FF8001;
	967 : FF8001;
	968 : FF8001;
	969 : FF8001;
	970 : FF8001;
	971 : FF8001;
	972 : FF8001;
	973 : FF8001;
	974 : FF8001;
	975 : FF8FCD;
	976 : FFA87C;
	977 : FFC390;
	978 : FFDF61;
	979 : FFFB7B;
	980 : 00156E;
	981 : 002B76;
	982 : 003EAA;
	983 : 004EFD;
	984 : 005F79;
	985 : 007514;
	986 : 007ED9;
	987 : 007FFF;
	988 : 007FFF;
	989 : 007FFF;
	990 : 007FFF;
	991 : 007FFF;
	992 : 007FFF;
	993 : 007FFF;
	994 : 007FFF;
	995 : 007FFF;
	996 : 007FFF;
	997 : 007FFF;
	998 : 007FFF;
	999 : 007FFF;
	1000 : 007FFF;
	1001 : 007FFF;
	1002 : 007FFF;
	1003 : 007FFF;
	1004 : 007FFF;
	1005 : 007FFF;
	1006 : 007FFF;
	1007 : 007FFF;
	1008 : 007FFF;
	1009 : 007FFF;
	1010 : 007FFF;
	1011 : 007FFF;
	1012 : 007FFF;
	1013 : 007FFF;
	1014 : 007FFF;
	1015 : 007A1B;
	1016 : 006252;
	1017 : 003C25;
	1018 : 00152D;
	1019 : FFEEAF;
	1020 : FFCE25;
	1021 : FFB2EF;
	1022 : FF9425;
	1023 : FF8240;
	1024 : FF8001;
	1025 : FF8001;
	1026 : FF8001;
	1027 : FF8001;
	1028 : FF8001;
	1029 : FF8001;
	1030 : FF8001;
	1031 : FF8001;
	1032 : FF8001;
	1033 : FF8001;
	1034 : FF8001;
	1035 : FF8001;
	1036 : FF8001;
	1037 : FF8001;
	1038 : FF8001;
	1039 : FF8001;
	1040 : FF8001;
	1041 : FF8001;
	1042 : FF8001;
	1043 : FF8001;
	1044 : FF8001;
	1045 : FF8001;
	1046 : FF8001;
	1047 : FF8001;
	1048 : FF8001;
	1049 : FF8001;
	1050 : FF8001;
	1051 : FF8001;
	1052 : FF80A0;
	1053 : FF8B2E;
	1054 : FF9E85;
	1055 : FFB0A9;
	1056 : FFC5C1;
	1057 : FFDDF0;
	1058 : FFF411;
	1059 : 000B2D;
	1060 : 002115;
	1061 : 0036FF;
	1062 : 004CC5;
	1063 : 006170;
	1064 : 0074A6;
	1065 : 007ECC;
	1066 : 007FFF;
	1067 : 007FFF;
	1068 : 007FFF;
	1069 : 007FFF;
	1070 : 007FFF;
	1071 : 007FFF;
	1072 : 007FFF;
	1073 : 007FFF;
	1074 : 007FFF;
	1075 : 007FFF;
	1076 : 007FFF;
	1077 : 007FFF;
	1078 : 007FFF;
	1079 : 007FFF;
	1080 : 007FFF;
	1081 : 007FFF;
	1082 : 007FFF;
	1083 : 007FFF;
	1084 : 007FFF;
	1085 : 007FFF;
	1086 : 007FFF;
	1087 : 007FFF;
	1088 : 007FFF;
	1089 : 007FFF;
	1090 : 0079DD;
	1091 : 0062E1;
	1092 : 003AD8;
	1093 : 001252;
	1094 : FFF2AA;
	1095 : FFDB1E;
	1096 : FFC034;
	1097 : FFA2BF;
	1098 : FF8BA8;
	1099 : FF81EF;
	1100 : FF8001;
	1101 : FF8001;
	1102 : FF8001;
	1103 : FF8001;
	1104 : FF8001;
	1105 : FF8001;
	1106 : FF8001;
	1107 : FF8001;
	1108 : FF8001;
	1109 : FF8001;
	1110 : FF8001;
	1111 : FF8001;
	1112 : FF8001;
	1113 : FF8001;
	1114 : FF8001;
	1115 : FF8001;
	1116 : FF8001;
	1117 : FF8001;
	1118 : FF8001;
	1119 : FF8001;
	1120 : FF8001;
	1121 : FF8001;
	1122 : FF8001;
	1123 : FF822A;
	1124 : FF8FD5;
	1125 : FFA21F;
	1126 : FFB534;
	1127 : FFC979;
	1128 : FFDE66;
	1129 : FFF2F4;
	1130 : 0007BA;
	1131 : 001C5B;
	1132 : 002FDA;
	1133 : 004446;
	1134 : 00576F;
	1135 : 0068C2;
	1136 : 007972;
	1137 : 007F90;
	1138 : 007FFF;
	1139 : 007FFF;
	1140 : 007FFF;
	1141 : 007FFF;
	1142 : 007FFF;
	1143 : 007FFF;
	1144 : 007FFF;
	1145 : 007FFF;
	1146 : 007FFF;
	1147 : 007FFF;
	1148 : 007FFF;
	1149 : 007FFF;
	1150 : 007FFF;
	1151 : 007FFF;
	1152 : 007FFF;
	1153 : 007FFF;
	1154 : 007FFF;
	1155 : 007FFF;
	1156 : 007FFF;
	1157 : 007FFF;
	1158 : 007FFF;
	1159 : 007FFF;
	1160 : 007FFF;
	1161 : 007FFF;
	1162 : 006569;
	1163 : 00393C;
	1164 : 000ED4;
	1165 : FFEAF4;
	1166 : FFCA01;
	1167 : FFA942;
	1168 : FF8EF2;
	1169 : FF8001;
	1170 : FF8001;
	1171 : FF8001;
	1172 : FF8001;
	1173 : FF8001;
	1174 : FF8001;
	1175 : FF8001;
	1176 : FF8001;
	1177 : FF8001;
	1178 : FF8001;
	1179 : FF8001;
	1180 : FF8001;
	1181 : FF8001;
	1182 : FF8001;
	1183 : FF8001;
	1184 : FF8001;
	1185 : FF8001;
	1186 : FF8001;
	1187 : FF8001;
	1188 : FF8001;
	1189 : FF8001;
	1190 : FF8001;
	1191 : FF8001;
	1192 : FF8001;
	1193 : FF8001;
	1194 : FF8001;
	1195 : FF8A21;
	1196 : FF9841;
	1197 : FFAB4E;
	1198 : FFBFE5;
	1199 : FFD35F;
	1200 : FFE4CC;
	1201 : FFF49A;
	1202 : 0002F5;
	1203 : 0010E9;
	1204 : 002222;
	1205 : 00368F;
	1206 : 004AA1;
	1207 : 005F21;
	1208 : 00734D;
	1209 : 007DD2;
	1210 : 007FFF;
	1211 : 007FFF;
	1212 : 007FFF;
	1213 : 007FFF;
	1214 : 007FFF;
	1215 : 007FFF;
	1216 : 007FFF;
	1217 : 007FFF;
	1218 : 007FFF;
	1219 : 007FFF;
	1220 : 007FFF;
	1221 : 007FFF;
	1222 : 007FFF;
	1223 : 007FFF;
	1224 : 007FFF;
	1225 : 007FFF;
	1226 : 007FFF;
	1227 : 007FFF;
	1228 : 007FFF;
	1229 : 007FFF;
	1230 : 007FFF;
	1231 : 007FFF;
	1232 : 007FFF;
	1233 : 007FFF;
	1234 : 007FFF;
	1235 : 007FFF;
	1236 : 007FFF;
	1237 : 006D55;
	1238 : 004C13;
	1239 : 002C66;
	1240 : 000BF1;
	1241 : FFEB80;
	1242 : FFD05D;
	1243 : FFBA36;
	1244 : FFA036;
	1245 : FF84B5;
	1246 : FF8001;
	1247 : FF8001;
	1248 : FF8001;
	1249 : FF8001;
	1250 : FF8001;
	1251 : FF8001;
	1252 : FF8001;
	1253 : FF8001;
	1254 : FF8001;
	1255 : FF8001;
	1256 : FF8001;
	1257 : FF8001;
	1258 : FF8001;
	1259 : FF8001;
	1260 : FF8001;
	1261 : FF8001;
	1262 : FF8001;
	1263 : FF8001;
	1264 : FF8001;
	1265 : FF8001;
	1266 : FF8001;
	1267 : FF8001;
	1268 : FF8001;
	1269 : FF8001;
	1270 : FF8001;
	1271 : FF8001;
	1272 : FF8001;
	1273 : FF8001;
	1274 : FF84D2;
	1275 : FF92EA;
	1276 : FFA6DC;
	1277 : FFB9A7;
	1278 : FFCC21;
	1279 : FFE0BF;
	1280 : FFF4EE;
	1281 : 000AC6;
	1282 : 001E59;
	1283 : 00312E;
	1284 : 0044C6;
	1285 : 005831;
	1286 : 0069B7;
	1287 : 007838;
	1288 : 007FFF;
	1289 : 007FFF;
	1290 : 007FFF;
	1291 : 007FFF;
	1292 : 007FFF;
	1293 : 007FFF;
	1294 : 007FFF;
	1295 : 007FFF;
	1296 : 007FFF;
	1297 : 007FFF;
	1298 : 007FFF;
	1299 : 007FFF;
	1300 : 007FFF;
	1301 : 007FFF;
	1302 : 007FFF;
	1303 : 007FFF;
	1304 : 007FFF;
	1305 : 007FFF;
	1306 : 007FFF;
	1307 : 007FFF;
	1308 : 007FFF;
	1309 : 007FFF;
	1310 : 007FFF;
	1311 : 007A1F;
	1312 : 00654D;
	1313 : 0044EB;
	1314 : 00267C;
	1315 : 0009C4;
	1316 : FFF297;
	1317 : FFE077;
	1318 : FFCA54;
	1319 : FFB2BB;
	1320 : FFA030;
	1321 : FF913B;
	1322 : FF8506;
	1323 : FF8001;
	1324 : FF8001;
	1325 : FF8001;
	1326 : FF8001;
	1327 : FF8001;
	1328 : FF8001;
	1329 : FF8001;
	1330 : FF8001;
	1331 : FF8001;
	1332 : FF8001;
	1333 : FF8001;
	1334 : FF8001;
	1335 : FF8001;
	1336 : FF8001;
	1337 : FF8001;
	1338 : FF8001;
	1339 : FF8001;
	1340 : FF8001;
	1341 : FF8001;
	1342 : FF8001;
	1343 : FF8001;
	1344 : FF82E1;
	1345 : FF8E3F;
	1346 : FF9CB6;
	1347 : FFABF0;
	1348 : FFBBEC;
	1349 : FFCCD8;
	1350 : FFDE42;
	1351 : FFEF41;
	1352 : FFFFE3;
	1353 : 001156;
	1354 : 002250;
	1355 : 00330F;
	1356 : 004320;
	1357 : 00528A;
	1358 : 006137;
	1359 : 006EE2;
	1360 : 007A74;
	1361 : 007FFF;
	1362 : 007FFF;
	1363 : 007FFF;
	1364 : 007FFF;
	1365 : 007FFF;
	1366 : 007FFF;
	1367 : 007FFF;
	1368 : 007FFF;
	1369 : 007FFF;
	1370 : 007FFF;
	1371 : 007FFF;
	1372 : 007FFF;
	1373 : 007FFF;
	1374 : 007FFF;
	1375 : 007FFF;
	1376 : 007FFF;
	1377 : 007FC6;
	1378 : 007DDB;
	1379 : 007736;
	1380 : 007B87;
	1381 : 007F36;
	1382 : 007FFF;
	1383 : 006CFA;
	1384 : 004AE9;
	1385 : 002670;
	1386 : 0006A0;
	1387 : FFEAD5;
	1388 : FFCF2E;
	1389 : FFB486;
	1390 : FFA0B9;
	1391 : FF91A5;
	1392 : FF81BD;
	1393 : FF8001;
	1394 : FF8001;
	1395 : FF8001;
	1396 : FF8001;
	1397 : FF8001;
	1398 : FF8001;
	1399 : FF8001;
	1400 : FF8001;
	1401 : FF8001;
	1402 : FF8001;
	1403 : FF8001;
	1404 : FF8001;
	1405 : FF8001;
	1406 : FF8001;
	1407 : FF8001;
	1408 : FF8001;
	1409 : FF8001;
	1410 : FF8001;
	1411 : FF8001;
	1412 : FF8001;
	1413 : FF81A7;
	1414 : FF8999;
	1415 : FF928A;
	1416 : FF9CA2;
	1417 : FFA57E;
	1418 : FFAEA7;
	1419 : FFB9A3;
	1420 : FFC44A;
	1421 : FFCDE9;
	1422 : FFD882;
	1423 : FFE6CC;
	1424 : FFF868;
	1425 : 0009E7;
	1426 : 001AD3;
	1427 : 002D6D;
	1428 : 003F64;
	1429 : 005149;
	1430 : 006216;
	1431 : 0071BE;
	1432 : 007C95;
	1433 : 007FFF;
	1434 : 007FFF;
	1435 : 007FFF;
	1436 : 007FFF;
	1437 : 007FFF;
	1438 : 007FFF;
	1439 : 007FFF;
	1440 : 007FFF;
	1441 : 007FFF;
	1442 : 007FFF;
	1443 : 007FFF;
	1444 : 007FFF;
	1445 : 007FFF;
	1446 : 007FFF;
	1447 : 007FFF;
	1448 : 007FFF;
	1449 : 007FFF;
	1450 : 007FFF;
	1451 : 007FFF;
	1452 : 007FFF;
	1453 : 007FFF;
	1454 : 007FFF;
	1455 : 007FFF;
	1456 : 007FFF;
	1457 : 007FFF;
	1458 : 00734C;
	1459 : 005838;
	1460 : 003A35;
	1461 : 001F85;
	1462 : 000401;
	1463 : FFE8E0;
	1464 : FFD2D5;
	1465 : FFC0E7;
	1466 : FFAAFF;
	1467 : FF9489;
	1468 : FF8459;
	1469 : FF8001;
	1470 : FF8001;
	1471 : FF8001;
	1472 : FF8001;
	1473 : FF8001;
	1474 : FF8001;
	1475 : FF8001;
	1476 : FF8001;
	1477 : FF8001;
	1478 : FF8088;
	1479 : FF801A;
	1480 : FF8001;
	1481 : FF8001;
	1482 : FF8001;
	1483 : FF8001;
	1484 : FF8001;
	1485 : FF8001;
	1486 : FF8001;
	1487 : FF8001;
	1488 : FF8001;
	1489 : FF8001;
	1490 : FF8001;
	1491 : FF8001;
	1492 : FF8001;
	1493 : FF8001;
	1494 : FF8001;
	1495 : FF84EF;
	1496 : FF90B5;
	1497 : FFA0AC;
	1498 : FFB1F3;
	1499 : FFC37C;
	1500 : FFD55B;
	1501 : FFE84C;
	1502 : FFFA1B;
	1503 : 000D03;
	1504 : 001FCC;
	1505 : 003151;
	1506 : 004207;
	1507 : 005245;
	1508 : 0061FD;
	1509 : 007062;
	1510 : 007B30;
	1511 : 007FFF;
	1512 : 007FFF;
	1513 : 007FFF;
	1514 : 007FFF;
	1515 : 007FFF;
	1516 : 007FFF;
	1517 : 007FFF;
	1518 : 007FFF;
	1519 : 007FFF;
	1520 : 007FFF;
	1521 : 007FFF;
	1522 : 007FFF;
	1523 : 007FFF;
	1524 : 007FFF;
	1525 : 007FFF;
	1526 : 007FFF;
	1527 : 007FFF;
	1528 : 007FFF;
	1529 : 007FFF;
	1530 : 007FFF;
	1531 : 007FFF;
	1532 : 007BC2;
	1533 : 0069BE;
	1534 : 004EC0;
	1535 : 0036FC;
	1536 : 001E72;
	1537 : 000738;
	1538 : FFF537;
	1539 : FFE605;
	1540 : FFD239;
	1541 : FFBE81;
	1542 : FFAF68;
	1543 : FFA305;
	1544 : FF9528;
	1545 : FF8744;
	1546 : FF8001;
	1547 : FF8001;
	1548 : FF8001;
	1549 : FF8001;
	1550 : FF8001;
	1551 : FF8001;
	1552 : FF8001;
	1553 : FF8001;
	1554 : FF8001;
	1555 : FF8001;
	1556 : FF8001;
	1557 : FF8001;
	1558 : FF8001;
	1559 : FF8001;
	1560 : FF8001;
	1561 : FF8001;
	1562 : FF8001;
	1563 : FF8009;
	1564 : FF845D;
	1565 : FF890A;
	1566 : FF8F7E;
	1567 : FF9A3B;
	1568 : FFA6E9;
	1569 : FFB3CD;
	1570 : FFC152;
	1571 : FFCFE3;
	1572 : FFDEFB;
	1573 : FFEE26;
	1574 : FFFCD2;
	1575 : 000BF4;
	1576 : 001AA4;
	1577 : 002906;
	1578 : 0036D8;
	1579 : 004420;
	1580 : 0050C7;
	1581 : 005CD5;
	1582 : 006962;
	1583 : 0076D1;
	1584 : 007FFF;
	1585 : 007FFF;
	1586 : 007FFF;
	1587 : 007FFF;
	1588 : 007FFF;
	1589 : 007FFF;
	1590 : 007FFF;
	1591 : 007FFF;
	1592 : 007FFF;
	1593 : 007FFF;
	1594 : 007FFF;
	1595 : 007FFF;
	1596 : 007FFF;
	1597 : 007C18;
	1598 : 006DA4;
	1599 : 0060F2;
	1600 : 005ADA;
	1601 : 005B71;
	1602 : 0060A7;
	1603 : 0067E0;
	1604 : 006770;
	1605 : 0056DE;
	1606 : 003A2F;
	1607 : 001BB7;
	1608 : 000280;
	1609 : FFEDC0;
	1610 : FFD819;
	1611 : FFC250;
	1612 : FFB1A1;
	1613 : FFA5EA;
	1614 : FF96F7;
	1615 : FF8665;
	1616 : FF80B9;
	1617 : FF8001;
	1618 : FF8001;
	1619 : FF8001;
	1620 : FF8001;
	1621 : FF8001;
	1622 : FF8001;
	1623 : FF8001;
	1624 : FF8001;
	1625 : FF8001;
	1626 : FF8001;
	1627 : FF8001;
	1628 : FF8001;
	1629 : FF8001;
	1630 : FF8001;
	1631 : FF8001;
	1632 : FF8015;
	1633 : FF83CA;
	1634 : FF8E6F;
	1635 : FF995E;
	1636 : FFA195;
	1637 : FFA6ED;
	1638 : FFAAB2;
	1639 : FFAC73;
	1640 : FFAEC5;
	1641 : FFB536;
	1642 : FFBF6E;
	1643 : FFCC36;
	1644 : FFDA71;
	1645 : FFE9AB;
	1646 : FFF9F1;
	1647 : 000A78;
	1648 : 001A06;
	1649 : 0029E3;
	1650 : 003971;
	1651 : 00487A;
	1652 : 005735;
	1653 : 006525;
	1654 : 0071FF;
	1655 : 007BE4;
	1656 : 007FFF;
	1657 : 007FFF;
	1658 : 007FFF;
	1659 : 007FFF;
	1660 : 007FFF;
	1661 : 007FFF;
	1662 : 007FFF;
	1663 : 007FFF;
	1664 : 007FFF;
	1665 : 007FFF;
	1666 : 007FFF;
	1667 : 007FFF;
	1668 : 007FFF;
	1669 : 007FFF;
	1670 : 007FFF;
	1671 : 007FFF;
	1672 : 007FFF;
	1673 : 007FFF;
	1674 : 007FFF;
	1675 : 007FFF;
	1676 : 007FFF;
	1677 : 007FFF;
	1678 : 007FFF;
	1679 : 007A01;
	1680 : 006448;
	1681 : 00467C;
	1682 : 002D19;
	1683 : 001666;
	1684 : FFFE96;
	1685 : FFE73D;
	1686 : FFD530;
	1687 : FFC598;
	1688 : FFB1F9;
	1689 : FF9EE3;
	1690 : FF8FE8;
	1691 : FF8470;
	1692 : FF8001;
	1693 : FF8001;
	1694 : FF8001;
	1695 : FF8491;
	1696 : FF923E;
	1697 : FF9975;
	1698 : FF922E;
	1699 : FF80D5;
	1700 : FF8001;
	1701 : FF8001;
	1702 : FF8001;
	1703 : FF8001;
	1704 : FF8001;
	1705 : FF8001;
	1706 : FF8001;
	1707 : FF8001;
	1708 : FF8001;
	1709 : FF8001;
	1710 : FF8001;
	1711 : FF8001;
	1712 : FF8001;
	1713 : FF8001;
	1714 : FF8001;
	1715 : FF8001;
	1716 : FF8499;
	1717 : FF8F7A;
	1718 : FF9E2B;
	1719 : FFAE6B;
	1720 : FFBF5B;
	1721 : FFCF30;
	1722 : FFDF14;
	1723 : FFF0FF;
	1724 : 00022C;
	1725 : 001255;
	1726 : 0022BA;
	1727 : 003348;
	1728 : 004310;
	1729 : 00517B;
	1730 : 005F14;
	1731 : 006C48;
	1732 : 00782D;
	1733 : 007FFF;
	1734 : 007FFF;
	1735 : 007FFF;
	1736 : 007FFF;
	1737 : 007FFF;
	1738 : 007FFF;
	1739 : 007FFF;
	1740 : 007FFF;
	1741 : 007FFF;
	1742 : 007FFF;
	1743 : 007FFF;
	1744 : 007FFF;
	1745 : 007FFF;
	1746 : 007FFF;
	1747 : 007FFF;
	1748 : 007FFF;
	1749 : 007FFF;
	1750 : 007FFF;
	1751 : 007FFF;
	1752 : 007FFF;
	1753 : 007FFF;
	1754 : 007343;
	1755 : 005B3D;
	1756 : 0044F3;
	1757 : 003143;
	1758 : 001BCE;
	1759 : 000703;
	1760 : FFF757;
	1761 : FFE9CF;
	1762 : FFD8E2;
	1763 : FFC80D;
	1764 : FFBAAF;
	1765 : FFAEE3;
	1766 : FFA263;
	1767 : FF95FC;
	1768 : FF8C18;
	1769 : FF850E;
	1770 : FF8001;
	1771 : FF8001;
	1772 : FF8001;
	1773 : FF8001;
	1774 : FF8001;
	1775 : FF8001;
	1776 : FF8001;
	1777 : FF8001;
	1778 : FF8001;
	1779 : FF8001;
	1780 : FF8001;
	1781 : FF8001;
	1782 : FF8096;
	1783 : FF835C;
	1784 : FF87B5;
	1785 : FF8B3B;
	1786 : FF8EB6;
	1787 : FF929D;
	1788 : FF988A;
	1789 : FFA1FC;
	1790 : FFAD7C;
	1791 : FFB925;
	1792 : FFC550;
	1793 : FFD29A;
	1794 : FFDFF2;
	1795 : FFED06;
	1796 : FFF9D9;
	1797 : 00071A;
	1798 : 001484;
	1799 : 0021AF;
	1800 : 002E88;
	1801 : 003C09;
	1802 : 004C3D;
	1803 : 00614D;
	1804 : 0075BB;
	1805 : 007FFF;
	1806 : 007FFF;
	1807 : 007FFF;
	1808 : 007FFF;
	1809 : 007FFF;
	1810 : 007FFF;
	1811 : 007FFF;
	1812 : 007FFF;
	1813 : 007FFF;
	1814 : 007FFF;
	1815 : 007FFF;
	1816 : 007B7E;
	1817 : 007145;
	1818 : 006685;
	1819 : 005DE4;
	1820 : 0054E5;
	1821 : 004B79;
	1822 : 004538;
	1823 : 0047BC;
	1824 : 005084;
	1825 : 0058F0;
	1826 : 00589B;
	1827 : 004AD1;
	1828 : 00332C;
	1829 : 001A0F;
	1830 : 0004F9;
	1831 : FFF2E3;
	1832 : FFE078;
	1833 : FFCF1D;
	1834 : FFC1EF;
	1835 : FFB6AB;
	1836 : FFA9DD;
	1837 : FF9CDA;
	1838 : FF92F1;
	1839 : FF8ACF;
	1840 : FF83A1;
	1841 : FF8001;
	1842 : FF8001;
	1843 : FF8001;
	1844 : FF8001;
	1845 : FF8001;
	1846 : FF8001;
	1847 : FF8001;
	1848 : FF8001;
	1849 : FF8001;
	1850 : FF8001;
	1851 : FF8001;
	1852 : FF8351;
	1853 : FF89C5;
	1854 : FF9103;
	1855 : FF986C;
	1856 : FF9F96;
	1857 : FFA50E;
	1858 : FFA780;
	1859 : FFA6FD;
	1860 : FFA700;
	1861 : FFA992;
	1862 : FFB031;
	1863 : FFBA81;
	1864 : FFC65B;
	1865 : FFD2E4;
	1866 : FFE046;
	1867 : FFEE5D;
	1868 : FFFC9D;
	1869 : 000A60;
	1870 : 001827;
	1871 : 002684;
	1872 : 003489;
	1873 : 00417D;
	1874 : 004E2F;
	1875 : 005A9F;
	1876 : 006627;
	1877 : 007079;
	1878 : 0079D4;
	1879 : 007FB2;
	1880 : 007FFF;
	1881 : 007FFF;
	1882 : 007FFF;
	1883 : 007FFF;
	1884 : 007FFF;
	1885 : 007FFF;
	1886 : 007FFF;
	1887 : 007FFF;
	1888 : 007FFF;
	1889 : 007FFF;
	1890 : 007FFF;
	1891 : 007FFF;
	1892 : 007FFF;
	1893 : 007EEC;
	1894 : 007997;
	1895 : 007290;
	1896 : 006F66;
	1897 : 007208;
	1898 : 00799D;
	1899 : 007EB0;
	1900 : 007CE4;
	1901 : 006D77;
	1902 : 0053F0;
	1903 : 0039D3;
	1904 : 0023BE;
	1905 : 000FDF;
	1906 : FFFB05;
	1907 : FFE6B7;
	1908 : FFD73D;
	1909 : FFC8F5;
	1910 : FFB84C;
	1911 : FFAA80;
	1912 : FFA44B;
	1913 : FFA59F;
	1914 : FFAC55;
	1915 : FFB3FF;
	1916 : FFB5F3;
	1917 : FFACB4;
	1918 : FF991A;
	1919 : FF855C;
	1920 : FF8001;
	1921 : FF8001;
	1922 : FF8001;
	1923 : FF8001;
	1924 : FF8001;
	1925 : FF8001;
	1926 : FF8001;
	1927 : FF8001;
	1928 : FF8001;
	1929 : FF8001;
	1930 : FF8001;
	1931 : FF8001;
	1932 : FF8001;
	1933 : FF8001;
	1934 : FF8001;
	1935 : FF8001;
	1936 : FF8001;
	1937 : FF8611;
	1938 : FF9153;
	1939 : FF9E6C;
	1940 : FFAC36;
	1941 : FFBB40;
	1942 : FFCB5E;
	1943 : FFDAB5;
	1944 : FFE94E;
	1945 : FFF92C;
	1946 : 0009B1;
	1947 : 0018FB;
	1948 : 0027C9;
	1949 : 0036CA;
	1950 : 004559;
	1951 : 00529B;
	1952 : 005EE3;
	1953 : 006AC7;
	1954 : 0075CC;
	1955 : 007E59;
	1956 : 007FFF;
	1957 : 007FFF;
	1958 : 007FFF;
	1959 : 007FFF;
	1960 : 007FFF;
	1961 : 007FFF;
	1962 : 007FFF;
	1963 : 007FFF;
	1964 : 007FFF;
	1965 : 007FFF;
	1966 : 007FFF;
	1967 : 007FFF;
	1968 : 007FEF;
	1969 : 007F4C;
	1970 : 007B56;
	1971 : 007EF1;
	1972 : 007FE7;
	1973 : 007FFF;
	1974 : 007FFF;
	1975 : 007AA8;
	1976 : 00698E;
	1977 : 00520C;
	1978 : 003E44;
	1979 : 002C5B;
	1980 : 0018DF;
	1981 : 000697;
	1982 : FFF9E3;
	1983 : FFECCE;
	1984 : FFDD41;
	1985 : FFCE5E;
	1986 : FFC26E;
	1987 : FFB748;
	1988 : FFABB8;
	1989 : FFA0E7;
	1990 : FF97EE;
	1991 : FF906E;
	1992 : FF8999;
	1993 : FF831C;
	1994 : FF800C;
	1995 : FF8001;
	1996 : FF8001;
	1997 : FF8001;
	1998 : FF8001;
	1999 : FF8001;
	2000 : FF8001;
	2001 : FF8001;
	2002 : FF807A;
	2003 : FF82FA;
	2004 : FF8878;
	2005 : FF8D26;
	2006 : FF90D3;
	2007 : FF9459;
	2008 : FF9749;
	2009 : FF9AAB;
	2010 : FFA06F;
	2011 : FFA8D1;
	2012 : FFB2E1;
	2013 : FFBD7D;
	2014 : FFC890;
	2015 : FFD47B;
	2016 : FFE092;
	2017 : FFEC5D;
	2018 : FFF86C;
	2019 : 000515;
	2020 : 001280;
	2021 : 002274;
	2022 : 0037B5;
	2023 : 005347;
	2024 : 007141;
	2025 : 007FFF;
	2026 : 007FFF;
	2027 : 007FFF;
	2028 : 007FFF;
	2029 : 007FFF;
	2030 : 007FFF;
	2031 : 007FFF;
	2032 : 007C1B;
	2033 : 007922;
	2034 : 007776;
	2035 : 007379;
	2036 : 006C64;
	2037 : 00658C;
	2038 : 006013;
	2039 : 0059EF;
	2040 : 00520F;
	2041 : 0049B4;
	2042 : 00431A;
	2043 : 003E70;
	2044 : 003B31;
	2045 : 003E46;
	2046 : 004734;
	2047 : 005047;
	2048 : 00507E;
	2049 : 0043EF;
	2050 : 002ED9;
	2051 : 001992;
	2052 : 0008D4;
	2053 : FFFA04;
	2054 : FFE952;
	2055 : FFDA8A;
	2056 : FFD0D8;
	2057 : FFC649;
	2058 : FFBA5B;
	2059 : FFAFB2;
	2060 : FFA7DB;
	2061 : FFA0FD;
	2062 : FF99CD;
	2063 : FF9356;
	2064 : FF8EAF;
	2065 : FF8B44;
	2066 : FF88A7;
	2067 : FF8696;
	2068 : FF8631;
	2069 : FF86DF;
	2070 : FF88D9;
	2071 : FF8B14;
	2072 : FF8D9D;
	2073 : FF91A3;
	2074 : FF964B;
	2075 : FF9A04;
	2076 : FF9CBE;
	2077 : FF9F2F;
	2078 : FFA108;
	2079 : FFA2E6;
	2080 : FFA5AB;
	2081 : FFA98D;
	2082 : FFAD7F;
	2083 : FFB1F1;
	2084 : FFB90E;
	2085 : FFC316;
	2086 : FFCE5C;
	2087 : FFD97B;
	2088 : FFE50D;
	2089 : FFF1FE;
	2090 : FFFF15;
	2091 : 000BAA;
	2092 : 00183C;
	2093 : 00246D;
	2094 : 003078;
	2095 : 003C10;
	2096 : 004709;
	2097 : 00519A;
	2098 : 005BA8;
	2099 : 0064D7;
	2100 : 006D0F;
	2101 : 00745F;
	2102 : 007AA9;
	2103 : 007F75;
	2104 : 007FFF;
	2105 : 007FFF;
	2106 : 007FFF;
	2107 : 007FFF;
	2108 : 007FFF;
	2109 : 007FFF;
	2110 : 007FFF;
	2111 : 007FFF;
	2112 : 007EA1;
	2113 : 007AAB;
	2114 : 0074F4;
	2115 : 006E91;
	2116 : 0067F5;
	2117 : 0061C8;
	2118 : 005F07;
	2119 : 006223;
	2120 : 0069DD;
	2121 : 006FC8;
	2122 : 006CD1;
	2123 : 005DD9;
	2124 : 0046E2;
	2125 : 002FAC;
	2126 : 001C5A;
	2127 : 000A82;
	2128 : FFF74F;
	2129 : FFE61D;
	2130 : FFDB96;
	2131 : FFD486;
	2132 : FFD153;
	2133 : FFD38B;
	2134 : FFD963;
	2135 : FFD910;
	2136 : FFCC46;
	2137 : FFB739;
	2138 : FFA2F7;
	2139 : FF93B3;
	2140 : FF87C8;
	2141 : FF8001;
	2142 : FF8001;
	2143 : FF8001;
	2144 : FF8001;
	2145 : FF8001;
	2146 : FF8001;
	2147 : FF8001;
	2148 : FF8001;
	2149 : FF8001;
	2150 : FF8001;
	2151 : FF8001;
	2152 : FF8001;
	2153 : FF8001;
	2154 : FF8001;
	2155 : FF8001;
	2156 : FF8001;
	2157 : FF82AD;
	2158 : FF89EE;
	2159 : FF941F;
	2160 : FF9FDA;
	2161 : FFACB5;
	2162 : FFBA40;
	2163 : FFC824;
	2164 : FFD6A0;
	2165 : FFE570;
	2166 : FFF458;
	2167 : 00025A;
	2168 : 00110F;
	2169 : 001FB1;
	2170 : 002D7E;
	2171 : 003AA3;
	2172 : 004777;
	2173 : 0053A7;
	2174 : 005EE4;
	2175 : 006924;
	2176 : 007259;
	2177 : 007AE5;
	2178 : 007FFF;
	2179 : 007FFF;
	2180 : 007FFF;
	2181 : 007FFF;
	2182 : 007FFF;
	2183 : 007FFF;
	2184 : 007FFF;
	2185 : 007FFF;
	2186 : 007FFF;
	2187 : 007FFF;
	2188 : 007E87;
	2189 : 007879;
	2190 : 007235;
	2191 : 006DEF;
	2192 : 006D61;
	2193 : 007271;
	2194 : 007C17;
	2195 : 007FB2;
	2196 : 007F3E;
	2197 : 00740E;
	2198 : 005F33;
	2199 : 004A9E;
	2200 : 00393D;
	2201 : 00288D;
	2202 : 001680;
	2203 : 0005F4;
	2204 : FFFAD6;
	2205 : FFEE43;
	2206 : FFDFAF;
	2207 : FFD248;
	2208 : FFC776;
	2209 : FFBD02;
	2210 : FFB1F3;
	2211 : FFA7EF;
	2212 : FF9FD7;
	2213 : FF9883;
	2214 : FF927E;
	2215 : FF8C7D;
	2216 : FF87FA;
	2217 : FF84A0;
	2218 : FF8242;
	2219 : FF80CD;
	2220 : FF8028;
	2221 : FF8087;
	2222 : FF821A;
	2223 : FF846D;
	2224 : FF8730;
	2225 : FF8B03;
	2226 : FF8FD8;
	2227 : FF9435;
	2228 : FF977F;
	2229 : FF9AD1;
	2230 : FF9DA7;
	2231 : FFA0B4;
	2232 : FFA64C;
	2233 : FFAE41;
	2234 : FFB75B;
	2235 : FFC116;
	2236 : FFCB7E;
	2237 : FFD684;
	2238 : FFE204;
	2239 : FFEDC3;
	2240 : FFFCAF;
	2241 : 00119E;
	2242 : 002CC2;
	2243 : 004B0B;
	2244 : 0064F6;
	2245 : 007270;
	2246 : 007319;
	2247 : 006E36;
	2248 : 006AE3;
	2249 : 006A35;
	2250 : 00693F;
	2251 : 0066B7;
	2252 : 00657C;
	2253 : 0066F3;
	2254 : 006655;
	2255 : 0061F2;
	2256 : 005E84;
	2257 : 005C6A;
	2258 : 005924;
	2259 : 005441;
	2260 : 004F32;
	2261 : 004AAE;
	2262 : 0045ED;
	2263 : 003FDA;
	2264 : 003A07;
	2265 : 003626;
	2266 : 0035A3;
	2267 : 003A6A;
	2268 : 0043AA;
	2269 : 004C4E;
	2270 : 004D23;
	2271 : 0042DD;
	2272 : 0030B3;
	2273 : 001DA6;
	2274 : 000E8A;
	2275 : 0001D9;
	2276 : FFF306;
	2277 : FFE5B0;
	2278 : FFDDB1;
	2279 : FFD506;
	2280 : FFCA4E;
	2281 : FFC045;
	2282 : FFB902;
	2283 : FFB2B9;
	2284 : FFABEE;
	2285 : FFA5F0;
	2286 : FFA1F6;
	2287 : FF9ECC;
	2288 : FF9C41;
	2289 : FF99AC;
	2290 : FF9890;
	2291 : FF9899;
	2292 : FF996B;
	2293 : FF9A84;
	2294 : FF9AE6;
	2295 : FF9B5B;
	2296 : FF9B96;
	2297 : FF9AE9;
	2298 : FF9AB5;
	2299 : FF9D69;
	2300 : FFA30A;
	2301 : FFA8A7;
	2302 : FFAD5C;
	2303 : FFB1F5;
	2304 : FFB64E;
	2305 : FFBA8F;
	2306 : FFC0E1;
	2307 : FFC989;
	2308 : FFD38B;
	2309 : FFDE12;
	2310 : FFE907;
	2311 : FFF4A0;
	2312 : 00006A;
	2313 : 000B77;
	2314 : 00171A;
	2315 : 0021F5;
	2316 : 002C72;
	2317 : 0036F5;
	2318 : 0040DB;
	2319 : 0049D6;
	2320 : 005262;
	2321 : 005AB2;
	2322 : 006225;
	2323 : 00684E;
	2324 : 006DC4;
	2325 : 00726F;
	2326 : 007605;
	2327 : 007884;
	2328 : 007A2A;
	2329 : 007B05;
	2330 : 007B14;
	2331 : 007A02;
	2332 : 0077E6;
	2333 : 0074B2;
	2334 : 00709C;
	2335 : 006C19;
	2336 : 0066F4;
	2337 : 0060D9;
	2338 : 005AFD;
	2339 : 005600;
	2340 : 005350;
	2341 : 0055F9;
	2342 : 005D2C;
	2343 : 00631A;
	2344 : 00611F;
	2345 : 00544B;
	2346 : 003FF4;
	2347 : 002AFE;
	2348 : 0019D6;
	2349 : 000BC4;
	2350 : FFFF61;
	2351 : FFFA09;
	2352 : FFFE80;
	2353 : 0002C8;
	2354 : FFFDD6;
	2355 : FFEE0B;
	2356 : FFD93F;
	2357 : FFC502;
	2358 : FFB310;
	2359 : FFA2F6;
	2360 : FF9476;
	2361 : FF8835;
	2362 : FF8055;
	2363 : FF8001;
	2364 : FF8001;
	2365 : FF8001;
	2366 : FF8001;
	2367 : FF8001;
	2368 : FF8001;
	2369 : FF8001;
	2370 : FF8001;
	2371 : FF8001;
	2372 : FF8001;
	2373 : FF8001;
	2374 : FF8001;
	2375 : FF8007;
	2376 : FF80AC;
	2377 : FF8520;
	2378 : FF8997;
	2379 : FF8EC1;
	2380 : FF972E;
	2381 : FFA1FE;
	2382 : FFAD79;
	2383 : FFB982;
	2384 : FFC697;
	2385 : FFD410;
	2386 : FFE10E;
	2387 : FFEDFC;
	2388 : FFFC97;
	2389 : 000A75;
	2390 : 001781;
	2391 : 0024E3;
	2392 : 0031BD;
	2393 : 003DFC;
	2394 : 0049A3;
	2395 : 005489;
	2396 : 005E8A;
	2397 : 0067A8;
	2398 : 007024;
	2399 : 007848;
	2400 : 007E42;
	2401 : 007FDA;
	2402 : 007FFF;
	2403 : 007FFF;
	2404 : 007FFF;
	2405 : 007FFF;
	2406 : 007FFF;
	2407 : 007E0F;
	2408 : 0079D0;
	2409 : 007590;
	2410 : 00719D;
	2411 : 006D1A;
	2412 : 0068F2;
	2413 : 00662D;
	2414 : 00663A;
	2415 : 006B0B;
	2416 : 007387;
	2417 : 007A74;
	2418 : 007933;
	2419 : 006CE0;
	2420 : 005962;
	2421 : 0045EA;
	2422 : 0035EA;
	2423 : 0026FD;
	2424 : 001635;
	2425 : 0006D0;
	2426 : FFFBBD;
	2427 : FFEFE1;
	2428 : FFE21B;
	2429 : FFD506;
	2430 : FFCA73;
	2431 : FFC0B2;
	2432 : FFB63F;
	2433 : FFACA3;
	2434 : FFA563;
	2435 : FF9E8E;
	2436 : FF9837;
	2437 : FF923D;
	2438 : FF8DCC;
	2439 : FF8ACB;
	2440 : FF8856;
	2441 : FF86D3;
	2442 : FF85EA;
	2443 : FF8625;
	2444 : FF87AB;
	2445 : FF89E2;
	2446 : FF8C8F;
	2447 : FF9015;
	2448 : FF9475;
	2449 : FF98FB;
	2450 : FF9BF3;
	2451 : FF9EF4;
	2452 : FFA1CB;
	2453 : FFA4C1;
	2454 : FFAA45;
	2455 : FFB217;
	2456 : FFBACB;
	2457 : FFC431;
	2458 : FFCF5B;
	2459 : FFDD88;
	2460 : FFEFFA;
	2461 : 0007FB;
	2462 : 00253B;
	2463 : 003E60;
	2464 : 004C03;
	2465 : 004E16;
	2466 : 004BA1;
	2467 : 004AA9;
	2468 : 004BCF;
	2469 : 004CAF;
	2470 : 004C95;
	2471 : 004DAB;
	2472 : 00511D;
	2473 : 00537E;
	2474 : 005276;
	2475 : 00515A;
	2476 : 005273;
	2477 : 0051A6;
	2478 : 004F2C;
	2479 : 004D38;
	2480 : 004BB5;
	2481 : 004978;
	2482 : 004618;
	2483 : 004245;
	2484 : 003EF3;
	2485 : 003B01;
	2486 : 003788;
	2487 : 0034B8;
	2488 : 0034BB;
	2489 : 003AB2;
	2490 : 004481;
	2491 : 004CF5;
	2492 : 004DBA;
	2493 : 004460;
	2494 : 00343A;
	2495 : 00233D;
	2496 : 00152D;
	2497 : 00096F;
	2498 : FFFC7F;
	2499 : FFF077;
	2500 : FFE8C4;
	2501 : FFE092;
	2502 : FFD6A9;
	2503 : FFCD84;
	2504 : FFC6BA;
	2505 : FFC0AA;
	2506 : FFB9EF;
	2507 : FFB3F8;
	2508 : FFB02B;
	2509 : FFACB4;
	2510 : FFA9BF;
	2511 : FFA6FA;
	2512 : FFA4C9;
	2513 : FFA33E;
	2514 : FFA0C3;
	2515 : FF9DCE;
	2516 : FF9A43;
	2517 : FF9836;
	2518 : FF994C;
	2519 : FF9C5F;
	2520 : FF9FD5;
	2521 : FFA476;
	2522 : FFAA47;
	2523 : FFAFB1;
	2524 : FFB416;
	2525 : FFB830;
	2526 : FFBBD7;
	2527 : FFBFEE;
	2528 : FFC66D;
	2529 : FFCEE2;
	2530 : FFD7D6;
	2531 : FFE110;
	2532 : FFEB21;
	2533 : FFF5B2;
	2534 : 000032;
	2535 : 000A43;
	2536 : 0014CB;
	2537 : 001EFC;
	2538 : 00284E;
	2539 : 00319C;
	2540 : 003A8C;
	2541 : 00429D;
	2542 : 004A27;
	2543 : 00519A;
	2544 : 00586B;
	2545 : 005DE6;
	2546 : 0062E2;
	2547 : 006784;
	2548 : 006A53;
	2549 : 006C67;
	2550 : 006E48;
	2551 : 006EB2;
	2552 : 006E2D;
	2553 : 006CFB;
	2554 : 006B44;
	2555 : 0068BB;
	2556 : 00650A;
	2557 : 006096;
	2558 : 005BE3;
	2559 : 00564E;
	2560 : 0050BA;
	2561 : 004CE2;
	2562 : 004B9C;
	2563 : 004EAF;
	2564 : 00559B;
	2565 : 005B40;
	2566 : 0058DF;
	2567 : 004CB2;
	2568 : 003BC4;
	2569 : 002DE2;
	2570 : 0027D6;
	2571 : 0027F2;
	2572 : 002790;
	2573 : 0021F2;
	2574 : 001439;
	2575 : FFFEB6;
	2576 : FFE7C4;
	2577 : FFD42E;
	2578 : FFC381;
	2579 : FFB39D;
	2580 : FFA4FB;
	2581 : FF99AF;
	2582 : FF90F6;
	2583 : FF876D;
	2584 : FF8001;
	2585 : FF8001;
	2586 : FF8001;
	2587 : FF8001;
	2588 : FF8001;
	2589 : FF8001;
	2590 : FF8001;
	2591 : FF8001;
	2592 : FF8001;
	2593 : FF8001;
	2594 : FF8001;
	2595 : FF8001;
	2596 : FF806E;
	2597 : FF85A0;
	2598 : FF8B2A;
	2599 : FF90B5;
	2600 : FF9616;
	2601 : FF9BA2;
	2602 : FFA38E;
	2603 : FFADF4;
	2604 : FFB92F;
	2605 : FFC493;
	2606 : FFD0E2;
	2607 : FFDE27;
	2608 : FFEB39;
	2609 : FFF7BF;
	2610 : 000514;
	2611 : 00123B;
	2612 : 001E56;
	2613 : 002AFF;
	2614 : 0036FA;
	2615 : 0041B1;
	2616 : 004C09;
	2617 : 005629;
	2618 : 005F35;
	2619 : 006723;
	2620 : 006E45;
	2621 : 00751C;
	2622 : 007A37;
	2623 : 007C96;
	2624 : 007CE9;
	2625 : 007B40;
	2626 : 007866;
	2627 : 007600;
	2628 : 007462;
	2629 : 0072B8;
	2630 : 007064;
	2631 : 006DB3;
	2632 : 006B03;
	2633 : 006723;
	2634 : 006342;
	2635 : 0060B5;
	2636 : 00608E;
	2637 : 0065D5;
	2638 : 006E60;
	2639 : 007483;
	2640 : 007259;
	2641 : 006635;
	2642 : 005412;
	2643 : 00420C;
	2644 : 0032D2;
	2645 : 002429;
	2646 : 00145B;
	2647 : 00064E;
	2648 : FFFADC;
	2649 : FFEF1F;
	2650 : FFE213;
	2651 : FFD5ED;
	2652 : FFCBE5;
	2653 : FFC2AE;
	2654 : FFB8C3;
	2655 : FFAF20;
	2656 : FFA7DC;
	2657 : FFA17E;
	2658 : FF9B38;
	2659 : FF965A;
	2660 : FF9216;
	2661 : FF8F04;
	2662 : FF8C9D;
	2663 : FF8B0A;
	2664 : FF8A15;
	2665 : FF8A42;
	2666 : FF8BBA;
	2667 : FF8DD3;
	2668 : FF9069;
	2669 : FF9422;
	2670 : FF9887;
	2671 : FF9CEC;
	2672 : FF9FE1;
	2673 : FFA27E;
	2674 : FFA551;
	2675 : FFA876;
	2676 : FFAE09;
	2677 : FFB6FA;
	2678 : FFC2EC;
	2679 : FFD332;
	2680 : FFE9E7;
	2681 : 000482;
	2682 : 001CBC;
	2683 : 002B21;
	2684 : 002CB6;
	2685 : 002A68;
	2686 : 002AA5;
	2687 : 002D97;
	2688 : 002F83;
	2689 : 0030E2;
	2690 : 00347C;
	2691 : 0039C7;
	2692 : 003D50;
	2693 : 003E62;
	2694 : 003FBC;
	2695 : 004310;
	2696 : 004566;
	2697 : 004557;
	2698 : 004653;
	2699 : 004726;
	2700 : 004730;
	2701 : 004660;
	2702 : 0044F2;
	2703 : 004351;
	2704 : 0041B2;
	2705 : 003FDF;
	2706 : 003D6C;
	2707 : 0039C1;
	2708 : 003775;
	2709 : 003665;
	2710 : 003742;
	2711 : 003CFF;
	2712 : 0046BF;
	2713 : 004F9D;
	2714 : 0050B4;
	2715 : 00478D;
	2716 : 00385F;
	2717 : 00294D;
	2718 : 001CBB;
	2719 : 001170;
	2720 : 00052B;
	2721 : FFFA72;
	2722 : FFF29C;
	2723 : FFEB0C;
	2724 : FFE18A;
	2725 : FFD84D;
	2726 : FFD151;
	2727 : FFCB70;
	2728 : FFC4F6;
	2729 : FFBEBA;
	2730 : FFBA58;
	2731 : FFB638;
	2732 : FFB16D;
	2733 : FFAC99;
	2734 : FFA69E;
	2735 : FFA167;
	2736 : FF9D27;
	2737 : FF9B2E;
	2738 : FF9B1E;
	2739 : FF9C70;
	2740 : FF9EF7;
	2741 : FFA23F;
	2742 : FFA5FE;
	2743 : FFAAE2;
	2744 : FFB097;
	2745 : FFB5B1;
	2746 : FFB99D;
	2747 : FFBD90;
	2748 : FFC14D;
	2749 : FFC4ED;
	2750 : FFCA7E;
	2751 : FFD236;
	2752 : FFDA89;
	2753 : FFE2F4;
	2754 : FFEC23;
	2755 : FFF582;
	2756 : FFFF33;
	2757 : 000861;
	2758 : 0011C2;
	2759 : 001B1A;
	2760 : 002406;
	2761 : 002CB4;
	2762 : 0034F3;
	2763 : 003C6B;
	2764 : 004367;
	2765 : 004A44;
	2766 : 005087;
	2767 : 005584;
	2768 : 0059B6;
	2769 : 005DEA;
	2770 : 006087;
	2771 : 006238;
	2772 : 00640B;
	2773 : 0064E3;
	2774 : 006495;
	2775 : 00637B;
	2776 : 0061BA;
	2777 : 005F4A;
	2778 : 005C33;
	2779 : 005895;
	2780 : 005472;
	2781 : 004F32;
	2782 : 004A36;
	2783 : 004679;
	2784 : 00456A;
	2785 : 0048FB;
	2786 : 005065;
	2787 : 0057A4;
	2788 : 005A45;
	2789 : 0057BC;
	2790 : 005397;
	2791 : 00504B;
	2792 : 004A34;
	2793 : 003A11;
	2794 : 0020B2;
	2795 : 00090B;
	2796 : FFF7C8;
	2797 : FFE75E;
	2798 : FFD4D7;
	2799 : FFC471;
	2800 : FFB7FA;
	2801 : FFACFE;
	2802 : FFA0D4;
	2803 : FF9497;
	2804 : FF8C03;
	2805 : FF85FE;
	2806 : FF8001;
	2807 : FF8001;
	2808 : FF8001;
	2809 : FF8001;
	2810 : FF8001;
	2811 : FF8001;
	2812 : FF8001;
	2813 : FF8001;
	2814 : FF8001;
	2815 : FF8001;
	2816 : FF8091;
	2817 : FF83BD;
	2818 : FF8AD8;
	2819 : FF9174;
	2820 : FF9684;
	2821 : FF9BA4;
	2822 : FFA127;
	2823 : FFA752;
	2824 : FFAF15;
	2825 : FFB915;
	2826 : FFC436;
	2827 : FFCF5B;
	2828 : FFDB20;
	2829 : FFE776;
	2830 : FFF3E0;
	2831 : FFFF97;
	2832 : 000BC4;
	2833 : 001807;
	2834 : 00232F;
	2835 : 002E85;
	2836 : 00396B;
	2837 : 004344;
	2838 : 004C94;
	2839 : 0055B0;
	2840 : 005DCA;
	2841 : 006442;
	2842 : 00698F;
	2843 : 006CF2;
	2844 : 006DA9;
	2845 : 006CBC;
	2846 : 006C9E;
	2847 : 006D2A;
	2848 : 006DB9;
	2849 : 006DDD;
	2850 : 006D93;
	2851 : 006CDF;
	2852 : 006B60;
	2853 : 0068E4;
	2854 : 006643;
	2855 : 006266;
	2856 : 005EF4;
	2857 : 005D1F;
	2858 : 005D50;
	2859 : 0061C0;
	2860 : 006979;
	2861 : 006F1C;
	2862 : 006CA8;
	2863 : 0060B1;
	2864 : 004F6E;
	2865 : 003E4B;
	2866 : 002F18;
	2867 : 0020BC;
	2868 : 0011EF;
	2869 : 00053F;
	2870 : FFFA6A;
	2871 : FFEF15;
	2872 : FFE287;
	2873 : FFD69A;
	2874 : FFCC6F;
	2875 : FFC35B;
	2876 : FFBA3B;
	2877 : FFB154;
	2878 : FFAA34;
	2879 : FFA425;
	2880 : FF9D9D;
	2881 : FF98D3;
	2882 : FF94FA;
	2883 : FF9221;
	2884 : FF8FB5;
	2885 : FF8E31;
	2886 : FF8DA7;
	2887 : FF8E21;
	2888 : FF8FA7;
	2889 : FF91D9;
	2890 : FF9479;
	2891 : FF9845;
	2892 : FF9C56;
	2893 : FFA00E;
	2894 : FFA35F;
	2895 : FFA640;
	2896 : FFA9C8;
	2897 : FFB06C;
	2898 : FFBCB8;
	2899 : FFCFB1;
	2900 : FFE6CD;
	2901 : FFFC4F;
	2902 : 000A54;
	2903 : 000E47;
	2904 : 000C24;
	2905 : 000C06;
	2906 : 000FAF;
	2907 : 0012C1;
	2908 : 00150A;
	2909 : 00198C;
	2910 : 001FD1;
	2911 : 0024AE;
	2912 : 0027BA;
	2913 : 002B18;
	2914 : 002F6E;
	2915 : 00339E;
	2916 : 003637;
	2917 : 0038A0;
	2918 : 003C10;
	2919 : 003E1C;
	2920 : 003F9F;
	2921 : 0040A5;
	2922 : 00419E;
	2923 : 004262;
	2924 : 00429C;
	2925 : 0041FE;
	2926 : 0040A1;
	2927 : 003F64;
	2928 : 003E44;
	2929 : 003BB3;
	2930 : 003972;
	2931 : 0038E3;
	2932 : 003B1F;
	2933 : 00412C;
	2934 : 004A6E;
	2935 : 0052B9;
	2936 : 00540B;
	2937 : 004B9D;
	2938 : 003D0C;
	2939 : 002EE6;
	2940 : 00233A;
	2941 : 001805;
	2942 : 000BF3;
	2943 : 00021F;
	2944 : FFFA6B;
	2945 : FFF2BD;
	2946 : FFE995;
	2947 : FFE0B1;
	2948 : FFD9B6;
	2949 : FFD395;
	2950 : FFCC77;
	2951 : FFC4B8;
	2952 : FFBDE9;
	2953 : FFB763;
	2954 : FFAF78;
	2955 : FFA8EB;
	2956 : FFA44F;
	2957 : FFA210;
	2958 : FFA0C0;
	2959 : FF9FED;
	2960 : FFA049;
	2961 : FFA216;
	2962 : FFA4F0;
	2963 : FFA857;
	2964 : FFABEF;
	2965 : FFB06F;
	2966 : FFB5E3;
	2967 : FFBAB8;
	2968 : FFBE31;
	2969 : FFC153;
	2970 : FFC4AD;
	2971 : FFC86F;
	2972 : FFCD75;
	2973 : FFD441;
	2974 : FFDC0D;
	2975 : FFE3FE;
	2976 : FFEC6D;
	2977 : FFF563;
	2978 : FFFDF5;
	2979 : 0006FA;
	2980 : 000F8D;
	2981 : 0017FF;
	2982 : 002036;
	2983 : 002810;
	2984 : 002F5B;
	2985 : 00363D;
	2986 : 003CDF;
	2987 : 004320;
	2988 : 0048C0;
	2989 : 004D83;
	2990 : 005172;
	2991 : 005516;
	2992 : 0057B9;
	2993 : 005998;
	2994 : 005B0E;
	2995 : 005BC3;
	2996 : 005B7B;
	2997 : 005AB4;
	2998 : 005964;
	2999 : 00571F;
	3000 : 005421;
	3001 : 0050E2;
	3002 : 004D30;
	3003 : 004899;
	3004 : 004467;
	3005 : 0041EA;
	3006 : 004321;
	3007 : 004B0E;
	3008 : 005A22;
	3009 : 006BF8;
	3010 : 007757;
	3011 : 007456;
	3012 : 0062E9;
	3013 : 004A4D;
	3014 : 003213;
	3015 : 001D88;
	3016 : 000A05;
	3017 : FFF6EC;
	3018 : FFE77A;
	3019 : FFDAE3;
	3020 : FFCD5C;
	3021 : FFBF13;
	3022 : FFB252;
	3023 : FFA7FB;
	3024 : FF9EA2;
	3025 : FF94F4;
	3026 : FF8C86;
	3027 : FF86A0;
	3028 : FF81F5;
	3029 : FF8033;
	3030 : FF8001;
	3031 : FF8001;
	3032 : FF8001;
	3033 : FF8001;
	3034 : FF8001;
	3035 : FF8001;
	3036 : FF812C;
	3037 : FF84FE;
	3038 : FF8A40;
	3039 : FF8F96;
	3040 : FF961E;
	3041 : FF9CD9;
	3042 : FFA287;
	3043 : FFA786;
	3044 : FFACCC;
	3045 : FFB2D5;
	3046 : FFBA6B;
	3047 : FFC3E1;
	3048 : FFCE69;
	3049 : FFD931;
	3050 : FFE45E;
	3051 : FFEF84;
	3052 : FFFB22;
	3053 : 00062B;
	3054 : 001153;
	3055 : 001CC1;
	3056 : 002763;
	3057 : 00317E;
	3058 : 003B30;
	3059 : 0043FF;
	3060 : 004BB9;
	3061 : 005247;
	3062 : 005701;
	3063 : 0059BF;
	3064 : 005B65;
	3065 : 005D88;
	3066 : 006003;
	3067 : 006310;
	3068 : 006588;
	3069 : 006706;
	3070 : 00680D;
	3071 : 0068B1;
	3072 : 0068CA;
	3073 : 006826;
	3074 : 006697;
	3075 : 00647D;
	3076 : 006219;
	3077 : 005F22;
	3078 : 005B61;
	3079 : 005944;
	3080 : 005A33;
	3081 : 005ECF;
	3082 : 006589;
	3083 : 0069E0;
	3084 : 006686;
	3085 : 005A32;
	3086 : 004951;
	3087 : 00396D;
	3088 : 002BBB;
	3089 : 001E56;
	3090 : 00100C;
	3091 : 000388;
	3092 : FFF88D;
	3093 : FFED59;
	3094 : FFE146;
	3095 : FFD5FE;
	3096 : FFCC60;
	3097 : FFC384;
	3098 : FFBA98;
	3099 : FFB24E;
	3100 : FFABAD;
	3101 : FFA66A;
	3102 : FFA05C;
	3103 : FF9B72;
	3104 : FF97D1;
	3105 : FF953D;
	3106 : FF9312;
	3107 : FF918C;
	3108 : FF9108;
	3109 : FF91AC;
	3110 : FF937A;
	3111 : FF9601;
	3112 : FF987C;
	3113 : FF9BF6;
	3114 : FFA065;
	3115 : FFA4CB;
	3116 : FFAA77;
	3117 : FFB35B;
	3118 : FFC0F1;
	3119 : FFD2B0;
	3120 : FFE41C;
	3121 : FFEFA7;
	3122 : FFF300;
	3123 : FFF14E;
	3124 : FFF0E6;
	3125 : FFF426;
	3126 : FFF775;
	3127 : FFF98E;
	3128 : FFFDF6;
	3129 : 000507;
	3130 : 000AA3;
	3131 : 000ED4;
	3132 : 001348;
	3133 : 0018A6;
	3134 : 001E27;
	3135 : 0022CB;
	3136 : 0026C9;
	3137 : 002B95;
	3138 : 003023;
	3139 : 0033DC;
	3140 : 0036C0;
	3141 : 00399A;
	3142 : 003C5B;
	3143 : 003EA0;
	3144 : 004030;
	3145 : 004107;
	3146 : 0041B0;
	3147 : 004241;
	3148 : 0041D6;
	3149 : 00409D;
	3150 : 004002;
	3151 : 003EB3;
	3152 : 003CF8;
	3153 : 003CE3;
	3154 : 003F7B;
	3155 : 0045F8;
	3156 : 004F07;
	3157 : 00564A;
	3158 : 00567C;
	3159 : 004DE2;
	3160 : 00403D;
	3161 : 003303;
	3162 : 002812;
	3163 : 001D57;
	3164 : 0011C9;
	3165 : 000831;
	3166 : 000051;
	3167 : FFF861;
	3168 : FFEF3E;
	3169 : FFE5F9;
	3170 : FFDDB5;
	3171 : FFD5AB;
	3172 : FFCC5D;
	3173 : FFC24A;
	3174 : FFB988;
	3175 : FFB34B;
	3176 : FFAE80;
	3177 : FFAAB9;
	3178 : FFA80E;
	3179 : FFA662;
	3180 : FFA609;
	3181 : FFA655;
	3182 : FFA70C;
	3183 : FFA886;
	3184 : FFAAF5;
	3185 : FFAE15;
	3186 : FFB158;
	3187 : FFB56C;
	3188 : FFBA17;
	3189 : FFBE87;
	3190 : FFC216;
	3191 : FFC4C6;
	3192 : FFC79A;
	3193 : FFCB09;
	3194 : FFCF89;
	3195 : FFD59D;
	3196 : FFDCD1;
	3197 : FFE41A;
	3198 : FFEBC8;
	3199 : FFF42F;
	3200 : FFFC4C;
	3201 : 00047C;
	3202 : 000CA4;
	3203 : 00146F;
	3204 : 001BCE;
	3205 : 0022F3;
	3206 : 0029DB;
	3207 : 003079;
	3208 : 0036CE;
	3209 : 003CAF;
	3210 : 0041D6;
	3211 : 004677;
	3212 : 004A7B;
	3213 : 004DAF;
	3214 : 005098;
	3215 : 005281;
	3216 : 0053B4;
	3217 : 005463;
	3218 : 005435;
	3219 : 00536B;
	3220 : 005265;
	3221 : 0050E4;
	3222 : 004E93;
	3223 : 004BC3;
	3224 : 0048B0;
	3225 : 0045D6;
	3226 : 00460C;
	3227 : 004BA5;
	3228 : 005818;
	3229 : 0068D9;
	3230 : 007713;
	3231 : 007ABD;
	3232 : 007094;
	3233 : 005C8A;
	3234 : 0045E1;
	3235 : 00310E;
	3236 : 001DC2;
	3237 : 000AAF;
	3238 : FFFACB;
	3239 : FFED09;
	3240 : FFE00C;
	3241 : FFD2C9;
	3242 : FFC5E6;
	3243 : FFBA4B;
	3244 : FFB013;
	3245 : FFA6AC;
	3246 : FF9DD1;
	3247 : FF9635;
	3248 : FF9060;
	3249 : FF8B21;
	3250 : FF86A8;
	3251 : FF835D;
	3252 : FF81BA;
	3253 : FF8128;
	3254 : FF8143;
	3255 : FF822D;
	3256 : FF844C;
	3257 : FF877F;
	3258 : FF8B4F;
	3259 : FF8FE0;
	3260 : FF9589;
	3261 : FF9BBA;
	3262 : FFA238;
	3263 : FFA8AB;
	3264 : FFAE65;
	3265 : FFB34E;
	3266 : FFB827;
	3267 : FFBDBB;
	3268 : FFC4EF;
	3269 : FFCDCE;
	3270 : FFD799;
	3271 : FFE1CA;
	3272 : FFEC2F;
	3273 : FFF6BD;
	3274 : 00019E;
	3275 : 000C1C;
	3276 : 001607;
	3277 : 001FC1;
	3278 : 00297B;
	3279 : 003231;
	3280 : 003956;
	3281 : 003EE8;
	3282 : 0042FF;
	3283 : 00462C;
	3284 : 0049CB;
	3285 : 004E66;
	3286 : 005375;
	3287 : 0057E4;
	3288 : 005B84;
	3289 : 005E83;
	3290 : 006167;
	3291 : 00635A;
	3292 : 006463;
	3293 : 006514;
	3294 : 006549;
	3295 : 006487;
	3296 : 006318;
	3297 : 006115;
	3298 : 005E49;
	3299 : 005AE1;
	3300 : 005767;
	3301 : 00550C;
	3302 : 0055A9;
	3303 : 0059A5;
	3304 : 005F98;
	3305 : 00639A;
	3306 : 0060BC;
	3307 : 005534;
	3308 : 0044CF;
	3309 : 003541;
	3310 : 0027DD;
	3311 : 001AD8;
	3312 : 000D6F;
	3313 : 0000F8;
	3314 : FFF668;
	3315 : FFEB82;
	3316 : FFDFD7;
	3317 : FFD519;
	3318 : FFCC3D;
	3319 : FFC407;
	3320 : FFBB56;
	3321 : FFB35A;
	3322 : FFAC9D;
	3323 : FFA746;
	3324 : FFA220;
	3325 : FF9D61;
	3326 : FF99DB;
	3327 : FF975C;
	3328 : FF9596;
	3329 : FF9471;
	3330 : FF9432;
	3331 : FF94F6;
	3332 : FF969D;
	3333 : FF991B;
	3334 : FF9C5E;
	3335 : FFA22E;
	3336 : FFAC5A;
	3337 : FFBA91;
	3338 : FFCAB5;
	3339 : FFD918;
	3340 : FFE045;
	3341 : FFDF92;
	3342 : FFDBCA;
	3343 : FFDA26;
	3344 : FFDBB6;
	3345 : FFDE05;
	3346 : FFDFCF;
	3347 : FFE3A7;
	3348 : FFEA9E;
	3349 : FFF0DA;
	3350 : FFF4DC;
	3351 : FFFA18;
	3352 : 00009B;
	3353 : 0006F4;
	3354 : 000C4C;
	3355 : 001197;
	3356 : 0017EA;
	3357 : 001E63;
	3358 : 002356;
	3359 : 0027A3;
	3360 : 002C96;
	3361 : 0031B0;
	3362 : 0035BF;
	3363 : 003959;
	3364 : 003C60;
	3365 : 003ED1;
	3366 : 0040F2;
	3367 : 00428A;
	3368 : 004388;
	3369 : 004455;
	3370 : 0044C5;
	3371 : 00445D;
	3372 : 004341;
	3373 : 004226;
	3374 : 004139;
	3375 : 004117;
	3376 : 004397;
	3377 : 0049EA;
	3378 : 0052BB;
	3379 : 005998;
	3380 : 005980;
	3381 : 0050FF;
	3382 : 004395;
	3383 : 00363A;
	3384 : 002BA4;
	3385 : 002183;
	3386 : 0015F7;
	3387 : 000C1B;
	3388 : 00040D;
	3389 : FFFAB9;
	3390 : FFEFDF;
	3391 : FFE4CE;
	3392 : FFDA61;
	3393 : FFD07D;
	3394 : FFC722;
	3395 : FFBF8E;
	3396 : FFBA55;
	3397 : FFB674;
	3398 : FFB243;
	3399 : FFAED1;
	3400 : FFACCF;
	3401 : FFAB6C;
	3402 : FFAAEB;
	3403 : FFAAF2;
	3404 : FFAB94;
	3405 : FFAD2D;
	3406 : FFAF93;
	3407 : FFB270;
	3408 : FFB578;
	3409 : FFB95A;
	3410 : FFBD78;
	3411 : FFC125;
	3412 : FFC462;
	3413 : FFC6EC;
	3414 : FFC919;
	3415 : FFCBE2;
	3416 : FFD01E;
	3417 : FFD5FA;
	3418 : FFDCDF;
	3419 : FFE3D9;
	3420 : FFEA99;
	3421 : FFF23F;
	3422 : FFFA15;
	3423 : 00019D;
	3424 : 000907;
	3425 : 001056;
	3426 : 001797;
	3427 : 001EBD;
	3428 : 002574;
	3429 : 002BC1;
	3430 : 0031CF;
	3431 : 00374C;
	3432 : 003C07;
	3433 : 00409E;
	3434 : 0044B1;
	3435 : 0047E0;
	3436 : 004A54;
	3437 : 004C28;
	3438 : 004D51;
	3439 : 004E25;
	3440 : 004E9E;
	3441 : 004E70;
	3442 : 004D9A;
	3443 : 004C6E;
	3444 : 004B6F;
	3445 : 004C4B;
	3446 : 0050A0;
	3447 : 005922;
	3448 : 0062F6;
	3449 : 0068D2;
	3450 : 0067FE;
	3451 : 0063BF;
	3452 : 0060BB;
	3453 : 005E49;
	3454 : 0056DF;
	3455 : 0046F5;
	3456 : 003241;
	3457 : 002005;
	3458 : 001210;
	3459 : 0002A1;
	3460 : FFF176;
	3461 : FFE424;
	3462 : FFDA13;
	3463 : FFCF1D;
	3464 : FFC336;
	3465 : FFB874;
	3466 : FFB019;
	3467 : FFA8E9;
	3468 : FFA0EF;
	3469 : FF99D3;
	3470 : FF9534;
	3471 : FF913F;
	3472 : FF8E06;
	3473 : FF8B34;
	3474 : FF8A47;
	3475 : FF8A65;
	3476 : FF8B20;
	3477 : FF8C4F;
	3478 : FF8E71;
	3479 : FF9225;
	3480 : FF96D7;
	3481 : FF9B2B;
	3482 : FFA015;
	3483 : FFA687;
	3484 : FFACC9;
	3485 : FFB2AC;
	3486 : FFB7F0;
	3487 : FFBCF7;
	3488 : FFC1CC;
	3489 : FFC6FE;
	3490 : FFCDCC;
	3491 : FFD658;
	3492 : FFDF84;
	3493 : FFE8E4;
	3494 : FFF269;
	3495 : FFFC1B;
	3496 : 0005B8;
	3497 : 000F4D;
	3498 : 001833;
	3499 : 001F96;
	3500 : 002604;
	3501 : 002B2E;
	3502 : 002F55;
	3503 : 0033D0;
	3504 : 003978;
	3505 : 003F91;
	3506 : 004548;
	3507 : 004AD8;
	3508 : 00501C;
	3509 : 0054B8;
	3510 : 005866;
	3511 : 005B95;
	3512 : 005E0E;
	3513 : 005FCE;
	3514 : 00610F;
	3515 : 0061CB;
	3516 : 0061C3;
	3517 : 0060E1;
	3518 : 005F6E;
	3519 : 005DE3;
	3520 : 005AB8;
	3521 : 00571E;
	3522 : 005418;
	3523 : 0051AE;
	3524 : 0051DB;
	3525 : 00555A;
	3526 : 005AC1;
	3527 : 005DD8;
	3528 : 005A2C;
	3529 : 004EBB;
	3530 : 003EED;
	3531 : 003000;
	3532 : 002372;
	3533 : 0016AA;
	3534 : 000906;
	3535 : FFFCFC;
	3536 : FFF329;
	3537 : FFE916;
	3538 : FFDE3A;
	3539 : FFD412;
	3540 : FFCB9D;
	3541 : FFC3C2;
	3542 : FFBB2C;
	3543 : FFB3A3;
	3544 : FFADB7;
	3545 : FFA804;
	3546 : FFA346;
	3547 : FF9F04;
	3548 : FF9C02;
	3549 : FF99D1;
	3550 : FF9858;
	3551 : FF977D;
	3552 : FF9783;
	3553 : FF9939;
	3554 : FF9D63;
	3555 : FFA4BD;
	3556 : FFB0DF;
	3557 : FFC142;
	3558 : FFD15E;
	3559 : FFD934;
	3560 : FFD7A3;
	3561 : FFD1AE;
	3562 : FFCCA4;
	3563 : FFCA4D;
	3564 : FFCA06;
	3565 : FFCB2F;
	3566 : FFCE36;
	3567 : FFD38D;
	3568 : FFD96F;
	3569 : FFDD4D;
	3570 : FFE249;
	3571 : FFE901;
	3572 : FFEF7C;
	3573 : FFF56A;
	3574 : FFFB83;
	3575 : 000250;
	3576 : 000939;
	3577 : 000FCD;
	3578 : 001635;
	3579 : 001C57;
	3580 : 00226A;
	3581 : 00280B;
	3582 : 002D11;
	3583 : 0031E8;
	3584 : 003649;
	3585 : 003A71;
	3586 : 003DFB;
	3587 : 0040CA;
	3588 : 004343;
	3589 : 004576;
	3590 : 0046EB;
	3591 : 004794;
	3592 : 004822;
	3593 : 004836;
	3594 : 004743;
	3595 : 0045E2;
	3596 : 00452B;
	3597 : 004578;
	3598 : 004869;
	3599 : 004EBE;
	3600 : 0056C7;
	3601 : 005C82;
	3602 : 005B6E;
	3603 : 005237;
	3604 : 0044D5;
	3605 : 003828;
	3606 : 002D78;
	3607 : 0022C9;
	3608 : 0016BE;
	3609 : 000BB9;
	3610 : 0001C6;
	3611 : FFF62A;
	3612 : FFE972;
	3613 : FFDEAC;
	3614 : FFD6D3;
	3615 : FFCFD0;
	3616 : FFC83A;
	3617 : FFC1E0;
	3618 : FFBDCB;
	3619 : FFB9A4;
	3620 : FFB629;
	3621 : FFB310;
	3622 : FFB13E;
	3623 : FFAFF8;
	3624 : FFAF1D;
	3625 : FFAF01;
	3626 : FFAFA6;
	3627 : FFB13C;
	3628 : FFB3E3;
	3629 : FFB630;
	3630 : FFB89B;
	3631 : FFBC20;
	3632 : FFC045;
	3633 : FFC367;
	3634 : FFC5E7;
	3635 : FFC7FE;
	3636 : FFC9F3;
	3637 : FFCC8C;
	3638 : FFD0AC;
	3639 : FFD63F;
	3640 : FFDC71;
	3641 : FFE309;
	3642 : FFE9C5;
	3643 : FFF0F9;
	3644 : FFF841;
	3645 : FFFEEC;
	3646 : 0005DB;
	3647 : 000D11;
	3648 : 001445;
	3649 : 001B25;
	3650 : 00218C;
	3651 : 00277F;
	3652 : 002D19;
	3653 : 00326B;
	3654 : 003726;
	3655 : 003B75;
	3656 : 003FB1;
	3657 : 004312;
	3658 : 00457A;
	3659 : 00479D;
	3660 : 00492B;
	3661 : 004A1A;
	3662 : 004AEF;
	3663 : 004C2C;
	3664 : 004EDA;
	3665 : 0054C5;
	3666 : 005E17;
	3667 : 0068C6;
	3668 : 006EA2;
	3669 : 006A36;
	3670 : 005EE3;
	3671 : 0053ED;
	3672 : 004DC2;
	3673 : 004C11;
	3674 : 004C48;
	3675 : 004AF9;
	3676 : 00450F;
	3677 : 0038E5;
	3678 : 00272A;
	3679 : 00151C;
	3680 : 000706;
	3681 : FFFAA3;
	3682 : FFEC3B;
	3683 : FFDF8C;
	3684 : FFD603;
	3685 : FFCC98;
	3686 : FFC28B;
	3687 : FFB956;
	3688 : FFB211;
	3689 : FFABD9;
	3690 : FFA503;
	3691 : FF9F22;
	3692 : FF9B7F;
	3693 : FF9818;
	3694 : FF95BB;
	3695 : FF93B4;
	3696 : FF92E7;
	3697 : FF9329;
	3698 : FF94AE;
	3699 : FF96C7;
	3700 : FF990E;
	3701 : FF9C87;
	3702 : FFA1AE;
	3703 : FFA683;
	3704 : FFAAFC;
	3705 : FFB0CD;
	3706 : FFB73B;
	3707 : FFBD18;
	3708 : FFC24E;
	3709 : FFC6C3;
	3710 : FFCB01;
	3711 : FFCFD2;
	3712 : FFD605;
	3713 : FFDDC4;
	3714 : FFE644;
	3715 : FFEEE1;
	3716 : FFF79D;
	3717 : 000033;
	3718 : 0007E2;
	3719 : 000E06;
	3720 : 00137B;
	3721 : 00184E;
	3722 : 001D64;
	3723 : 002374;
	3724 : 002A23;
	3725 : 0030F1;
	3726 : 0037D8;
	3727 : 003E7D;
	3728 : 004442;
	3729 : 0049A0;
	3730 : 004E61;
	3731 : 005250;
	3732 : 0055E5;
	3733 : 005925;
	3734 : 005B93;
	3735 : 005D44;
	3736 : 005E98;
	3737 : 005F54;
	3738 : 005F01;
	3739 : 005DCA;
	3740 : 005BE3;
	3741 : 0059AE;
	3742 : 0056D4;
	3743 : 00532E;
	3744 : 004FF3;
	3745 : 004D87;
	3746 : 004D58;
	3747 : 005073;
	3748 : 005539;
	3749 : 00578C;
	3750 : 00537D;
	3751 : 004836;
	3752 : 0038E0;
	3753 : 002AAA;
	3754 : 001ED5;
	3755 : 00122D;
	3756 : 000516;
	3757 : FFF9F0;
	3758 : FFF0BC;
	3759 : FFE6F4;
	3760 : FFDC60;
	3761 : FFD2B3;
	3762 : FFCABD;
	3763 : FFC33C;
	3764 : FFBAE4;
	3765 : FFB3D7;
	3766 : FFAF28;
	3767 : FFA99E;
	3768 : FFA4EB;
	3769 : FFA13F;
	3770 : FF9E89;
	3771 : FF9C86;
	3772 : FF9BF1;
	3773 : FF9DDD;
	3774 : FFA339;
	3775 : FFAD06;
	3776 : FFBAEA;
	3777 : FFC80A;
	3778 : FFCFA5;
	3779 : FFCF0D;
	3780 : FFCA63;
	3781 : FFC6DA;
	3782 : FFC4C1;
	3783 : FFC24F;
	3784 : FFBF7E;
	3785 : FFBEB8;
	3786 : FFC12A;
	3787 : FFC529;
	3788 : FFC8D1;
	3789 : FFCC99;
	3790 : FFD2E5;
	3791 : FFD9BD;
	3792 : FFDF76;
	3793 : FFE53B;
	3794 : FFEBEE;
	3795 : FFF30E;
	3796 : FFFA42;
	3797 : 000185;
	3798 : 000894;
	3799 : 000F88;
	3800 : 0016A0;
	3801 : 001CE5;
	3802 : 0022C5;
	3803 : 00292C;
	3804 : 002EEA;
	3805 : 00341C;
	3806 : 00386E;
	3807 : 003CF0;
	3808 : 00413C;
	3809 : 00444D;
	3810 : 004693;
	3811 : 0048E2;
	3812 : 004ADD;
	3813 : 004BC6;
	3814 : 004BCA;
	3815 : 004BEC;
	3816 : 004B3F;
	3817 : 0049C9;
	3818 : 004908;
	3819 : 0048F2;
	3820 : 004B19;
	3821 : 00508B;
	3822 : 0057D3;
	3823 : 005CEA;
	3824 : 005B7E;
	3825 : 00525B;
	3826 : 0044F2;
	3827 : 0037A9;
	3828 : 002BD4;
	3829 : 001F08;
	3830 : 0010E1;
	3831 : 000451;
	3832 : FFFAC9;
	3833 : FFF188;
	3834 : FFE7AC;
	3835 : FFDEEC;
	3836 : FFD859;
	3837 : FFD28F;
	3838 : FFCBDF;
	3839 : FFC5EC;
	3840 : FFC1E2;
	3841 : FFBD6A;
	3842 : FFB9F3;
	3843 : FFB6E1;
	3844 : FFB4EB;
	3845 : FFB3D9;
	3846 : FFB347;
	3847 : FFB31A;
	3848 : FFB349;
	3849 : FFB41F;
	3850 : FFB62C;
	3851 : FFB87E;
	3852 : FFBABC;
	3853 : FFBDFC;
	3854 : FFC1E5;
	3855 : FFC4E9;
	3856 : FFC6FA;
	3857 : FFC917;
	3858 : FFCB11;
	3859 : FFCD15;
	3860 : FFD075;
	3861 : FFD5AF;
	3862 : FFDB86;
	3863 : FFE1C7;
	3864 : FFE885;
	3865 : FFEF7C;
	3866 : FFF655;
	3867 : FFFD25;
	3868 : 000413;
	3869 : 000ABC;
	3870 : 001150;
	3871 : 0017CC;
	3872 : 001DF7;
	3873 : 0023B2;
	3874 : 00291E;
	3875 : 002E7E;
	3876 : 003390;
	3877 : 0037CC;
	3878 : 003B86;
	3879 : 003F10;
	3880 : 00417D;
	3881 : 0043FB;
	3882 : 00472C;
	3883 : 004BE5;
	3884 : 0053B3;
	3885 : 005EA6;
	3886 : 0069A6;
	3887 : 007014;
	3888 : 006E2E;
	3889 : 006422;
	3890 : 005889;
	3891 : 004FB4;
	3892 : 0047A5;
	3893 : 003FDE;
	3894 : 003B36;
	3895 : 003B90;
	3896 : 003E7E;
	3897 : 003ED7;
	3898 : 0038F6;
	3899 : 002D11;
	3900 : 001DF3;
	3901 : 000EEC;
	3902 : 0001BE;
	3903 : FFF633;
	3904 : FFE9F7;
	3905 : FFDF4A;
	3906 : FFD6B2;
	3907 : FFCDEF;
	3908 : FFC4C8;
	3909 : FFBCD9;
	3910 : FFB6B5;
	3911 : FFB11D;
	3912 : FFAB18;
	3913 : FFA639;
	3914 : FFA341;
	3915 : FFA07B;
	3916 : FF9EA2;
	3917 : FF9D99;
	3918 : FF9D5A;
	3919 : FF9DEE;
	3920 : FF9F4B;
	3921 : FFA165;
	3922 : FFA3F9;
	3923 : FFA730;
	3924 : FFABED;
	3925 : FFB0DD;
	3926 : FFB50A;
	3927 : FFBA7F;
	3928 : FFC05D;
	3929 : FFC57F;
	3930 : FFCA4E;
	3931 : FFCEBE;
	3932 : FFD296;
	3933 : FFD69B;
	3934 : FFDC34;
	3935 : FFE377;
	3936 : FFEAA9;
	3937 : FFF107;
	3938 : FFF6C6;
	3939 : FFFBCC;
	3940 : 00008F;
	3941 : 000572;
	3942 : 000C39;
	3943 : 0013AF;
	3944 : 001AF7;
	3945 : 002245;
	3946 : 002980;
	3947 : 003055;
	3948 : 0036E3;
	3949 : 003CD4;
	3950 : 004259;
	3951 : 004787;
	3952 : 004C54;
	3953 : 005060;
	3954 : 0053C3;
	3955 : 0056D6;
	3956 : 005914;
	3957 : 005A2D;
	3958 : 005ABA;
	3959 : 005B23;
	3960 : 005ADF;
	3961 : 00598D;
	3962 : 005798;
	3963 : 00550F;
	3964 : 00527C;
	3965 : 004E91;
	3966 : 004ADC;
	3967 : 00486C;
	3968 : 004815;
	3969 : 004AF1;
	3970 : 004FA0;
	3971 : 0051FB;
	3972 : 004DDE;
	3973 : 004286;
	3974 : 0033CB;
	3975 : 0025F5;
	3976 : 001ACC;
	3977 : 000EF7;
	3978 : 000261;
	3979 : FFF7A0;
	3980 : FFEE87;
	3981 : FFE4E9;
	3982 : FFDAB8;
	3983 : FFD1A7;
	3984 : FFCA35;
	3985 : FFC321;
	3986 : FFBBC0;
	3987 : FFB4D9;
	3988 : FFB022;
	3989 : FFAB6D;
	3990 : FFA72C;
	3991 : FFA495;
	3992 : FFA44F;
	3993 : FFA7DD;
	3994 : FFAFDE;
	3995 : FFBAB3;
	3996 : FFC47F;
	3997 : FFC919;
	3998 : FFC732;
	3999 : FFC191;
	4000 : FFBD7D;
	4001 : FFBCC8;
	4002 : FFBB74;
	4003 : FFB98C;
	4004 : FFB93E;
	4005 : FFB9A9;
	4006 : FFB9A1;
	4007 : FFB983;
	4008 : FFBB5D;
	4009 : FFC031;
	4010 : FFC594;
	4011 : FFC9EA;
	4012 : FFCFB0;
	4013 : FFD6B2;
	4014 : FFDDF6;
	4015 : FFE4DF;
	4016 : FFEC61;
	4017 : FFF40B;
	4018 : FFFB79;
	4019 : 0002F8;
	4020 : 000A49;
	4021 : 001137;
	4022 : 00188C;
	4023 : 001FAF;
	4024 : 002625;
	4025 : 002C2A;
	4026 : 0031E0;
	4027 : 003754;
	4028 : 003C09;
	4029 : 004076;
	4030 : 004484;
	4031 : 0047AB;
	4032 : 004A27;
	4033 : 004C71;
	4034 : 004E39;
	4035 : 004F06;
	4036 : 004EEA;
	4037 : 004EE0;
	4038 : 004E3E;
	4039 : 004C49;
	4040 : 004B18;
	4041 : 004AE1;
	4042 : 004CBB;
	4043 : 0051E4;
	4044 : 0058A5;
	4045 : 005C99;
	4046 : 0059B7;
	4047 : 004ED3;
	4048 : 003F1B;
	4049 : 002FB7;
	4050 : 002280;
	4051 : 0015F1;
	4052 : 000A68;
	4053 : 00012B;
	4054 : FFF96A;
	4055 : FFF13B;
	4056 : FFE86D;
	4057 : FFE07D;
	4058 : FFDA30;
	4059 : FFD44D;
	4060 : FFCDA1;
	4061 : FFC7ED;
	4062 : FFC47B;
	4063 : FFC05B;
	4064 : FFBCAE;
	4065 : FFBA3A;
	4066 : FFB833;
	4067 : FFB6AC;
	4068 : FFB5B6;
	4069 : FFB542;
	4070 : FFB561;
	4071 : FFB657;
	4072 : FFB86F;
	4073 : FFBAA9;
	4074 : FFBC90;
	4075 : FFBF8E;
	4076 : FFC2A2;
	4077 : FFC503;
	4078 : FFC701;
	4079 : FFC8DA;
	4080 : FFCA9B;
	4081 : FFCCA7;
	4082 : FFD02F;
	4083 : FFD5B0;
	4084 : FFDB4D;
	4085 : FFE039;
	4086 : FFE6AE;
	4087 : FFED68;
	4088 : FFF435;
	4089 : FFFAD1;
	4090 : 000169;
	4091 : 000820;
	4092 : 000EC8;
	4093 : 001533;
	4094 : 001B4F;
	4095 : 00211F;
	4096 : 002698;
	4097 : 002B85;
	4098 : 00303E;
	4099 : 00345B;
	4100 : 003883;
	4101 : 003D3F;
	4102 : 004385;
	4103 : 004CE6;
	4104 : 00594E;
	4105 : 00659C;
	4106 : 006D32;
	4107 : 006CFC;
	4108 : 0065CC;
	4109 : 005C51;
	4110 : 0054B8;
	4111 : 004E30;
	4112 : 004608;
	4113 : 003E1E;
	4114 : 003836;
	4115 : 003410;
	4116 : 00312A;
	4117 : 003107;
	4118 : 0033B9;
	4119 : 003573;
	4120 : 003100;
	4121 : 0024E4;
	4122 : 001636;
	4123 : 0009DF;
	4124 : FFFEC2;
	4125 : FFF362;
	4126 : FFE7FC;
	4127 : FFDEF6;
	4128 : FFD7C0;
	4129 : FFD01A;
	4130 : FFC7D8;
	4131 : FFC0E2;
	4132 : FFBBFF;
	4133 : FFB76A;
	4134 : FFB1D9;
	4135 : FFAD9F;
	4136 : FFABD7;
	4137 : FFA99C;
	4138 : FFA7C3;
	4139 : FFA6CD;
	4140 : FFA6DF;
	4141 : FFA7A8;
	4142 : FFA8E2;
	4143 : FFAAF7;
	4144 : FFADF0;
	4145 : FFB10D;
	4146 : FFB4FF;
	4147 : FFB987;
	4148 : FFBDCE;
	4149 : FFC2E3;
	4150 : FFC86A;
	4151 : FFCD3D;
	4152 : FFD10F;
	4153 : FFD484;
	4154 : FFD7BA;
	4155 : FFDB1F;
	4156 : FFDF56;
	4157 : FFE3E9;
	4158 : FFE7B3;
	4159 : FFEB32;
	4160 : FFF010;
	4161 : FFF6AC;
	4162 : FFFE01;
	4163 : 000502;
	4164 : 000C76;
	4165 : 00142D;
	4166 : 001B7D;
	4167 : 002279;
	4168 : 002964;
	4169 : 00300D;
	4170 : 003668;
	4171 : 003C7C;
	4172 : 004212;
	4173 : 00468B;
	4174 : 004ACB;
	4175 : 004EC2;
	4176 : 0051AE;
	4177 : 0053DE;
	4178 : 0055C7;
	4179 : 0056F3;
	4180 : 005753;
	4181 : 005746;
	4182 : 005666;
	4183 : 0054C4;
	4184 : 00528E;
	4185 : 004FC9;
	4186 : 004CE6;
	4187 : 00495A;
	4188 : 004596;
	4189 : 004325;
	4190 : 00430E;
	4191 : 0045D9;
	4192 : 004A15;
	4193 : 004BD3;
	4194 : 004720;
	4195 : 003BBA;
	4196 : 002D8F;
	4197 : 0020B2;
	4198 : 00155D;
	4199 : 0009C3;
	4200 : FFFE31;
	4201 : FFF4A0;
	4202 : FFEC1A;
	4203 : FFE2C5;
	4204 : FFD90B;
	4205 : FFD0C6;
	4206 : FFCA1C;
	4207 : FFC339;
	4208 : FFBC2A;
	4209 : FFB658;
	4210 : FFB244;
	4211 : FFB055;
	4212 : FFB141;
	4213 : FFB69F;
	4214 : FFBF39;
	4215 : FFC6E7;
	4216 : FFC92A;
	4217 : FFC531;
	4218 : FFBE7F;
	4219 : FFB94E;
	4220 : FFB70B;
	4221 : FFB53A;
	4222 : FFB29D;
	4223 : FFB2E2;
	4224 : FFB4EF;
	4225 : FFB597;
	4226 : FFB505;
	4227 : FFB4B5;
	4228 : FFB587;
	4229 : FFB75E;
	4230 : FFBA3E;
	4231 : FFBEAD;
	4232 : FFC476;
	4233 : FFCA84;
	4234 : FFD117;
	4235 : FFD80D;
	4236 : FFDF55;
	4237 : FFE68F;
	4238 : FFEE81;
	4239 : FFF67C;
	4240 : FFFE10;
	4241 : 0005DA;
	4242 : 000DE7;
	4243 : 001561;
	4244 : 001C90;
	4245 : 0023BE;
	4246 : 002A61;
	4247 : 00305B;
	4248 : 00360A;
	4249 : 003B5E;
	4250 : 003FFB;
	4251 : 004409;
	4252 : 0047BB;
	4253 : 004ADA;
	4254 : 004D42;
	4255 : 004F09;
	4256 : 005022;
	4257 : 0050B6;
	4258 : 0050EB;
	4259 : 005068;
	4260 : 004F66;
	4261 : 004D6A;
	4262 : 004BD5;
	4263 : 004B9A;
	4264 : 004CFC;
	4265 : 00507F;
	4266 : 0054C7;
	4267 : 0055D5;
	4268 : 005020;
	4269 : 004400;
	4270 : 00353C;
	4271 : 002915;
	4272 : 001F2E;
	4273 : 001469;
	4274 : 0009E8;
	4275 : 0001AD;
	4276 : FFFA51;
	4277 : FFF221;
	4278 : FFE994;
	4279 : FFE21F;
	4280 : FFDC0B;
	4281 : FFD657;
	4282 : FFCFD3;
	4283 : FFCA42;
	4284 : FFC6A9;
	4285 : FFC2FC;
	4286 : FFBF13;
	4287 : FFBC70;
	4288 : FFBA92;
	4289 : FFB93A;
	4290 : FFB859;
	4291 : FFB7DF;
	4292 : FFB7F3;
	4293 : FFB8C7;
	4294 : FFBA54;
	4295 : FFBBF4;
	4296 : FFBD9D;
	4297 : FFC0A9;
	4298 : FFC361;
	4299 : FFC59C;
	4300 : FFC77D;
	4301 : FFC8F7;
	4302 : FFCA83;
	4303 : FFCCCF;
	4304 : FFD062;
	4305 : FFD565;
	4306 : FFDAF3;
	4307 : FFE067;
	4308 : FFE662;
	4309 : FFECE5;
	4310 : FFF341;
	4311 : FFF9A6;
	4312 : 000039;
	4313 : 0006A0;
	4314 : 000CD1;
	4315 : 00130A;
	4316 : 00192D;
	4317 : 001EDC;
	4318 : 00243B;
	4319 : 00296D;
	4320 : 002F20;
	4321 : 003729;
	4322 : 00421E;
	4323 : 005017;
	4324 : 005DB9;
	4325 : 0065F5;
	4326 : 00667F;
	4327 : 00611C;
	4328 : 005A14;
	4329 : 005494;
	4330 : 004FDC;
	4331 : 0049A2;
	4332 : 0042C6;
	4333 : 003E4E;
	4334 : 0039E8;
	4335 : 003387;
	4336 : 002D48;
	4337 : 002958;
	4338 : 00281A;
	4339 : 00296B;
	4340 : 002C3F;
	4341 : 002DE2;
	4342 : 002AC1;
	4343 : 00209A;
	4344 : 00131A;
	4345 : 00078B;
	4346 : FFFDF1;
	4347 : FFF44C;
	4348 : FFEA3C;
	4349 : FFE1F3;
	4350 : FFDB25;
	4351 : FFD4BC;
	4352 : FFCDE3;
	4353 : FFC733;
	4354 : FFC220;
	4355 : FFBDFD;
	4356 : FFB99E;
	4357 : FFB5EF;
	4358 : FFB3E8;
	4359 : FFB26C;
	4360 : FFB139;
	4361 : FFB0BD;
	4362 : FFB0B4;
	4363 : FFB181;
	4364 : FFB2FB;
	4365 : FFB4C5;
	4366 : FFB73A;
	4367 : FFBA84;
	4368 : FFBE07;
	4369 : FFC1CD;
	4370 : FFC609;
	4371 : FFCAA3;
	4372 : FFCF44;
	4373 : FFD32E;
	4374 : FFD5F7;
	4375 : FFD7A3;
	4376 : FFD86F;
	4377 : FFD8F1;
	4378 : FFDA72;
	4379 : FFDE29;
	4380 : FFE362;
	4381 : FFE9A4;
	4382 : FFF0D8;
	4383 : FFF802;
	4384 : FFFF2C;
	4385 : 00065E;
	4386 : 000D75;
	4387 : 001499;
	4388 : 001BD3;
	4389 : 0022F7;
	4390 : 0029CE;
	4391 : 003019;
	4392 : 0035A7;
	4393 : 003B0D;
	4394 : 004028;
	4395 : 004453;
	4396 : 004820;
	4397 : 004B99;
	4398 : 004E67;
	4399 : 005099;
	4400 : 00523B;
	4401 : 0052F2;
	4402 : 0052DD;
	4403 : 00527F;
	4404 : 00516A;
	4405 : 004F95;
	4406 : 004DAC;
	4407 : 004AF1;
	4408 : 004768;
	4409 : 004371;
	4410 : 003FF7;
	4411 : 003DD4;
	4412 : 003DCD;
	4413 : 004053;
	4414 : 004420;
	4415 : 0045AE;
	4416 : 00412B;
	4417 : 0035DC;
	4418 : 00280E;
	4419 : 001C4D;
	4420 : 0011A3;
	4421 : 000696;
	4422 : FFFBD7;
	4423 : FFF2D2;
	4424 : FFEAAC;
	4425 : FFE1F8;
	4426 : FFD8DA;
	4427 : FFD0DC;
	4428 : FFCAAD;
	4429 : FFC4DD;
	4430 : FFC03F;
	4431 : FFBF92;
	4432 : FFC3B4;
	4433 : FFCA7B;
	4434 : FFCF26;
	4435 : FFCEAD;
	4436 : FFC8C4;
	4437 : FFC0DD;
	4438 : FFBA67;
	4439 : FFB605;
	4440 : FFB277;
	4441 : FFAF37;
	4442 : FFADF4;
	4443 : FFAEFA;
	4444 : FFAF04;
	4445 : FFAF20;
	4446 : FFB06D;
	4447 : FFB243;
	4448 : FFB346;
	4449 : FFB38B;
	4450 : FFB452;
	4451 : FFB6A9;
	4452 : FFBAC5;
	4453 : FFC026;
	4454 : FFC5E7;
	4455 : FFCC5A;
	4456 : FFD3D4;
	4457 : FFDB7F;
	4458 : FFE32D;
	4459 : FFEAAC;
	4460 : FFF2B4;
	4461 : FFFAB6;
	4462 : 000239;
	4463 : 0009CF;
	4464 : 0011DC;
	4465 : 001996;
	4466 : 002078;
	4467 : 002750;
	4468 : 002E1F;
	4469 : 003432;
	4470 : 003996;
	4471 : 003E63;
	4472 : 0042BF;
	4473 : 0046AA;
	4474 : 004A2D;
	4475 : 004D14;
	4476 : 004F58;
	4477 : 005116;
	4478 : 0051E5;
	4479 : 00524B;
	4480 : 005180;
	4481 : 005065;
	4482 : 004F89;
	4483 : 004D6F;
	4484 : 004A90;
	4485 : 004835;
	4486 : 00474A;
	4487 : 004862;
	4488 : 004AE3;
	4489 : 004C1D;
	4490 : 004859;
	4491 : 003E36;
	4492 : 0031AB;
	4493 : 0026A0;
	4494 : 001D2E;
	4495 : 0013B5;
	4496 : 000A16;
	4497 : 000207;
	4498 : FFFAE9;
	4499 : FFF356;
	4500 : FFEB61;
	4501 : FFE43B;
	4502 : FFDE3E;
	4503 : FFD84F;
	4504 : FFD22F;
	4505 : FFCCEB;
	4506 : FFC8BA;
	4507 : FFC532;
	4508 : FFC169;
	4509 : FFBEA3;
	4510 : FFBCBB;
	4511 : FFBB57;
	4512 : FFBA59;
	4513 : FFB9A0;
	4514 : FFB94B;
	4515 : FFB9EC;
	4516 : FFBB73;
	4517 : FFBCD6;
	4518 : FFBE6B;
	4519 : FFC0EF;
	4520 : FFC39C;
	4521 : FFC5AB;
	4522 : FFC749;
	4523 : FFC8B3;
	4524 : FFCA36;
	4525 : FFCC76;
	4526 : FFD00E;
	4527 : FFD4E4;
	4528 : FFDA5A;
	4529 : FFDF83;
	4530 : FFE554;
	4531 : FFEBEC;
	4532 : FFF223;
	4533 : FFF883;
	4534 : FFFF33;
	4535 : 0005AE;
	4536 : 000BBE;
	4537 : 0011BE;
	4538 : 00180E;
	4539 : 001EE5;
	4540 : 00274B;
	4541 : 0032ED;
	4542 : 00419C;
	4543 : 005041;
	4544 : 005A50;
	4545 : 005C63;
	4546 : 0058B1;
	4547 : 00538A;
	4548 : 004F84;
	4549 : 004C4B;
	4550 : 00485E;
	4551 : 0043EF;
	4552 : 004112;
	4553 : 003E31;
	4554 : 00397C;
	4555 : 0033CC;
	4556 : 002F46;
	4557 : 002AC0;
	4558 : 002633;
	4559 : 0022FA;
	4560 : 00227C;
	4561 : 00254F;
	4562 : 002982;
	4563 : 002B2E;
	4564 : 0027AC;
	4565 : 001DEC;
	4566 : 0011FE;
	4567 : 00079F;
	4568 : FFFE65;
	4569 : FFF50D;
	4570 : FFEC79;
	4571 : FFE5D5;
	4572 : FFDFC8;
	4573 : FFD974;
	4574 : FFD33F;
	4575 : FFCDC9;
	4576 : FFC971;
	4577 : FFC586;
	4578 : FFC15E;
	4579 : FFBE34;
	4580 : FFBC21;
	4581 : FFBAD4;
	4582 : FFB9DB;
	4583 : FFB977;
	4584 : FFB9C1;
	4585 : FFBA83;
	4586 : FFBB9B;
	4587 : FFBD18;
	4588 : FFBF21;
	4589 : FFC1FB;
	4590 : FFC50F;
	4591 : FFC807;
	4592 : FFCBD9;
	4593 : FFCF68;
	4594 : FFD222;
	4595 : FFD3C3;
	4596 : FFD3EA;
	4597 : FFD376;
	4598 : FFD3DE;
	4599 : FFD609;
	4600 : FFDA0A;
	4601 : FFDF5B;
	4602 : FFE543;
	4603 : FFEB4A;
	4604 : FFF292;
	4605 : FFF9E4;
	4606 : 000063;
	4607 : 000721;
	4608 : 000E32;
	4609 : 001534;
	4610 : 001BFF;
	4611 : 00228C;
	4612 : 0028C5;
	4613 : 002EB4;
	4614 : 003462;
	4615 : 003950;
	4616 : 003DBF;
	4617 : 0041A8;
	4618 : 0044FD;
	4619 : 00481D;
	4620 : 004AAA;
	4621 : 004C65;
	4622 : 004D76;
	4623 : 004DED;
	4624 : 004DC2;
	4625 : 004D34;
	4626 : 004C5A;
	4627 : 004A72;
	4628 : 0047CB;
	4629 : 004542;
	4630 : 0041E2;
	4631 : 003E46;
	4632 : 003AE3;
	4633 : 0038B4;
	4634 : 0038A6;
	4635 : 003AFF;
	4636 : 003E61;
	4637 : 003F8E;
	4638 : 003B36;
	4639 : 003063;
	4640 : 0022E4;
	4641 : 0017E4;
	4642 : 000DD3;
	4643 : 00035C;
	4644 : FFF952;
	4645 : FFF0CC;
	4646 : FFE94F;
	4647 : FFE1A8;
	4648 : FFDA0E;
	4649 : FFD472;
	4650 : FFD27D;
	4651 : FFD414;
	4652 : FFD78F;
	4653 : FFDB01;
	4654 : FFD96E;
	4655 : FFD261;
	4656 : FFC922;
	4657 : FFC15E;
	4658 : FFBB54;
	4659 : FFB601;
	4660 : FFB163;
	4661 : FFAE52;
	4662 : FFAD21;
	4663 : FFACD2;
	4664 : FFABA7;
	4665 : FFAB93;
	4666 : FFAD1A;
	4667 : FFAEF6;
	4668 : FFB064;
	4669 : FFB1CF;
	4670 : FFB371;
	4671 : FFB514;
	4672 : FFB6E2;
	4673 : FFB9A4;
	4674 : FFBE1A;
	4675 : FFC423;
	4676 : FFCA4E;
	4677 : FFD0E0;
	4678 : FFD845;
	4679 : FFDFE2;
	4680 : FFE7B8;
	4681 : FFEF7A;
	4682 : FFF759;
	4683 : FFFF74;
	4684 : 000772;
	4685 : 000F08;
	4686 : 00166D;
	4687 : 001DCD;
	4688 : 0024B5;
	4689 : 002B1E;
	4690 : 00314A;
	4691 : 00370F;
	4692 : 003C6E;
	4693 : 004139;
	4694 : 004539;
	4695 : 0048B8;
	4696 : 004BC1;
	4697 : 004E1D;
	4698 : 004FD9;
	4699 : 005112;
	4700 : 00516B;
	4701 : 00516C;
	4702 : 0050C1;
	4703 : 004ECA;
	4704 : 004B5B;
	4705 : 004709;
	4706 : 004246;
	4707 : 003EA7;
	4708 : 003E71;
	4709 : 0041B6;
	4710 : 0045F0;
	4711 : 0047D9;
	4712 : 004440;
	4713 : 003A72;
	4714 : 002EDA;
	4715 : 00253F;
	4716 : 001BFD;
	4717 : 00125A;
	4718 : 000945;
	4719 : 0001B9;
	4720 : FFFAF0;
	4721 : FFF3A2;
	4722 : FFEBFF;
	4723 : FFE552;
	4724 : FFDFA6;
	4725 : FFD9BE;
	4726 : FFD3C9;
	4727 : FFCF09;
	4728 : FFCAA6;
	4729 : FFC6CC;
	4730 : FFC355;
	4731 : FFC083;
	4732 : FFBE6F;
	4733 : FFBCE7;
	4734 : FFBBC5;
	4735 : FFBB15;
	4736 : FFBB0D;
	4737 : FFBBEF;
	4738 : FFBCE7;
	4739 : FFBE4A;
	4740 : FFBFF9;
	4741 : FFC20D;
	4742 : FFC46F;
	4743 : FFC681;
	4744 : FFC819;
	4745 : FFC943;
	4746 : FFCA76;
	4747 : FFCCB4;
	4748 : FFD0A6;
	4749 : FFD58A;
	4750 : FFDA97;
	4751 : FFDFF8;
	4752 : FFE5E6;
	4753 : FFEC39;
	4754 : FFF267;
	4755 : FFF874;
	4756 : FFFE8B;
	4757 : 0004EE;
	4758 : 000C20;
	4759 : 001536;
	4760 : 002131;
	4761 : 002F9B;
	4762 : 003ECE;
	4763 : 004AEF;
	4764 : 004E75;
	4765 : 004BE0;
	4766 : 0048E0;
	4767 : 00470D;
	4768 : 004516;
	4769 : 004273;
	4770 : 004008;
	4771 : 003E8E;
	4772 : 003D2C;
	4773 : 003A35;
	4774 : 0035E8;
	4775 : 003293;
	4776 : 003029;
	4777 : 002C83;
	4778 : 002859;
	4779 : 002483;
	4780 : 00215B;
	4781 : 001F3E;
	4782 : 001F31;
	4783 : 00220D;
	4784 : 0026A9;
	4785 : 002962;
	4786 : 002681;
	4787 : 001DB3;
	4788 : 0012BC;
	4789 : 00096D;
	4790 : 000125;
	4791 : FFF8C7;
	4792 : FFF0D2;
	4793 : FFEAE7;
	4794 : FFE5AC;
	4795 : FFDFBD;
	4796 : FFD9D7;
	4797 : FFD51A;
	4798 : FFD158;
	4799 : FFCD70;
	4800 : FFC998;
	4801 : FFC6BF;
	4802 : FFC4D6;
	4803 : FFC381;
	4804 : FFC238;
	4805 : FFC173;
	4806 : FFC187;
	4807 : FFC20F;
	4808 : FFC2D6;
	4809 : FFC408;
	4810 : FFC58A;
	4811 : FFC7E1;
	4812 : FFCA7F;
	4813 : FFCBEC;
	4814 : FFCD1F;
	4815 : FFCE58;
	4816 : FFCF00;
	4817 : FFD001;
	4818 : FFD18D;
	4819 : FFD346;
	4820 : FFD544;
	4821 : FFD82F;
	4822 : FFDC8A;
	4823 : FFE227;
	4824 : FFE834;
	4825 : FFEE2E;
	4826 : FFF4B1;
	4827 : FFFB77;
	4828 : 00020D;
	4829 : 0008B1;
	4830 : 000F5B;
	4831 : 0015D6;
	4832 : 001C1A;
	4833 : 002220;
	4834 : 0027BE;
	4835 : 002D02;
	4836 : 003246;
	4837 : 00370F;
	4838 : 003AAC;
	4839 : 003E21;
	4840 : 004193;
	4841 : 00442E;
	4842 : 004619;
	4843 : 00476D;
	4844 : 004838;
	4845 : 00489A;
	4846 : 004874;
	4847 : 00477B;
	4848 : 004639;
	4849 : 0044B4;
	4850 : 00427D;
	4851 : 003FA5;
	4852 : 003C5B;
	4853 : 0038C8;
	4854 : 003597;
	4855 : 00337E;
	4856 : 003344;
	4857 : 00356E;
	4858 : 0038CF;
	4859 : 0039F7;
	4860 : 0035C0;
	4861 : 002BCA;
	4862 : 001F99;
	4863 : 001545;
	4864 : 000BD8;
	4865 : 0001EC;
	4866 : FFF88D;
	4867 : FFF131;
	4868 : FFEBDB;
	4869 : FFE86F;
	4870 : FFE79A;
	4871 : FFE977;
	4872 : FFEBB3;
	4873 : FFE938;
	4874 : FFE008;
	4875 : FFD519;
	4876 : FFCC3B;
	4877 : FFC51C;
	4878 : FFBE6D;
	4879 : FFB86D;
	4880 : FFB424;
	4881 : FFB177;
	4882 : FFAF18;
	4883 : FFAC4F;
	4884 : FFAA37;
	4885 : FFAA66;
	4886 : FFAB25;
	4887 : FFAB8B;
	4888 : FFACDB;
	4889 : FFAF99;
	4890 : FFB247;
	4891 : FFB475;
	4892 : FFB636;
	4893 : FFB823;
	4894 : FFBABB;
	4895 : FFBE2B;
	4896 : FFC2DA;
	4897 : FFC8E9;
	4898 : FFCF4D;
	4899 : FFD631;
	4900 : FFDD4D;
	4901 : FFE4F1;
	4902 : FFECD0;
	4903 : FFF4F2;
	4904 : FFFCAE;
	4905 : 000413;
	4906 : 000BA9;
	4907 : 001353;
	4908 : 001A92;
	4909 : 002188;
	4910 : 002834;
	4911 : 002E1A;
	4912 : 0033E1;
	4913 : 003958;
	4914 : 003E19;
	4915 : 004276;
	4916 : 004663;
	4917 : 0049BA;
	4918 : 004C73;
	4919 : 004E82;
	4920 : 004FC4;
	4921 : 00502E;
	4922 : 004FA5;
	4923 : 004DD1;
	4924 : 004A88;
	4925 : 004644;
	4926 : 00418D;
	4927 : 003DC2;
	4928 : 003B67;
	4929 : 003A34;
	4930 : 003B12;
	4931 : 003EB8;
	4932 : 004378;
	4933 : 0045D1;
	4934 : 004272;
	4935 : 0038B2;
	4936 : 002D7F;
	4937 : 002433;
	4938 : 001B5C;
	4939 : 001226;
	4940 : 000990;
	4941 : 00023E;
	4942 : FFFB8A;
	4943 : FFF462;
	4944 : FFECD2;
	4945 : FFE610;
	4946 : FFE092;
	4947 : FFDAE6;
	4948 : FFD50A;
	4949 : FFD061;
	4950 : FFCC3C;
	4951 : FFC839;
	4952 : FFC509;
	4953 : FFC24F;
	4954 : FFC01F;
	4955 : FFBE91;
	4956 : FFBD58;
	4957 : FFBC68;
	4958 : FFBC3B;
	4959 : FFBCF0;
	4960 : FFBDF6;
	4961 : FFBEFE;
	4962 : FFC0F6;
	4963 : FFC350;
	4964 : FFC5B2;
	4965 : FFC78F;
	4966 : FFC8FD;
	4967 : FFCA2A;
	4968 : FFCB64;
	4969 : FFCD80;
	4970 : FFD148;
	4971 : FFD637;
	4972 : FFDB10;
	4973 : FFE090;
	4974 : FFE666;
	4975 : FFEC4A;
	4976 : FFF2A4;
	4977 : FFF9C5;
	4978 : 0002A4;
	4979 : 000E58;
	4980 : 001CCD;
	4981 : 002BC1;
	4982 : 00375F;
	4983 : 003CC9;
	4984 : 003C23;
	4985 : 0039CD;
	4986 : 003988;
	4987 : 00398A;
	4988 : 0038AC;
	4989 : 0037A6;
	4990 : 00376A;
	4991 : 003767;
	4992 : 003675;
	4993 : 00348A;
	4994 : 0032C5;
	4995 : 003177;
	4996 : 002EF0;
	4997 : 002B9D;
	4998 : 00298D;
	4999 : 002762;
	5000 : 00245E;
	5001 : 002113;
	5002 : 001E69;
	5003 : 001D34;
	5004 : 001E51;
	5005 : 0021EA;
	5006 : 0026A1;
	5007 : 002983;
	5008 : 0026F6;
	5009 : 001E6D;
	5010 : 001492;
	5011 : 000C15;
	5012 : 000506;
	5013 : FFFDA0;
	5014 : FFF607;
	5015 : FFEFFC;
	5016 : FFEB40;
	5017 : FFE618;
	5018 : FFE05A;
	5019 : FFDBAA;
	5020 : FFD850;
	5021 : FFD501;
	5022 : FFD13F;
	5023 : FFCE18;
	5024 : FFCC11;
	5025 : FFCA9C;
	5026 : FFC9A6;
	5027 : FFC8AB;
	5028 : FFC831;
	5029 : FFC869;
	5030 : FFC8D2;
	5031 : FFC94A;
	5032 : FFC98D;
	5033 : FFC98D;
	5034 : FFC98D;
	5035 : FFC8F8;
	5036 : FFC968;
	5037 : FFCBEA;
	5038 : FFCF06;
	5039 : FFD19D;
	5040 : FFD3B8;
	5041 : FFD5D7;
	5042 : FFD827;
	5043 : FFDB01;
	5044 : FFDF5E;
	5045 : FFE47A;
	5046 : FFE9FD;
	5047 : FFF048;
	5048 : FFF693;
	5049 : FFFCCD;
	5050 : 000312;
	5051 : 000942;
	5052 : 000F59;
	5053 : 001536;
	5054 : 001AE7;
	5055 : 002082;
	5056 : 0025B1;
	5057 : 002A71;
	5058 : 002F2E;
	5059 : 0033BB;
	5060 : 003714;
	5061 : 003A20;
	5062 : 003D49;
	5063 : 003FA6;
	5064 : 00414C;
	5065 : 004299;
	5066 : 004378;
	5067 : 0043A7;
	5068 : 00433F;
	5069 : 00426A;
	5070 : 0040B3;
	5071 : 003EC2;
	5072 : 003CA0;
	5073 : 0039C8;
	5074 : 0036B2;
	5075 : 00337C;
	5076 : 0030BC;
	5077 : 002F17;
	5078 : 002F4F;
	5079 : 0031B3;
	5080 : 0034F9;
	5081 : 0035FA;
	5082 : 003142;
	5083 : 00278E;
	5084 : 001C46;
	5085 : 0012B4;
	5086 : 000A87;
	5087 : 0002E1;
	5088 : FFFDC8;
	5089 : FFFCE8;
	5090 : FFFE85;
	5091 : FFFE8A;
	5092 : FFFA16;
	5093 : FFF150;
	5094 : FFE622;
	5095 : FFDB7A;
	5096 : FFD2B1;
	5097 : FFCA64;
	5098 : FFC360;
	5099 : FFBDA9;
	5100 : FFB93F;
	5101 : FFB4FC;
	5102 : FFB0F9;
	5103 : FFAE2F;
	5104 : FFACAD;
	5105 : FFAB96;
	5106 : FFAAB9;
	5107 : FFAAE6;
	5108 : FFAC8F;
	5109 : FFADC2;
	5110 : FFAF67;
	5111 : FFB204;
	5112 : FFB501;
	5113 : FFB7FB;
	5114 : FFBA5D;
	5115 : FFBC8B;
	5116 : FFBF66;
	5117 : FFC350;
	5118 : FFC8AE;
	5119 : FFCEB4;
	5120 : FFD4D6;
	5121 : FFDC0A;
	5122 : FFE389;
	5123 : FFEB06;
	5124 : FFF271;
	5125 : FFF9F2;
	5126 : 000158;
	5127 : 0008B9;
	5128 : 001047;
	5129 : 0017BC;
	5130 : 001E86;
	5131 : 0024D9;
	5132 : 002BB4;
	5133 : 003172;
	5134 : 0035FE;
	5135 : 003ADF;
	5136 : 003F9B;
	5137 : 00439C;
	5138 : 0046C2;
	5139 : 004969;
	5140 : 004B92;
	5141 : 004C8F;
	5142 : 004BE7;
	5143 : 004A15;
	5144 : 004749;
	5145 : 004400;
	5146 : 004167;
	5147 : 003FA1;
	5148 : 003D78;
	5149 : 003AE5;
	5150 : 0038FA;
	5151 : 003847;
	5152 : 0039AB;
	5153 : 003D7E;
	5154 : 0041BF;
	5155 : 00431E;
	5156 : 003F1F;
	5157 : 0035D3;
	5158 : 002B57;
	5159 : 002252;
	5160 : 001A2B;
	5161 : 001182;
	5162 : 00095D;
	5163 : 000226;
	5164 : FFFB79;
	5165 : FFF487;
	5166 : FFED0C;
	5167 : FFE645;
	5168 : FFE0CB;
	5169 : FFDBD3;
	5170 : FFD5CF;
	5171 : FFD0EF;
	5172 : FFCD26;
	5173 : FFC957;
	5174 : FFC5EF;
	5175 : FFC32E;
	5176 : FFC131;
	5177 : FFBFDD;
	5178 : FFBEEE;
	5179 : FFBE5A;
	5180 : FFBE0A;
	5181 : FFBE51;
	5182 : FFBF62;
	5183 : FFC030;
	5184 : FFC1BD;
	5185 : FFC3F5;
	5186 : FFC62B;
	5187 : FFC81D;
	5188 : FFC9BB;
	5189 : FFCB12;
	5190 : FFCC83;
	5191 : FFCEB9;
	5192 : FFD242;
	5193 : FFD743;
	5194 : FFDBF8;
	5195 : FFE13A;
	5196 : FFE829;
	5197 : FFF0A1;
	5198 : FFFC2F;
	5199 : 000A88;
	5200 : 00193E;
	5201 : 002474;
	5202 : 0029DD;
	5203 : 002AA1;
	5204 : 0029CC;
	5205 : 002A6A;
	5206 : 002BEE;
	5207 : 002B89;
	5208 : 002B65;
	5209 : 002D11;
	5210 : 002EA3;
	5211 : 002ED6;
	5212 : 002E2D;
	5213 : 002DDC;
	5214 : 002DF6;
	5215 : 002D64;
	5216 : 002BE9;
	5217 : 002AD4;
	5218 : 0029E1;
	5219 : 002810;
	5220 : 00262A;
	5221 : 002429;
	5222 : 0021E6;
	5223 : 001FC1;
	5224 : 001E31;
	5225 : 001D83;
	5226 : 001EF5;
	5227 : 002338;
	5228 : 00282F;
	5229 : 002AB0;
	5230 : 002858;
	5231 : 002082;
	5232 : 001747;
	5233 : 000F76;
	5234 : 00089E;
	5235 : 0001EA;
	5236 : FFFB37;
	5237 : FFF591;
	5238 : FFF0FB;
	5239 : FFEC0B;
	5240 : FFE680;
	5241 : FFE228;
	5242 : FFDEE2;
	5243 : FFDB51;
	5244 : FFD766;
	5245 : FFD4E6;
	5246 : FFD2FC;
	5247 : FFD0B9;
	5248 : FFCF23;
	5249 : FFCE02;
	5250 : FFCD12;
	5251 : FFCC27;
	5252 : FFCABD;
	5253 : FFC8DC;
	5254 : FFC754;
	5255 : FFC6C9;
	5256 : FFC7BC;
	5257 : FFC952;
	5258 : FFCB73;
	5259 : FFCE5E;
	5260 : FFD193;
	5261 : FFD466;
	5262 : FFD6B2;
	5263 : FFD8C5;
	5264 : FFDB10;
	5265 : FFDE1E;
	5266 : FFE277;
	5267 : FFE774;
	5268 : FFEC7B;
	5269 : FFF22A;
	5270 : FFF809;
	5271 : FFFDA7;
	5272 : 0003BF;
	5273 : 0009B6;
	5274 : 000F23;
	5275 : 00145E;
	5276 : 0019A7;
	5277 : 001EC6;
	5278 : 0023A5;
	5279 : 002825;
	5280 : 002C80;
	5281 : 00306A;
	5282 : 00336E;
	5283 : 003621;
	5284 : 0038D0;
	5285 : 003AF1;
	5286 : 003C52;
	5287 : 003D4B;
	5288 : 003DFE;
	5289 : 003E1E;
	5290 : 003DAF;
	5291 : 003D1D;
	5292 : 003B84;
	5293 : 003980;
	5294 : 0037A2;
	5295 : 0034E6;
	5296 : 00320A;
	5297 : 002F29;
	5298 : 002C87;
	5299 : 002ADC;
	5300 : 002B27;
	5301 : 002DCA;
	5302 : 00315B;
	5303 : 00327F;
	5304 : 002E0F;
	5305 : 0024CD;
	5306 : 001BD8;
	5307 : 00167A;
	5308 : 0014AB;
	5309 : 001458;
	5310 : 0012E0;
	5311 : 000E1E;
	5312 : 000536;
	5313 : FFF95B;
	5314 : FFED84;
	5315 : FFE3FC;
	5316 : FFDB3E;
	5317 : FFD20E;
	5318 : FFCACD;
	5319 : FFC52B;
	5320 : FFC021;
	5321 : FFBADD;
	5322 : FFB63E;
	5323 : FFB2CA;
	5324 : FFB049;
	5325 : FFAE69;
	5326 : FFAD34;
	5327 : FFACEA;
	5328 : FFAD5F;
	5329 : FFADB6;
	5330 : FFAF37;
	5331 : FFB104;
	5332 : FFB3A3;
	5333 : FFB737;
	5334 : FFBA80;
	5335 : FFBD70;
	5336 : FFC05E;
	5337 : FFC335;
	5338 : FFC5F8;
	5339 : FFC983;
	5340 : FFCF0A;
	5341 : FFD579;
	5342 : FFDB9C;
	5343 : FFE23D;
	5344 : FFE95E;
	5345 : FFF082;
	5346 : FFF7CD;
	5347 : FFFF29;
	5348 : 00069A;
	5349 : 000DC8;
	5350 : 00147B;
	5351 : 001B17;
	5352 : 002168;
	5353 : 0026E0;
	5354 : 002CEE;
	5355 : 003285;
	5356 : 003711;
	5357 : 003B78;
	5358 : 003FBF;
	5359 : 0042FB;
	5360 : 0044EC;
	5361 : 0045D6;
	5362 : 0045B8;
	5363 : 004485;
	5364 : 0042D7;
	5365 : 004177;
	5366 : 004084;
	5367 : 003F68;
	5368 : 003DD2;
	5369 : 003C10;
	5370 : 003A7D;
	5371 : 003898;
	5372 : 0036EE;
	5373 : 003667;
	5374 : 0037E6;
	5375 : 003BA4;
	5376 : 003FE2;
	5377 : 004109;
	5378 : 003C73;
	5379 : 003359;
	5380 : 002988;
	5381 : 0020B4;
	5382 : 00187E;
	5383 : 001003;
	5384 : 000808;
	5385 : 000123;
	5386 : FFFA95;
	5387 : FFF383;
	5388 : FFEC6C;
	5389 : FFE654;
	5390 : FFE11D;
	5391 : FFDC02;
	5392 : FFD68E;
	5393 : FFD1E7;
	5394 : FFCE15;
	5395 : FFCA1A;
	5396 : FFC694;
	5397 : FFC40D;
	5398 : FFC241;
	5399 : FFC0DB;
	5400 : FFBFDC;
	5401 : FFBF2A;
	5402 : FFBEF3;
	5403 : FFBF5A;
	5404 : FFC09E;
	5405 : FFC1A1;
	5406 : FFC371;
	5407 : FFC599;
	5408 : FFC794;
	5409 : FFC959;
	5410 : FFCAFE;
	5411 : FFCC80;
	5412 : FFCE0D;
	5413 : FFD04F;
	5414 : FFD406;
	5415 : FFD9BF;
	5416 : FFE14E;
	5417 : FFEB56;
	5418 : FFF8F8;
	5419 : 000734;
	5420 : 001238;
	5421 : 0017B0;
	5422 : 0018C4;
	5423 : 0018BB;
	5424 : 0019E1;
	5425 : 001BC6;
	5426 : 001CA0;
	5427 : 001D83;
	5428 : 002066;
	5429 : 002340;
	5430 : 002424;
	5431 : 0024DE;
	5432 : 002620;
	5433 : 00274B;
	5434 : 0027C8;
	5435 : 0027DF;
	5436 : 002845;
	5437 : 0028C3;
	5438 : 002844;
	5439 : 002777;
	5440 : 002699;
	5441 : 0025D8;
	5442 : 002496;
	5443 : 002326;
	5444 : 00214F;
	5445 : 001FA3;
	5446 : 001EC6;
	5447 : 001EF9;
	5448 : 0020D8;
	5449 : 00250B;
	5450 : 002A42;
	5451 : 002CC0;
	5452 : 0029F6;
	5453 : 002249;
	5454 : 0019F0;
	5455 : 00130F;
	5456 : 000C7C;
	5457 : 0005A6;
	5458 : FFFF61;
	5459 : FFFA63;
	5460 : FFF621;
	5461 : FFF16F;
	5462 : FFEC2F;
	5463 : FFE7B3;
	5464 : FFE450;
	5465 : FFE08E;
	5466 : FFDC43;
	5467 : FFD968;
	5468 : FFD789;
	5469 : FFD503;
	5470 : FFD24B;
	5471 : FFCF5F;
	5472 : FFCC4D;
	5473 : FFC9B6;
	5474 : FFC7FE;
	5475 : FFC754;
	5476 : FFC7C3;
	5477 : FFC907;
	5478 : FFCA60;
	5479 : FFCC78;
	5480 : FFCF4B;
	5481 : FFD22C;
	5482 : FFD4CC;
	5483 : FFD707;
	5484 : FFD915;
	5485 : FFDB3D;
	5486 : FFDD99;
	5487 : FFE069;
	5488 : FFE439;
	5489 : FFE966;
	5490 : FFEE45;
	5491 : FFF310;
	5492 : FFF874;
	5493 : FFFDD5;
	5494 : 000355;
	5495 : 0008C0;
	5496 : 000E0E;
	5497 : 00134F;
	5498 : 001852;
	5499 : 001CDD;
	5500 : 002118;
	5501 : 002547;
	5502 : 002947;
	5503 : 002C83;
	5504 : 002F95;
	5505 : 00325A;
	5506 : 0034CC;
	5507 : 0036AD;
	5508 : 0037C9;
	5509 : 00388B;
	5510 : 003948;
	5511 : 003970;
	5512 : 0038B1;
	5513 : 003821;
	5514 : 003705;
	5515 : 00352C;
	5516 : 00333E;
	5517 : 0030CA;
	5518 : 002DE7;
	5519 : 002B2C;
	5520 : 0028EC;
	5521 : 0027B8;
	5522 : 00286E;
	5523 : 002B49;
	5524 : 002EFF;
	5525 : 00311A;
	5526 : 002FC5;
	5527 : 002C67;
	5528 : 002ACC;
	5529 : 00294C;
	5530 : 0023AE;
	5531 : 00190B;
	5532 : 000C56;
	5533 : 000105;
	5534 : FFF792;
	5535 : FFEDE8;
	5536 : FFE38C;
	5537 : FFDB4D;
	5538 : FFD598;
	5539 : FFCEBF;
	5540 : FFC799;
	5541 : FFC1C4;
	5542 : FFBD88;
	5543 : FFB995;
	5544 : FFB5D8;
	5545 : FFB2FD;
	5546 : FFB14C;
	5547 : FFB060;
	5548 : FFAFB4;
	5549 : FFAF65;
	5550 : FFB070;
	5551 : FFB1AA;
	5552 : FFB351;
	5553 : FFB5B0;
	5554 : FFB87D;
	5555 : FFBC33;
	5556 : FFBFCA;
	5557 : FFC2C0;
	5558 : FFC579;
	5559 : FFC875;
	5560 : FFCBCE;
	5561 : FFCFA4;
	5562 : FFD4F8;
	5563 : FFDB4E;
	5564 : FFE1A2;
	5565 : FFE826;
	5566 : FFEECF;
	5567 : FFF5D2;
	5568 : FFFCD7;
	5569 : 0003A5;
	5570 : 000A68;
	5571 : 001149;
	5572 : 0017E1;
	5573 : 001DC1;
	5574 : 0023D1;
	5575 : 00299C;
	5576 : 002EAC;
	5577 : 003337;
	5578 : 003751;
	5579 : 003AA8;
	5580 : 003CEB;
	5581 : 003DE3;
	5582 : 003DBF;
	5583 : 003D65;
	5584 : 003D83;
	5585 : 003DE1;
	5586 : 003E7D;
	5587 : 003EAA;
	5588 : 003DF4;
	5589 : 003CF9;
	5590 : 003BCF;
	5591 : 003A16;
	5592 : 003848;
	5593 : 003686;
	5594 : 003524;
	5595 : 0034E9;
	5596 : 00368A;
	5597 : 003A01;
	5598 : 003DF3;
	5599 : 003EA6;
	5600 : 00391C;
	5601 : 002FA7;
	5602 : 002660;
	5603 : 001E18;
	5604 : 001639;
	5605 : 000E40;
	5606 : 0006C0;
	5607 : 00003A;
	5608 : FFFA02;
	5609 : FFF31D;
	5610 : FFEBF9;
	5611 : FFE5ED;
	5612 : FFE08B;
	5613 : FFDB00;
	5614 : FFD5FB;
	5615 : FFD1E0;
	5616 : FFCE48;
	5617 : FFCAB8;
	5618 : FFC754;
	5619 : FFC4D9;
	5620 : FFC32A;
	5621 : FFC19E;
	5622 : FFC079;
	5623 : FFBFF7;
	5624 : FFBFFF;
	5625 : FFC083;
	5626 : FFC18F;
	5627 : FFC2B2;
	5628 : FFC440;
	5629 : FFC6BF;
	5630 : FFC8F0;
	5631 : FFCAA8;
	5632 : FFCC5B;
	5633 : FFCE20;
	5634 : FFD07F;
	5635 : FFD520;
	5636 : FFDD62;
	5637 : FFE987;
	5638 : FFF6DA;
	5639 : 0000FE;
	5640 : 000649;
	5641 : 000789;
	5642 : 0007C7;
	5643 : 000913;
	5644 : 000B1E;
	5645 : 000CE3;
	5646 : 000EAF;
	5647 : 00119A;
	5648 : 00151D;
	5649 : 00173D;
	5650 : 0018F1;
	5651 : 001B28;
	5652 : 001D69;
	5653 : 001F47;
	5654 : 0020AC;
	5655 : 0021F2;
	5656 : 00235E;
	5657 : 002494;
	5658 : 002527;
	5659 : 00257D;
	5660 : 0025FD;
	5661 : 002620;
	5662 : 0025D9;
	5663 : 002558;
	5664 : 00246B;
	5665 : 00238D;
	5666 : 002256;
	5667 : 0020FA;
	5668 : 00203F;
	5669 : 0020DE;
	5670 : 002344;
	5671 : 002797;
	5672 : 002CE4;
	5673 : 002F52;
	5674 : 002C1F;
	5675 : 002482;
	5676 : 001C96;
	5677 : 0015EB;
	5678 : 000FB2;
	5679 : 000960;
	5680 : 00038D;
	5681 : FFFEC1;
	5682 : FFFA45;
	5683 : FFF51C;
	5684 : FFEFD8;
	5685 : FFEB5A;
	5686 : FFE806;
	5687 : FFE478;
	5688 : FFE05C;
	5689 : FFDC57;
	5690 : FFD89D;
	5691 : FFD44C;
	5692 : FFCFE2;
	5693 : FFCC91;
	5694 : FFCABC;
	5695 : FFC9E9;
	5696 : FFC9AB;
	5697 : FFC9A0;
	5698 : FFCA29;
	5699 : FFCBFA;
	5700 : FFCDD6;
	5701 : FFCF6B;
	5702 : FFD1C2;
	5703 : FFD4C4;
	5704 : FFD7A2;
	5705 : FFDA15;
	5706 : FFDC23;
	5707 : FFDDDD;
	5708 : FFDFAB;
	5709 : FFE235;
	5710 : FFE5B5;
	5711 : FFEA0F;
	5712 : FFEEDF;
	5713 : FFF384;
	5714 : FFF885;
	5715 : FFFD9F;
	5716 : 000292;
	5717 : 000794;
	5718 : 000C78;
	5719 : 001115;
	5720 : 0015C4;
	5721 : 001A5F;
	5722 : 001E58;
	5723 : 002223;
	5724 : 0025C6;
	5725 : 0028AF;
	5726 : 002B65;
	5727 : 002E24;
	5728 : 003042;
	5729 : 0031DC;
	5730 : 00333B;
	5731 : 00344F;
	5732 : 0034F2;
	5733 : 00350B;
	5734 : 00346E;
	5735 : 003368;
	5736 : 003275;
	5737 : 0030F3;
	5738 : 002F34;
	5739 : 002CFF;
	5740 : 002A73;
	5741 : 00280A;
	5742 : 002610;
	5743 : 00256E;
	5744 : 0027CB;
	5745 : 002E15;
	5746 : 0036FF;
	5747 : 003F38;
	5748 : 004163;
	5749 : 003AA5;
	5750 : 002EA7;
	5751 : 0021B2;
	5752 : 0015B8;
	5753 : 000A87;
	5754 : 000017;
	5755 : FFF6C9;
	5756 : FFEEBE;
	5757 : FFE748;
	5758 : FFDF31;
	5759 : FFD74A;
	5760 : FFD102;
	5761 : FFCB72;
	5762 : FFC617;
	5763 : FFC169;
	5764 : FFBD89;
	5765 : FFBA56;
	5766 : FFB7BA;
	5767 : FFB5AD;
	5768 : FFB44E;
	5769 : FFB3C4;
	5770 : FFB3E1;
	5771 : FFB435;
	5772 : FFB536;
	5773 : FFB6D5;
	5774 : FFB90B;
	5775 : FFBBCD;
	5776 : FFBF11;
	5777 : FFC2AD;
	5778 : FFC676;
	5779 : FFC9C3;
	5780 : FFCC65;
	5781 : FFCF0C;
	5782 : FFD250;
	5783 : FFD657;
	5784 : FFDB63;
	5785 : FFE1AA;
	5786 : FFE799;
	5787 : FFEDD5;
	5788 : FFF444;
	5789 : FFFA93;
	5790 : 000119;
	5791 : 0007A5;
	5792 : 000DDE;
	5793 : 0013E9;
	5794 : 0019E0;
	5795 : 001F63;
	5796 : 0024CB;
	5797 : 0029C5;
	5798 : 002DD6;
	5799 : 0030C3;
	5800 : 0032B2;
	5801 : 0033CC;
	5802 : 0034D0;
	5803 : 003629;
	5804 : 0037BC;
	5805 : 003943;
	5806 : 003A82;
	5807 : 003B4D;
	5808 : 003BA7;
	5809 : 003BF4;
	5810 : 003B84;
	5811 : 003AAD;
	5812 : 003A0B;
	5813 : 0038A5;
	5814 : 0036C0;
	5815 : 0034EB;
	5816 : 003360;
	5817 : 0032C8;
	5818 : 003434;
	5819 : 003791;
	5820 : 003AF6;
	5821 : 003B4F;
	5822 : 003605;
	5823 : 002D23;
	5824 : 002408;
	5825 : 001C1F;
	5826 : 001477;
	5827 : 000CBA;
	5828 : 000557;
	5829 : FFFEC4;
	5830 : FFF894;
	5831 : FFF1E2;
	5832 : FFEAFD;
	5833 : FFE569;
	5834 : FFE08E;
	5835 : FFDB2A;
	5836 : FFD64A;
	5837 : FFD25F;
	5838 : FFCEC8;
	5839 : FFCB8F;
	5840 : FFC8A6;
	5841 : FFC631;
	5842 : FFC468;
	5843 : FFC32A;
	5844 : FFC241;
	5845 : FFC1B4;
	5846 : FFC186;
	5847 : FFC250;
	5848 : FFC35C;
	5849 : FFC475;
	5850 : FFC62E;
	5851 : FFC8A3;
	5852 : FFCB3F;
	5853 : FFCDC0;
	5854 : FFD147;
	5855 : FFD75B;
	5856 : FFE009;
	5857 : FFEA35;
	5858 : FFF3A5;
	5859 : FFF7D3;
	5860 : FFF7DF;
	5861 : FFF7B7;
	5862 : FFF92D;
	5863 : FFFB1C;
	5864 : FFFCC8;
	5865 : FFFEDC;
	5866 : 0001FB;
	5867 : 00059E;
	5868 : 00089C;
	5869 : 000ABC;
	5870 : 000E16;
	5871 : 001179;
	5872 : 001403;
	5873 : 001625;
	5874 : 00185C;
	5875 : 001AEB;
	5876 : 001D40;
	5877 : 001F09;
	5878 : 0020A8;
	5879 : 00226E;
	5880 : 0023FD;
	5881 : 0024EC;
	5882 : 002597;
	5883 : 0025E8;
	5884 : 00262E;
	5885 : 00263D;
	5886 : 0025B0;
	5887 : 0024D0;
	5888 : 0023F2;
	5889 : 002334;
	5890 : 0022D6;
	5891 : 00239B;
	5892 : 002643;
	5893 : 002A8D;
	5894 : 002F37;
	5895 : 003143;
	5896 : 002DCC;
	5897 : 002692;
	5898 : 001F5C;
	5899 : 001912;
	5900 : 001319;
	5901 : 000CE5;
	5902 : 0006EF;
	5903 : 0001FC;
	5904 : FFFDAD;
	5905 : FFF8B4;
	5906 : FFF336;
	5907 : FFEE80;
	5908 : FFE9F9;
	5909 : FFE49A;
	5910 : FFDEEF;
	5911 : FFD9CA;
	5912 : FFD5B5;
	5913 : FFD292;
	5914 : FFD017;
	5915 : FFCE69;
	5916 : FFCD83;
	5917 : FFCCFB;
	5918 : FFCCE5;
	5919 : FFCD22;
	5920 : FFCD5E;
	5921 : FFCEDE;
	5922 : FFD0F0;
	5923 : FFD2C5;
	5924 : FFD4DD;
	5925 : FFD79A;
	5926 : FFDA53;
	5927 : FFDC7D;
	5928 : FFDE32;
	5929 : FFDFB3;
	5930 : FFE140;
	5931 : FFE37A;
	5932 : FFE6CD;
	5933 : FFEAB2;
	5934 : FFEF41;
	5935 : FFF3D3;
	5936 : FFF882;
	5937 : FFFD64;
	5938 : 0001FF;
	5939 : 000649;
	5940 : 000A93;
	5941 : 000EED;
	5942 : 001326;
	5943 : 00172F;
	5944 : 001AB0;
	5945 : 001E3A;
	5946 : 0021EB;
	5947 : 0024C9;
	5948 : 00275A;
	5949 : 0029C1;
	5950 : 002BD9;
	5951 : 002D96;
	5952 : 002F01;
	5953 : 002FFD;
	5954 : 003073;
	5955 : 003099;
	5956 : 003074;
	5957 : 002FA1;
	5958 : 002EC3;
	5959 : 002D8B;
	5960 : 002BBC;
	5961 : 0029FB;
	5962 : 002857;
	5963 : 002787;
	5964 : 00290B;
	5965 : 002E0B;
	5966 : 003624;
	5967 : 003EEA;
	5968 : 004436;
	5969 : 004196;
	5970 : 0037D6;
	5971 : 002BDB;
	5972 : 00204F;
	5973 : 0015BC;
	5974 : 000B8B;
	5975 : 0001C5;
	5976 : FFF918;
	5977 : FFF197;
	5978 : FFEA4D;
	5979 : FFE2A1;
	5980 : FFDBC0;
	5981 : FFD5D6;
	5982 : FFD042;
	5983 : FFCA9C;
	5984 : FFC5D8;
	5985 : FFC288;
	5986 : FFBFB2;
	5987 : FFBD0E;
	5988 : FFBAF8;
	5989 : FFB9B1;
	5990 : FFB8FD;
	5991 : FFB89A;
	5992 : FFB8D4;
	5993 : FFB9D9;
	5994 : FFBB43;
	5995 : FFBD6A;
	5996 : FFBFA5;
	5997 : FFC234;
	5998 : FFC5C5;
	5999 : FFC99F;
	6000 : FFCD27;
	6001 : FFD05D;
	6002 : FFD356;
	6003 : FFD621;
	6004 : FFD926;
	6005 : FFDCC3;
	6006 : FFE169;
	6007 : FFE72E;
	6008 : FFECCE;
	6009 : FFF283;
	6010 : FFF8B7;
	6011 : FFFEF1;
	6012 : 0004BE;
	6013 : 000A4B;
	6014 : 000FE1;
	6015 : 001580;
	6016 : 001AF6;
	6017 : 001F8F;
	6018 : 0022DF;
	6019 : 0025BD;
	6020 : 0027B4;
	6021 : 002926;
	6022 : 002B67;
	6023 : 002E43;
	6024 : 0030F4;
	6025 : 003348;
	6026 : 00353E;
	6027 : 0036E4;
	6028 : 00384B;
	6029 : 0038EA;
	6030 : 00394A;
	6031 : 003967;
	6032 : 003940;
	6033 : 003864;
	6034 : 003783;
	6035 : 003648;
	6036 : 003478;
	6037 : 003299;
	6038 : 00311F;
	6039 : 0030A0;
	6040 : 00320C;
	6041 : 003527;
	6042 : 0037D3;
	6043 : 00378E;
	6044 : 003288;
	6045 : 0029E1;
	6046 : 002165;
	6047 : 0019EF;
	6048 : 001285;
	6049 : 000AB1;
	6050 : 000337;
	6051 : FFFCE5;
	6052 : FFF71A;
	6053 : FFF0A2;
	6054 : FFEA67;
	6055 : FFE508;
	6056 : FFE0BA;
	6057 : FFDB91;
	6058 : FFD6B1;
	6059 : FFD2DE;
	6060 : FFCF58;
	6061 : FFCC20;
	6062 : FFC972;
	6063 : FFC757;
	6064 : FFC5C9;
	6065 : FFC4BA;
	6066 : FFC3F3;
	6067 : FFC374;
	6068 : FFC3BB;
	6069 : FFC463;
	6070 : FFC554;
	6071 : FFC717;
	6072 : FFC9F0;
	6073 : FFCE4A;
	6074 : FFD4C1;
	6075 : FFDD0E;
	6076 : FFE561;
	6077 : FFEB1C;
	6078 : FFECA4;
	6079 : FFEB28;
	6080 : FFEA87;
	6081 : FFEB97;
	6082 : FFECDC;
	6083 : FFEE48;
	6084 : FFF05D;
	6085 : FFF37B;
	6086 : FFF6E4;
	6087 : FFF9D9;
	6088 : FFFCAE;
	6089 : 000033;
	6090 : 00042E;
	6091 : 00074B;
	6092 : 000A04;
	6093 : 000D7F;
	6094 : 0010DE;
	6095 : 0013C4;
	6096 : 001685;
	6097 : 001920;
	6098 : 001BD3;
	6099 : 001E50;
	6100 : 002041;
	6101 : 0021F5;
	6102 : 0023B2;
	6103 : 002506;
	6104 : 0025E8;
	6105 : 002669;
	6106 : 0026EB;
	6107 : 00272F;
	6108 : 002714;
	6109 : 002671;
	6110 : 0025D0;
	6111 : 002557;
	6112 : 002519;
	6113 : 0025DE;
	6114 : 0028A9;
	6115 : 002D16;
	6116 : 003150;
	6117 : 003285;
	6118 : 002EB9;
	6119 : 0027B6;
	6120 : 002100;
	6121 : 001B01;
	6122 : 0014E6;
	6123 : 000E90;
	6124 : 0008CA;
	6125 : 0003F9;
	6126 : FFFF31;
	6127 : FFF935;
	6128 : FFF2A3;
	6129 : FFECA2;
	6130 : FFE720;
	6131 : FFE19F;
	6132 : FFDD55;
	6133 : FFDA30;
	6134 : FFD771;
	6135 : FFD50B;
	6136 : FFD32A;
	6137 : FFD1DF;
	6138 : FFD122;
	6139 : FFD0B4;
	6140 : FFD040;
	6141 : FFD0AA;
	6142 : FFD168;
	6143 : FFD290;
	6144 : FFD41B;
	6145 : FFD5D5;
	6146 : FFD806;
	6147 : FFDA3E;
	6148 : FFDC21;
	6149 : FFDDCA;
	6150 : FFDF67;
	6151 : FFE0E3;
	6152 : FFE23F;
	6153 : FFE43F;
	6154 : FFE74A;
	6155 : FFEB07;
	6156 : FFEED7;
	6157 : FFF334;
	6158 : FFF785;
	6159 : FFFBEB;
	6160 : 000046;
	6161 : 00047E;
	6162 : 0008C0;
	6163 : 000CFE;
	6164 : 0010CA;
	6165 : 00147A;
	6166 : 001807;
	6167 : 001BA7;
	6168 : 001EB3;
	6169 : 00214F;
	6170 : 0023AB;
	6171 : 002618;
	6172 : 002846;
	6173 : 0029DD;
	6174 : 002B02;
	6175 : 002BED;
	6176 : 002C72;
	6177 : 002C93;
	6178 : 002C87;
	6179 : 002C55;
	6180 : 002B8A;
	6181 : 002AF5;
	6182 : 002B0B;
	6183 : 002CDE;
	6184 : 003078;
	6185 : 0034F9;
	6186 : 00388B;
	6187 : 003990;
	6188 : 003843;
	6189 : 003667;
	6190 : 003583;
	6191 : 0032A2;
	6192 : 002A10;
	6193 : 001F27;
	6194 : 001562;
	6195 : 000D5A;
	6196 : 0004E0;
	6197 : FFFBA3;
	6198 : FFF38C;
	6199 : FFED8A;
	6200 : FFE7CF;
	6201 : FFE097;
	6202 : FFDA08;
	6203 : FFD57B;
	6204 : FFD0E3;
	6205 : FFCC4C;
	6206 : FFC839;
	6207 : FFC571;
	6208 : FFC340;
	6209 : FFC14D;
	6210 : FFBF88;
	6211 : FFBE56;
	6212 : FFBE2F;
	6213 : FFBE94;
	6214 : FFBF0F;
	6215 : FFC036;
	6216 : FFC201;
	6217 : FFC45A;
	6218 : FFC6BA;
	6219 : FFC95F;
	6220 : FFCCB4;
	6221 : FFD04D;
	6222 : FFD39B;
	6223 : FFD6BD;
	6224 : FFD9E1;
	6225 : FFDCB6;
	6226 : FFDF7C;
	6227 : FFE2D1;
	6228 : FFE737;
	6229 : FFEC37;
	6230 : FFF181;
	6231 : FFF6DC;
	6232 : FFFC5C;
	6233 : 0001D8;
	6234 : 000729;
	6235 : 000C4D;
	6236 : 0010ED;
	6237 : 001480;
	6238 : 00173D;
	6239 : 001986;
	6240 : 001BB3;
	6241 : 001ED7;
	6242 : 0022CD;
	6243 : 002633;
	6244 : 00293B;
	6245 : 002C48;
	6246 : 002F10;
	6247 : 003154;
	6248 : 003325;
	6249 : 003498;
	6250 : 0035C5;
	6251 : 0036CD;
	6252 : 003764;
	6253 : 00370A;
	6254 : 0036D5;
	6255 : 00363D;
	6256 : 003522;
	6257 : 0033A0;
	6258 : 0031C4;
	6259 : 002FF0;
	6260 : 002E97;
	6261 : 002E21;
	6262 : 002F25;
	6263 : 0031B7;
	6264 : 0033EA;
	6265 : 003298;
	6266 : 002D99;
	6267 : 0025A6;
	6268 : 001DAC;
	6269 : 001688;
	6270 : 000F65;
	6271 : 000816;
	6272 : 000166;
	6273 : FFFBB6;
	6274 : FFF621;
	6275 : FFEFD2;
	6276 : FFE9D9;
	6277 : FFE4B0;
	6278 : FFE03A;
	6279 : FFDB8F;
	6280 : FFD718;
	6281 : FFD38D;
	6282 : FFD063;
	6283 : FFCD50;
	6284 : FFCAD4;
	6285 : FFC91E;
	6286 : FFC7BA;
	6287 : FFC6A1;
	6288 : FFC602;
	6289 : FFC5FB;
	6290 : FFC672;
	6291 : FFC86F;
	6292 : FFCBB4;
	6293 : FFD12F;
	6294 : FFD952;
	6295 : FFE1B9;
	6296 : FFE750;
	6297 : FFE89E;
	6298 : FFE6A2;
	6299 : FFE405;
	6300 : FFE2B6;
	6301 : FFE270;
	6302 : FFE2E8;
	6303 : FFE469;
	6304 : FFE6D6;
	6305 : FFE9B2;
	6306 : FFEC88;
	6307 : FFEF52;
	6308 : FFF287;
	6309 : FFF620;
	6310 : FFF9AC;
	6311 : FFFD2B;
	6312 : 0000D7;
	6313 : 0004B7;
	6314 : 0008AA;
	6315 : 000C31;
	6316 : 000FAD;
	6317 : 0012B8;
	6318 : 0015F6;
	6319 : 001915;
	6320 : 001BC9;
	6321 : 001E39;
	6322 : 00207E;
	6323 : 002287;
	6324 : 002468;
	6325 : 0025B3;
	6326 : 0026D0;
	6327 : 002781;
	6328 : 002817;
	6329 : 002882;
	6330 : 0028A1;
	6331 : 00282E;
	6332 : 002776;
	6333 : 0026F8;
	6334 : 0026DB;
	6335 : 002789;
	6336 : 002A04;
	6337 : 002E06;
	6338 : 003193;
	6339 : 003257;
	6340 : 002ED8;
	6341 : 0027FE;
	6342 : 002131;
	6343 : 001B9B;
	6344 : 0015BF;
	6345 : 000F37;
	6346 : 0008D3;
	6347 : 0002D3;
	6348 : FFFC88;
	6349 : FFF57B;
	6350 : FFEF17;
	6351 : FFEA89;
	6352 : FFE6AA;
	6353 : FFE2A2;
	6354 : FFDF24;
	6355 : FFDCB8;
	6356 : FFDA63;
	6357 : FFD811;
	6358 : FFD626;
	6359 : FFD4BE;
	6360 : FFD3FC;
	6361 : FFD3F5;
	6362 : FFD3C9;
	6363 : FFD369;
	6364 : FFD461;
	6365 : FFD5A1;
	6366 : FFD700;
	6367 : FFD882;
	6368 : FFDA41;
	6369 : FFDC2C;
	6370 : FFDE16;
	6371 : FFDFB3;
	6372 : FFE0E7;
	6373 : FFE20C;
	6374 : FFE358;
	6375 : FFE521;
	6376 : FFE840;
	6377 : FFEBB4;
	6378 : FFEF13;
	6379 : FFF2D0;
	6380 : FFF6DA;
	6381 : FFFAD7;
	6382 : FFFEBB;
	6383 : 000293;
	6384 : 000663;
	6385 : 000A42;
	6386 : 000E0E;
	6387 : 0011BA;
	6388 : 00150A;
	6389 : 00185A;
	6390 : 001B52;
	6391 : 001E27;
	6392 : 0020C6;
	6393 : 002307;
	6394 : 00250B;
	6395 : 0026AE;
	6396 : 0027DB;
	6397 : 0028D4;
	6398 : 002977;
	6399 : 0029DA;
	6400 : 002A46;
	6401 : 002B4F;
	6402 : 002DAD;
	6403 : 003224;
	6404 : 00377A;
	6405 : 003ABC;
	6406 : 003A0C;
	6407 : 00359B;
	6408 : 002FDA;
	6409 : 002BC2;
	6410 : 002A21;
	6411 : 0029EB;
	6412 : 002945;
	6413 : 002775;
	6414 : 0021AD;
	6415 : 0018A1;
	6416 : 000F42;
	6417 : 000760;
	6418 : 00001E;
	6419 : FFF883;
	6420 : FFF155;
	6421 : FFEBAA;
	6422 : FFE6B9;
	6423 : FFE102;
	6424 : FFDB05;
	6425 : FFD724;
	6426 : FFD357;
	6427 : FFCFB4;
	6428 : FFCC7E;
	6429 : FFC9CA;
	6430 : FFC7EA;
	6431 : FFC69F;
	6432 : FFC592;
	6433 : FFC4C9;
	6434 : FFC497;
	6435 : FFC55C;
	6436 : FFC629;
	6437 : FFC73D;
	6438 : FFC8C6;
	6439 : FFCAF9;
	6440 : FFCD96;
	6441 : FFD05C;
	6442 : FFD382;
	6443 : FFD710;
	6444 : FFDA5D;
	6445 : FFDCF4;
	6446 : FFDF3A;
	6447 : FFE1A6;
	6448 : FFE454;
	6449 : FFE793;
	6450 : FFEBE0;
	6451 : FFF02C;
	6452 : FFF4CB;
	6453 : FFF9A6;
	6454 : FFFE60;
	6455 : 0002AE;
	6456 : 00065F;
	6457 : 000958;
	6458 : 000BE9;
	6459 : 000EC1;
	6460 : 00121B;
	6461 : 00160C;
	6462 : 0019EB;
	6463 : 001D87;
	6464 : 00214C;
	6465 : 0024E1;
	6466 : 0027CB;
	6467 : 002A5D;
	6468 : 002CCA;
	6469 : 002EED;
	6470 : 0030C6;
	6471 : 003272;
	6472 : 00339C;
	6473 : 003411;
	6474 : 003490;
	6475 : 00346A;
	6476 : 00339B;
	6477 : 003307;
	6478 : 0031F2;
	6479 : 00306D;
	6480 : 002EB7;
	6481 : 002CFC;
	6482 : 002B90;
	6483 : 002AF4;
	6484 : 002B98;
	6485 : 002DA6;
	6486 : 002F97;
	6487 : 002E5D;
	6488 : 002911;
	6489 : 0021AE;
	6490 : 001A59;
	6491 : 00139B;
	6492 : 000CF9;
	6493 : 000604;
	6494 : FFFF7A;
	6495 : FFFA19;
	6496 : FFF4E5;
	6497 : FFEEFE;
	6498 : FFE90F;
	6499 : FFE4B4;
	6500 : FFE033;
	6501 : FFDBDB;
	6502 : FFD7DD;
	6503 : FFD493;
	6504 : FFD1CF;
	6505 : FFCF28;
	6506 : FFCCD1;
	6507 : FFCB19;
	6508 : FFC9D1;
	6509 : FFC94B;
	6510 : FFC989;
	6511 : FFCB7D;
	6512 : FFCFF3;
	6513 : FFD6D7;
	6514 : FFDDDF;
	6515 : FFE284;
	6516 : FFE3C9;
	6517 : FFE297;
	6518 : FFE0C1;
	6519 : FFDF9A;
	6520 : FFDEE2;
	6521 : FFDD68;
	6522 : FFDC64;
	6523 : FFDDA9;
	6524 : FFDFAF;
	6525 : FFE177;
	6526 : FFE392;
	6527 : FFE666;
	6528 : FFEA06;
	6529 : FFED9C;
	6530 : FFF0F3;
	6531 : FFF488;
	6532 : FFF873;
	6533 : FFFC4C;
	6534 : 000004;
	6535 : 0003E8;
	6536 : 0007CC;
	6537 : 000B8B;
	6538 : 000F92;
	6539 : 0012DC;
	6540 : 0015FC;
	6541 : 001931;
	6542 : 001BF8;
	6543 : 001E6F;
	6544 : 00210C;
	6545 : 002368;
	6546 : 00253A;
	6547 : 0026C4;
	6548 : 0027FB;
	6549 : 0028D4;
	6550 : 00296D;
	6551 : 0029B9;
	6552 : 00296F;
	6553 : 002920;
	6554 : 0028AB;
	6555 : 002819;
	6556 : 0027F9;
	6557 : 0028B1;
	6558 : 002AA4;
	6559 : 002E5D;
	6560 : 0031A2;
	6561 : 00317A;
	6562 : 002D81;
	6563 : 002720;
	6564 : 002057;
	6565 : 001A1B;
	6566 : 001357;
	6567 : 000BBE;
	6568 : 00049C;
	6569 : FFFED5;
	6570 : FFF9AC;
	6571 : FFF474;
	6572 : FFEF78;
	6573 : FFEBDC;
	6574 : FFE89B;
	6575 : FFE50E;
	6576 : FFE1B5;
	6577 : FFDF2E;
	6578 : FFDCE7;
	6579 : FFDA97;
	6580 : FFD8D3;
	6581 : FFD7B7;
	6582 : FFD69C;
	6583 : FFD636;
	6584 : FFD65B;
	6585 : FFD652;
	6586 : FFD6DF;
	6587 : FFD79D;
	6588 : FFD8B5;
	6589 : FFD9F7;
	6590 : FFDBBA;
	6591 : FFDDBD;
	6592 : FFDF91;
	6593 : FFE0F7;
	6594 : FFE1DE;
	6595 : FFE2B3;
	6596 : FFE3F1;
	6597 : FFE5E1;
	6598 : FFE8A6;
	6599 : FFEBCC;
	6600 : FFEEE4;
	6601 : FFF25B;
	6602 : FFF627;
	6603 : FFF9BA;
	6604 : FFFD58;
	6605 : 000141;
	6606 : 0004F6;
	6607 : 000873;
	6608 : 000BF2;
	6609 : 000F80;
	6610 : 0012B8;
	6611 : 0015E8;
	6612 : 0018B4;
	6613 : 001B26;
	6614 : 001DB3;
	6615 : 001FFF;
	6616 : 0021D6;
	6617 : 00235C;
	6618 : 0024B8;
	6619 : 002631;
	6620 : 002837;
	6621 : 002B67;
	6622 : 00303F;
	6623 : 00365C;
	6624 : 003AB8;
	6625 : 003B29;
	6626 : 0037CD;
	6627 : 00327B;
	6628 : 002D69;
	6629 : 002920;
	6630 : 0024FC;
	6631 : 00218D;
	6632 : 0020C3;
	6633 : 002248;
	6634 : 002300;
	6635 : 002035;
	6636 : 001A83;
	6637 : 0012D0;
	6638 : 000B04;
	6639 : 0003FB;
	6640 : FFFD39;
	6641 : FFF6A3;
	6642 : FFF0CA;
	6643 : FFEBCA;
	6644 : FFE701;
	6645 : FFE1F6;
	6646 : FFDD26;
	6647 : FFDA0D;
	6648 : FFD6E2;
	6649 : FFD38E;
	6650 : FFD0FC;
	6651 : FFCF2F;
	6652 : FFCD7C;
	6653 : FFCBF3;
	6654 : FFCB2B;
	6655 : FFCB0D;
	6656 : FFCB07;
	6657 : FFCBBE;
	6658 : FFCCAB;
	6659 : FFCDFE;
	6660 : FFCFDC;
	6661 : FFD1C1;
	6662 : FFD42C;
	6663 : FFD6AA;
	6664 : FFD965;
	6665 : FFDC75;
	6666 : FFDF72;
	6667 : FFE200;
	6668 : FFE44C;
	6669 : FFE67D;
	6670 : FFE858;
	6671 : FFEB49;
	6672 : FFEF57;
	6673 : FFF359;
	6674 : FFF6F4;
	6675 : FFFA5B;
	6676 : FFFD31;
	6677 : FFFFAE;
	6678 : 000266;
	6679 : 000599;
	6680 : 00092B;
	6681 : 000D10;
	6682 : 001122;
	6683 : 0014D4;
	6684 : 001902;
	6685 : 001CC6;
	6686 : 002010;
	6687 : 00232D;
	6688 : 002618;
	6689 : 0028CA;
	6690 : 002B30;
	6691 : 002D22;
	6692 : 002EA2;
	6693 : 002FE4;
	6694 : 0030E0;
	6695 : 003164;
	6696 : 0031BA;
	6697 : 003199;
	6698 : 0030E5;
	6699 : 002FF5;
	6700 : 002EBF;
	6701 : 002D33;
	6702 : 002B55;
	6703 : 002950;
	6704 : 0027A9;
	6705 : 002720;
	6706 : 002813;
	6707 : 0029F0;
	6708 : 002B97;
	6709 : 002A47;
	6710 : 0024BA;
	6711 : 001D77;
	6712 : 0016A0;
	6713 : 00107A;
	6714 : 000A65;
	6715 : 00041F;
	6716 : FFFE3C;
	6717 : FFF91F;
	6718 : FFF3EB;
	6719 : FFEE55;
	6720 : FFE939;
	6721 : FFE522;
	6722 : FFE0E7;
	6723 : FFDCC1;
	6724 : FFD94A;
	6725 : FFD635;
	6726 : FFD39B;
	6727 : FFD183;
	6728 : FFCFE2;
	6729 : FFCF19;
	6730 : FFCFD3;
	6731 : FFD27E;
	6732 : FFD779;
	6733 : FFDD37;
	6734 : FFE10F;
	6735 : FFE1A6;
	6736 : FFDFCD;
	6737 : FFDDB2;
	6738 : FFDCBC;
	6739 : FFDC88;
	6740 : FFDBF9;
	6741 : FFDB1D;
	6742 : FFDB0E;
	6743 : FFDB64;
	6744 : FFDADC;
	6745 : FFDB76;
	6746 : FFDDC4;
	6747 : FFE08F;
	6748 : FFE325;
	6749 : FFE61B;
	6750 : FFE9BD;
	6751 : FFED84;
	6752 : FFF127;
	6753 : FFF4D3;
	6754 : FFF8BF;
	6755 : FFFD09;
	6756 : 0000B4;
	6757 : 0004D2;
	6758 : 0008AE;
	6759 : 000C6E;
	6760 : 00108B;
	6761 : 001414;
	6762 : 001722;
	6763 : 001A2C;
	6764 : 001D1B;
	6765 : 001F88;
	6766 : 0021AC;
	6767 : 00241A;
	6768 : 002605;
	6769 : 00276D;
	6770 : 002835;
	6771 : 0028EB;
	6772 : 002990;
	6773 : 0029F8;
	6774 : 0029E7;
	6775 : 002988;
	6776 : 0028F3;
	6777 : 00283C;
	6778 : 0027E2;
	6779 : 00288E;
	6780 : 002A3D;
	6781 : 002D5C;
	6782 : 003027;
	6783 : 002F7A;
	6784 : 002A8D;
	6785 : 002317;
	6786 : 001B6F;
	6787 : 001483;
	6788 : 000E12;
	6789 : 0007E6;
	6790 : 00028C;
	6791 : FFFE55;
	6792 : FFFA06;
	6793 : FFF546;
	6794 : FFF0DF;
	6795 : FFED5A;
	6796 : FFE9B6;
	6797 : FFE64C;
	6798 : FFE390;
	6799 : FFE15A;
	6800 : FFDF67;
	6801 : FFDD79;
	6802 : FFDBC3;
	6803 : FFDABD;
	6804 : FFDA1D;
	6805 : FFD967;
	6806 : FFD94A;
	6807 : FFD92F;
	6808 : FFD95A;
	6809 : FFDA2A;
	6810 : FFDB3D;
	6811 : FFDC50;
	6812 : FFDDBD;
	6813 : FFDF70;
	6814 : FFE0E6;
	6815 : FFE208;
	6816 : FFE30D;
	6817 : FFE39C;
	6818 : FFE470;
	6819 : FFE657;
	6820 : FFE8E1;
	6821 : FFEBB5;
	6822 : FFEEAA;
	6823 : FFF1D9;
	6824 : FFF58B;
	6825 : FFF948;
	6826 : FFFCB7;
	6827 : 000042;
	6828 : 000418;
	6829 : 00078D;
	6830 : 000ACA;
	6831 : 000E0F;
	6832 : 00110A;
	6833 : 0013EA;
	6834 : 001689;
	6835 : 0018FE;
	6836 : 001B7F;
	6837 : 001DE1;
	6838 : 00200F;
	6839 : 002297;
	6840 : 002657;
	6841 : 002BAF;
	6842 : 003239;
	6843 : 0037B9;
	6844 : 0038CB;
	6845 : 003640;
	6846 : 00322F;
	6847 : 002E2C;
	6848 : 002A9C;
	6849 : 0026E5;
	6850 : 0022F4;
	6851 : 001F8E;
	6852 : 001D2D;
	6853 : 001B69;
	6854 : 001A46;
	6855 : 001B23;
	6856 : 001C5C;
	6857 : 001A91;
	6858 : 00154A;
	6859 : 000E27;
	6860 : 0007A8;
	6861 : 00020B;
	6862 : FFFC2B;
	6863 : FFF614;
	6864 : FFF0F1;
	6865 : FFECF3;
	6866 : FFE940;
	6867 : FFE4F8;
	6868 : FFE0EF;
	6869 : FFDDDE;
	6870 : FFDB3B;
	6871 : FFD858;
	6872 : FFD5F6;
	6873 : FFD487;
	6874 : FFD36F;
	6875 : FFD245;
	6876 : FFD18B;
	6877 : FFD1A5;
	6878 : FFD1F3;
	6879 : FFD27D;
	6880 : FFD390;
	6881 : FFD4CB;
	6882 : FFD664;
	6883 : FFD83B;
	6884 : FFDA34;
	6885 : FFDC91;
	6886 : FFDF3F;
	6887 : FFE202;
	6888 : FFE485;
	6889 : FFE6A2;
	6890 : FFE89A;
	6891 : FFEA4A;
	6892 : FFEBDA;
	6893 : FFEDA1;
	6894 : FFF045;
	6895 : FFF2E8;
	6896 : FFF493;
	6897 : FFF6C4;
	6898 : FFFA21;
	6899 : FFFDCF;
	6900 : 00016C;
	6901 : 00053E;
	6902 : 000907;
	6903 : 000D23;
	6904 : 001147;
	6905 : 0014E5;
	6906 : 001839;
	6907 : 001BA4;
	6908 : 001EE6;
	6909 : 0021D2;
	6910 : 002465;
	6911 : 0026B6;
	6912 : 0028F0;
	6913 : 002ADA;
	6914 : 002C12;
	6915 : 002D18;
	6916 : 002E07;
	6917 : 002E5B;
	6918 : 002DE9;
	6919 : 002DA2;
	6920 : 002CFA;
	6921 : 002C13;
	6922 : 002AF3;
	6923 : 002967;
	6924 : 002764;
	6925 : 00254D;
	6926 : 0023B7;
	6927 : 0022F5;
	6928 : 002380;
	6929 : 002583;
	6930 : 0026F2;
	6931 : 002540;
	6932 : 00205A;
	6933 : 001A02;
	6934 : 0013CC;
	6935 : 000DF8;
	6936 : 000815;
	6937 : 00022F;
	6938 : FFFCCF;
	6939 : FFF806;
	6940 : FFF349;
	6941 : FFEE1D;
	6942 : FFE939;
	6943 : FFE57F;
	6944 : FFE214;
	6945 : FFDE62;
	6946 : FFDB4A;
	6947 : FFD8C9;
	6948 : FFD6F3;
	6949 : FFD675;
	6950 : FFD7E9;
	6951 : FFDB28;
	6952 : FFDF37;
	6953 : FFE1FA;
	6954 : FFE20D;
	6955 : FFDF69;
	6956 : FFDD08;
	6957 : FFDB66;
	6958 : FFDA4E;
	6959 : FFD978;
	6960 : FFD929;
	6961 : FFD9A8;
	6962 : FFDA4A;
	6963 : FFDA2E;
	6964 : FFD9E0;
	6965 : FFD9FF;
	6966 : FFDA33;
	6967 : FFDB6A;
	6968 : FFDDD1;
	6969 : FFE0D6;
	6970 : FFE3F5;
	6971 : FFE764;
	6972 : FFEADD;
	6973 : FFEE53;
	6974 : FFF21A;
	6975 : FFF62D;
	6976 : FFFA2F;
	6977 : FFFE3B;
	6978 : 00021F;
	6979 : 00064D;
	6980 : 000A68;
	6981 : 000E31;
	6982 : 0011B3;
	6983 : 001510;
	6984 : 001821;
	6985 : 001AFB;
	6986 : 001DD8;
	6987 : 002077;
	6988 : 00226C;
	6989 : 002439;
	6990 : 00260E;
	6991 : 00277B;
	6992 : 002894;
	6993 : 002937;
	6994 : 00296B;
	6995 : 00297F;
	6996 : 002950;
	6997 : 0028C3;
	6998 : 002813;
	6999 : 002769;
	7000 : 0026E7;
	7001 : 002738;
	7002 : 002887;
	7003 : 002A88;
	7004 : 002BCE;
	7005 : 0029B9;
	7006 : 002421;
	7007 : 001D1F;
	7008 : 0016C7;
	7009 : 00115D;
	7010 : 000C3C;
	7011 : 000714;
	7012 : 00025C;
	7013 : FFFE9A;
	7014 : FFFAE5;
	7015 : FFF686;
	7016 : FFF25D;
	7017 : FFEF12;
	7018 : FFEBF3;
	7019 : FFE8DA;
	7020 : FFE640;
	7021 : FFE3DC;
	7022 : FFE1C9;
	7023 : FFE016;
	7024 : FFDE88;
	7025 : FFDD4C;
	7026 : FFDC8B;
	7027 : FFDBE1;
	7028 : FFDB8E;
	7029 : FFDB9F;
	7030 : FFDBDC;
	7031 : FFDC86;
	7032 : FFDD6C;
	7033 : FFDE5A;
	7034 : FFDF7F;
	7035 : FFE0F1;
	7036 : FFE242;
	7037 : FFE311;
	7038 : FFE3CD;
	7039 : FFE486;
	7040 : FFE524;
	7041 : FFE75D;
	7042 : FFE9D1;
	7043 : FFEC44;
	7044 : FFEF4B;
	7045 : FFF270;
	7046 : FFF58D;
	7047 : FFF8B3;
	7048 : FFFBCF;
	7049 : FFFEE9;
	7050 : 000236;
	7051 : 000583;
	7052 : 000908;
	7053 : 000C5F;
	7054 : 000F45;
	7055 : 001204;
	7056 : 0014FD;
	7057 : 0017B3;
	7058 : 001A99;
	7059 : 001E91;
	7060 : 00240A;
	7061 : 002A7F;
	7062 : 003051;
	7063 : 003366;
	7064 : 0032A6;
	7065 : 002FAA;
	7066 : 002CEE;
	7067 : 002A95;
	7068 : 0027CE;
	7069 : 002471;
	7070 : 00217C;
	7071 : 001F27;
	7072 : 001C9F;
	7073 : 001978;
	7074 : 0016B6;
	7075 : 001598;
	7076 : 001582;
	7077 : 001685;
	7078 : 0017B6;
	7079 : 00167B;
	7080 : 00124C;
	7081 : 000C4D;
	7082 : 000674;
	7083 : 00014E;
	7084 : FFFC3D;
	7085 : FFF6FC;
	7086 : FFF24F;
	7087 : FFEEDB;
	7088 : FFEB9A;
	7089 : FFE80F;
	7090 : FFE4B2;
	7091 : FFE1AC;
	7092 : FFDF86;
	7093 : FFDD83;
	7094 : FFDB7D;
	7095 : FFD9F8;
	7096 : FFD908;
	7097 : FFD839;
	7098 : FFD78F;
	7099 : FFD79B;
	7100 : FFD810;
	7101 : FFD8A7;
	7102 : FFD961;
	7103 : FFDA59;
	7104 : FFDBE5;
	7105 : FFDDC0;
	7106 : FFDF85;
	7107 : FFE188;
	7108 : FFE3E7;
	7109 : FFE648;
	7110 : FFE84A;
	7111 : FFE9E1;
	7112 : FFEB0D;
	7113 : FFEBB9;
	7114 : FFEC28;
	7115 : FFECCE;
	7116 : FFEE45;
	7117 : FFF095;
	7118 : FFF370;
	7119 : FFF6C0;
	7120 : FFFA72;
	7121 : FFFE3A;
	7122 : 0001E9;
	7123 : 0005A5;
	7124 : 000967;
	7125 : 000D09;
	7126 : 00109A;
	7127 : 001447;
	7128 : 001774;
	7129 : 001A6E;
	7130 : 001D7E;
	7131 : 00200A;
	7132 : 00222E;
	7133 : 002432;
	7134 : 00260B;
	7135 : 002799;
	7136 : 0028CE;
	7137 : 002993;
	7138 : 002A32;
	7139 : 002A56;
	7140 : 0029ED;
	7141 : 00298D;
	7142 : 0028F7;
	7143 : 0027CB;
	7144 : 00267E;
	7145 : 002502;
	7146 : 00232C;
	7147 : 002165;
	7148 : 002021;
	7149 : 001F68;
	7150 : 001FED;
	7151 : 0021B8;
	7152 : 0022A2;
	7153 : 002107;
	7154 : 001C62;
	7155 : 00163D;
	7156 : 001044;
	7157 : 000ADC;
	7158 : 00057F;
	7159 : 000020;
	7160 : FFFB5D;
	7161 : FFF70C;
	7162 : FFF28C;
	7163 : FFEE3D;
	7164 : FFEA1E;
	7165 : FFE6A7;
	7166 : FFE39A;
	7167 : FFE0AF;
	7168 : FFDF30;
	7169 : FFDF9D;
	7170 : FFE198;
	7171 : FFE43E;
	7172 : FFE606;
	7173 : FFE548;
	7174 : FFE21C;
	7175 : FFDE96;
	7176 : FFDC95;
	7177 : FFDAC0;
	7178 : FFD92C;
	7179 : FFD854;
	7180 : FFD820;
	7181 : FFD85D;
	7182 : FFD88C;
	7183 : FFD8BD;
	7184 : FFD968;
	7185 : FFDA40;
	7186 : FFDA82;
	7187 : FFDA75;
	7188 : FFDBB7;
	7189 : FFDDC5;
	7190 : FFE02A;
	7191 : FFE2BF;
	7192 : FFE5B6;
	7193 : FFE955;
	7194 : FFED1E;
	7195 : FFF0BC;
	7196 : FFF46C;
	7197 : FFF85C;
	7198 : FFFC61;
	7199 : 000054;
	7200 : 000483;
	7201 : 000843;
	7202 : 000BD9;
	7203 : 000F6A;
	7204 : 0012AB;
	7205 : 0015CF;
	7206 : 0018D9;
	7207 : 001BB1;
	7208 : 001E66;
	7209 : 0020E6;
	7210 : 0022D2;
	7211 : 002474;
	7212 : 00260A;
	7213 : 002711;
	7214 : 0027BB;
	7215 : 002866;
	7216 : 0028A2;
	7217 : 002897;
	7218 : 002850;
	7219 : 0027B9;
	7220 : 0026CA;
	7221 : 00258A;
	7222 : 00243B;
	7223 : 00239A;
	7224 : 0023F2;
	7225 : 0024CC;
	7226 : 00253C;
	7227 : 0023C8;
	7228 : 001F7C;
	7229 : 0019CC;
	7230 : 00149A;
	7231 : 000FF0;
	7232 : 000B2F;
	7233 : 000678;
	7234 : 000250;
	7235 : FFFEB1;
	7236 : FFFB0B;
	7237 : FFF72A;
	7238 : FFF3A4;
	7239 : FFF08B;
	7240 : FFED8B;
	7241 : FFEA96;
	7242 : FFE80D;
	7243 : FFE5D2;
	7244 : FFE3B9;
	7245 : FFE1EA;
	7246 : FFE079;
	7247 : FFDF30;
	7248 : FFDE7C;
	7249 : FFDE1A;
	7250 : FFDDC9;
	7251 : FFDDD5;
	7252 : FFDE00;
	7253 : FFDE43;
	7254 : FFDEE2;
	7255 : FFDFDF;
	7256 : FFE10B;
	7257 : FFE250;
	7258 : FFE396;
	7259 : FFE497;
	7260 : FFE541;
	7261 : FFE5D4;
	7262 : FFE66F;
	7263 : FFE7F5;
	7264 : FFEA3B;
	7265 : FFECCD;
	7266 : FFEF86;
	7267 : FFF255;
	7268 : FFF563;
	7269 : FFF896;
	7270 : FFFBBD;
	7271 : FFFEF6;
	7272 : 000225;
	7273 : 000527;
	7274 : 000816;
	7275 : 000AFD;
	7276 : 000E15;
	7277 : 001189;
	7278 : 001617;
	7279 : 001BD3;
	7280 : 002279;
	7281 : 0028A2;
	7282 : 002C47;
	7283 : 002C88;
	7284 : 002A96;
	7285 : 00289C;
	7286 : 002753;
	7287 : 002585;
	7288 : 002349;
	7289 : 002158;
	7290 : 001FBC;
	7291 : 001DEF;
	7292 : 001B86;
	7293 : 001905;
	7294 : 0016D2;
	7295 : 001496;
	7296 : 001278;
	7297 : 001195;
	7298 : 001224;
	7299 : 00137B;
	7300 : 0014A7;
	7301 : 00138F;
	7302 : 000FF3;
	7303 : 000AD8;
	7304 : 0005D4;
	7305 : 000123;
	7306 : FFFCA1;
	7307 : FFF87F;
	7308 : FFF4C6;
	7309 : FFF191;
	7310 : FFEE82;
	7311 : FFEB10;
	7312 : FFE8B7;
	7313 : FFE695;
	7314 : FFE455;
	7315 : FFE246;
	7316 : FFE097;
	7317 : FFDF46;
	7318 : FFDE56;
	7319 : FFDDD9;
	7320 : FFDDAD;
	7321 : FFDD94;
	7322 : FFDDCF;
	7323 : FFDE33;
	7324 : FFDEBB;
	7325 : FFDF9E;
	7326 : FFE099;
	7327 : FFE21B;
	7328 : FFE40D;
	7329 : FFE602;
	7330 : FFE7D3;
	7331 : FFE961;
	7332 : FFEA64;
	7333 : FFEABF;
	7334 : FFEA88;
	7335 : FFEA0A;
	7336 : FFEA6D;
	7337 : FFEC60;
	7338 : FFEF1B;
	7339 : FFF201;
	7340 : FFF510;
	7341 : FFF840;
	7342 : FFFBA3;
	7343 : FFFF1F;
	7344 : 000277;
	7345 : 0005D3;
	7346 : 000993;
	7347 : 000D18;
	7348 : 001048;
	7349 : 001355;
	7350 : 00163A;
	7351 : 0018E6;
	7352 : 001B73;
	7353 : 001DA4;
	7354 : 001FBA;
	7355 : 0021AE;
	7356 : 002329;
	7357 : 002450;
	7358 : 002585;
	7359 : 00267A;
	7360 : 0026DC;
	7361 : 0026BF;
	7362 : 002651;
	7363 : 0025AF;
	7364 : 0024FD;
	7365 : 00241B;
	7366 : 0022B1;
	7367 : 002105;
	7368 : 001F59;
	7369 : 001D99;
	7370 : 001C22;
	7371 : 001B47;
	7372 : 001BA9;
	7373 : 001D71;
	7374 : 001E66;
	7375 : 001CB8;
	7376 : 0018BF;
	7377 : 001361;
	7378 : 000DD7;
	7379 : 0008C6;
	7380 : 0003E2;
	7381 : FFFEE4;
	7382 : FFFA4E;
	7383 : FFF660;
	7384 : FFF28B;
	7385 : FFEEC7;
	7386 : FFEBDB;
	7387 : FFE9E2;
	7388 : FFE97F;
	7389 : FFEA73;
	7390 : FFEBE6;
	7391 : FFEC6F;
	7392 : FFEACC;
	7393 : FFE721;
	7394 : FFE317;
	7395 : FFE01A;
	7396 : FFDDCC;
	7397 : FFDB5D;
	7398 : FFD9B1;
	7399 : FFD8F0;
	7400 : FFD8AE;
	7401 : FFD863;
	7402 : FFD7FA;
	7403 : FFD829;
	7404 : FFD90E;
	7405 : FFD9F7;
	7406 : FFDA8F;
	7407 : FFDB36;
	7408 : FFDBD7;
	7409 : FFDCC3;
	7410 : FFDE28;
	7411 : FFDFF9;
	7412 : FFE294;
	7413 : FFE5A5;
	7414 : FFE8E7;
	7415 : FFEC44;
	7416 : FFEFBE;
	7417 : FFF357;
	7418 : FFF70F;
	7419 : FFFADA;
	7420 : FFFEAB;
	7421 : 00027C;
	7422 : 000644;
	7423 : 0009D9;
	7424 : 000D35;
	7425 : 0010C8;
	7426 : 001403;
	7427 : 0016CF;
	7428 : 00197F;
	7429 : 001C02;
	7430 : 001E39;
	7431 : 00206E;
	7432 : 00227D;
	7433 : 0023EF;
	7434 : 002551;
	7435 : 002640;
	7436 : 0026A7;
	7437 : 0026D3;
	7438 : 0026DC;
	7439 : 0026AE;
	7440 : 00261D;
	7441 : 0024EB;
	7442 : 002306;
	7443 : 0020CD;
	7444 : 001EDD;
	7445 : 001DA3;
	7446 : 001E73;
	7447 : 00208E;
	7448 : 002192;
	7449 : 002020;
	7450 : 001C55;
	7451 : 001796;
	7452 : 00130C;
	7453 : 000EDD;
	7454 : 000AAB;
	7455 : 00068A;
	7456 : 0002D9;
	7457 : FFFF35;
	7458 : FFFBB0;
	7459 : FFF82A;
	7460 : FFF4C6;
	7461 : FFF1D8;
	7462 : FFEF1D;
	7463 : FFEC4E;
	7464 : FFE9DC;
	7465 : FFE7D4;
	7466 : FFE5E4;
	7467 : FFE40B;
	7468 : FFE296;
	7469 : FFE17A;
	7470 : FFE0AE;
	7471 : FFE046;
	7472 : FFDFE5;
	7473 : FFDF9D;
	7474 : FFDFC9;
	7475 : FFE030;
	7476 : FFE0BA;
	7477 : FFE193;
	7478 : FFE2B6;
	7479 : FFE3E8;
	7480 : FFE50D;
	7481 : FFE606;
	7482 : FFE685;
	7483 : FFE6D7;
	7484 : FFE7B3;
	7485 : FFE91A;
	7486 : FFEB5A;
	7487 : FFEDD6;
	7488 : FFF06B;
	7489 : FFF31C;
	7490 : FFF5CC;
	7491 : FFF88B;
	7492 : FFFB88;
	7493 : FFFE93;
	7494 : 000189;
	7495 : 00045A;
	7496 : 00080F;
	7497 : 000CCE;
	7498 : 0012CA;
	7499 : 0019A7;
	7500 : 001FA5;
	7501 : 00234E;
	7502 : 002425;
	7503 : 002350;
	7504 : 00227B;
	7505 : 0021EB;
	7506 : 0020D7;
	7507 : 001F8E;
	7508 : 001EA0;
	7509 : 001E08;
	7510 : 001CFD;
	7511 : 001B26;
	7512 : 001951;
	7513 : 001819;
	7514 : 0016B6;
	7515 : 0014A3;
	7516 : 00127D;
	7517 : 0010E9;
	7518 : 000FB3;
	7519 : 000F09;
	7520 : 000FAF;
	7521 : 0011A1;
	7522 : 00130D;
	7523 : 001238;
	7524 : 000EAE;
	7525 : 000A28;
	7526 : 0005FF;
	7527 : 00022B;
	7528 : FFFE4F;
	7529 : FFFA8C;
	7530 : FFF730;
	7531 : FFF47E;
	7532 : FFF216;
	7533 : FFEF27;
	7534 : FFEC9A;
	7535 : FFEADC;
	7536 : FFE8F3;
	7537 : FFE71E;
	7538 : FFE5C3;
	7539 : FFE4B0;
	7540 : FFE3AD;
	7541 : FFE2E6;
	7542 : FFE283;
	7543 : FFE242;
	7544 : FFE283;
	7545 : FFE2F6;
	7546 : FFE368;
	7547 : FFE420;
	7548 : FFE4EF;
	7549 : FFE60A;
	7550 : FFE730;
	7551 : FFE808;
	7552 : FFE871;
	7553 : FFE89B;
	7554 : FFE8E4;
	7555 : FFE975;
	7556 : FFEA48;
	7557 : FFEB19;
	7558 : FFEC30;
	7559 : FFEE54;
	7560 : FFF0F7;
	7561 : FFF3B0;
	7562 : FFF696;
	7563 : FFF9B2;
	7564 : FFFCC4;
	7565 : FFFFD4;
	7566 : 000322;
	7567 : 000672;
	7568 : 0009AB;
	7569 : 000CDB;
	7570 : 000FCF;
	7571 : 00126A;
	7572 : 0014E8;
	7573 : 00173B;
	7574 : 00197B;
	7575 : 001B71;
	7576 : 001D16;
	7577 : 001E9C;
	7578 : 001FF9;
	7579 : 0020F3;
	7580 : 0021C3;
	7581 : 002258;
	7582 : 00228B;
	7583 : 00228C;
	7584 : 002283;
	7585 : 0021D6;
	7586 : 0020D2;
	7587 : 001FD0;
	7588 : 001E7D;
	7589 : 001CE9;
	7590 : 001B73;
	7591 : 0019FD;
	7592 : 0018A8;
	7593 : 001813;
	7594 : 0018AD;
	7595 : 001A38;
	7596 : 001AEC;
	7597 : 001939;
	7598 : 00154E;
	7599 : 00106A;
	7600 : 000B8A;
	7601 : 000709;
	7602 : 0002B1;
	7603 : FFFE52;
	7604 : FFFA6A;
	7605 : FFF744;
	7606 : FFF4F3;
	7607 : FFF388;
	7608 : FFF3CD;
	7609 : FFF4CE;
	7610 : FFF46E;
	7611 : FFF214;
	7612 : FFEE25;
	7613 : FFE9E3;
	7614 : FFE646;
	7615 : FFE349;
	7616 : FFE098;
	7617 : FFDE2F;
	7618 : FFDCC7;
	7619 : FFDB9B;
	7620 : FFDA3C;
	7621 : FFD93D;
	7622 : FFD8EE;
	7623 : FFD926;
	7624 : FFD96C;
	7625 : FFD9DB;
	7626 : FFDAF1;
	7627 : FFDC79;
	7628 : FFDD8B;
	7629 : FFDE33;
	7630 : FFDF10;
	7631 : FFDFBE;
	7632 : FFE13F;
	7633 : FFE356;
	7634 : FFE5EC;
	7635 : FFE8EE;
	7636 : FFEC26;
	7637 : FFEF73;
	7638 : FFF2CC;
	7639 : FFF651;
	7640 : FFFA07;
	7641 : FFFD87;
	7642 : 00012A;
	7643 : 000497;
	7644 : 0007FD;
	7645 : 000B51;
	7646 : 000E8E;
	7647 : 0011D4;
	7648 : 0014E5;
	7649 : 00179A;
	7650 : 001A09;
	7651 : 001C5E;
	7652 : 001E6B;
	7653 : 001FED;
	7654 : 0021A2;
	7655 : 0022DB;
	7656 : 0023C2;
	7657 : 0024A9;
	7658 : 002536;
	7659 : 002510;
	7660 : 002462;
	7661 : 00232E;
	7662 : 00216A;
	7663 : 001F55;
	7664 : 001D4C;
	7665 : 001BA4;
	7666 : 001B04;
	7667 : 001AEC;
	7668 : 001C06;
	7669 : 001E43;
	7670 : 001F2C;
	7671 : 001DBF;
	7672 : 001A65;
	7673 : 001615;
	7674 : 0011C8;
	7675 : 000DD1;
	7676 : 0009D7;
	7677 : 0005BC;
	7678 : 000240;
	7679 : FFFF52;
	7680 : FFFC1C;
	7681 : FFF89B;
	7682 : FFF586;
	7683 : FFF2D8;
	7684 : FFF057;
	7685 : FFEDB8;
	7686 : FFEB4C;
	7687 : FFE95E;
	7688 : FFE79C;
	7689 : FFE5C5;
	7690 : FFE45F;
	7691 : FFE375;
	7692 : FFE272;
	7693 : FFE227;
	7694 : FFE1FC;
	7695 : FFE1CB;
	7696 : FFE1DA;
	7697 : FFE237;
	7698 : FFE2C3;
	7699 : FFE37F;
	7700 : FFE477;
	7701 : FFE56B;
	7702 : FFE614;
	7703 : FFE6CD;
	7704 : FFE76E;
	7705 : FFE7DD;
	7706 : FFE8D8;
	7707 : FFEA5F;
	7708 : FFEC5E;
	7709 : FFEECB;
	7710 : FFF131;
	7711 : FFF3C9;
	7712 : FFF693;
	7713 : FFF94D;
	7714 : FFFC3B;
	7715 : FFFFB2;
	7716 : 0003FB;
	7717 : 0009CA;
	7718 : 001076;
	7719 : 001669;
	7720 : 0019FB;
	7721 : 001B4B;
	7722 : 001B20;
	7723 : 001AC8;
	7724 : 001AC9;
	7725 : 001AA1;
	7726 : 001A23;
	7727 : 001A14;
	7728 : 001A43;
	7729 : 0019DA;
	7730 : 001905;
	7731 : 001840;
	7732 : 00175F;
	7733 : 00166D;
	7734 : 001543;
	7735 : 00141D;
	7736 : 001305;
	7737 : 0011B4;
	7738 : 00101F;
	7739 : 000EAD;
	7740 : 000DBF;
	7741 : 000DB7;
	7742 : 000F2B;
	7743 : 001142;
	7744 : 001264;
	7745 : 001178;
	7746 : 000E79;
	7747 : 000A76;
	7748 : 0006B1;
	7749 : 00035E;
	7750 : FFFFFD;
	7751 : FFFC92;
	7752 : FFF9AE;
	7753 : FFF7BA;
	7754 : FFF5B7;
	7755 : FFF31E;
	7756 : FFF08A;
	7757 : FFEEC5;
	7758 : FFED43;
	7759 : FFEB82;
	7760 : FFEA07;
	7761 : FFE91F;
	7762 : FFE852;
	7763 : FFE76D;
	7764 : FFE6F8;
	7765 : FFE6AF;
	7766 : FFE6CB;
	7767 : FFE728;
	7768 : FFE757;
	7769 : FFE77C;
	7770 : FFE79E;
	7771 : FFE79A;
	7772 : FFE77D;
	7773 : FFE799;
	7774 : FFE82F;
	7775 : FFE93B;
	7776 : FFEA86;
	7777 : FFEBAE;
	7778 : FFECA3;
	7779 : FFED98;
	7780 : FFEEED;
	7781 : FFF09E;
	7782 : FFF2FA;
	7783 : FFF588;
	7784 : FFF846;
	7785 : FFFB26;
	7786 : FFFDF5;
	7787 : 0000BF;
	7788 : 0003AF;
	7789 : 000673;
	7790 : 000914;
	7791 : 000BC4;
	7792 : 000E6C;
	7793 : 0010C2;
	7794 : 00131B;
	7795 : 001540;
	7796 : 001701;
	7797 : 00189D;
	7798 : 001A21;
	7799 : 001B6E;
	7800 : 001C8E;
	7801 : 001D73;
	7802 : 001DFF;
	7803 : 001E7C;
	7804 : 001E9C;
	7805 : 001EA4;
	7806 : 001E66;
	7807 : 001DC9;
	7808 : 001CE4;
	7809 : 001C03;
	7810 : 001AE9;
	7811 : 00195A;
	7812 : 0017C6;
	7813 : 001684;
	7814 : 001537;
	7815 : 0014BB;
	7816 : 00157B;
	7817 : 0016D8;
	7818 : 001777;
	7819 : 0015F1;
	7820 : 001242;
	7821 : 000DE8;
	7822 : 0009CF;
	7823 : 0005EF;
	7824 : 000243;
	7825 : FFFF49;
	7826 : FFFDA8;
	7827 : FFFDEA;
	7828 : FFFE90;
	7829 : FFFD78;
	7830 : FFFA5F;
	7831 : FFF62F;
	7832 : FFF19F;
	7833 : FFEDA9;
	7834 : FFEA49;
	7835 : FFE70C;
	7836 : FFE42A;
	7837 : FFE211;
	7838 : FFE042;
	7839 : FFDE5D;
	7840 : FFDCB5;
	7841 : FFDC00;
	7842 : FFDB96;
	7843 : FFDB34;
	7844 : FFDB2D;
	7845 : FFDB78;
	7846 : FFDC0D;
	7847 : FFDCAD;
	7848 : FFDD86;
	7849 : FFDEEF;
	7850 : FFE058;
	7851 : FFE163;
	7852 : FFE26F;
	7853 : FFE37A;
	7854 : FFE4FB;
	7855 : FFE72C;
	7856 : FFE988;
	7857 : FFEC25;
	7858 : FFEF32;
	7859 : FFF287;
	7860 : FFF5D6;
	7861 : FFF912;
	7862 : FFFC5E;
	7863 : FFFFC7;
	7864 : 000364;
	7865 : 0006C3;
	7866 : 0009BA;
	7867 : 000CE6;
	7868 : 000FC0;
	7869 : 00125D;
	7870 : 0014FF;
	7871 : 001761;
	7872 : 001973;
	7873 : 001B85;
	7874 : 001D75;
	7875 : 001ECE;
	7876 : 001FF7;
	7877 : 002128;
	7878 : 0021CE;
	7879 : 0021AF;
	7880 : 002132;
	7881 : 00200D;
	7882 : 001EB0;
	7883 : 001D73;
	7884 : 001C50;
	7885 : 001B40;
	7886 : 001A2E;
	7887 : 0018E3;
	7888 : 001826;
	7889 : 00188D;
	7890 : 0019D7;
	7891 : 001B94;
	7892 : 001C87;
	7893 : 001B56;
	7894 : 00183F;
	7895 : 001467;
	7896 : 00108F;
	7897 : 000CD8;
	7898 : 000915;
	7899 : 00053F;
	7900 : 0001DE;
	7901 : FFFF56;
	7902 : FFFC71;
	7903 : FFF90C;
	7904 : FFF64F;
	7905 : FFF3DF;
	7906 : FFF150;
	7907 : FFEEDA;
	7908 : FFECB4;
	7909 : FFEAE2;
	7910 : FFE93C;
	7911 : FFE79D;
	7912 : FFE640;
	7913 : FFE573;
	7914 : FFE49E;
	7915 : FFE413;
	7916 : FFE3C3;
	7917 : FFE366;
	7918 : FFE375;
	7919 : FFE3E4;
	7920 : FFE464;
	7921 : FFE4EB;
	7922 : FFE5CB;
	7923 : FFE6F1;
	7924 : FFE79F;
	7925 : FFE830;
	7926 : FFE8E4;
	7927 : FFE916;
	7928 : FFEA15;
	7929 : FFEBC3;
	7930 : FFEDAF;
	7931 : FFEFD4;
	7932 : FFF226;
	7933 : FFF4B5;
	7934 : FFF7D8;
	7935 : FFFBE8;
	7936 : 000101;
	7937 : 000713;
	7938 : 000D2F;
	7939 : 0010FE;
	7940 : 00122D;
	7941 : 001266;
	7942 : 0012C4;
	7943 : 00134C;
	7944 : 0013A9;
	7945 : 0013DD;
	7946 : 001460;
	7947 : 001523;
	7948 : 001554;
	7949 : 0014FD;
	7950 : 0014E7;
	7951 : 0014F5;
	7952 : 0014AD;
	7953 : 001412;
	7954 : 00136D;
	7955 : 0012E7;
	7956 : 001243;
	7957 : 001186;
	7958 : 0010A1;
	7959 : 000F93;
	7960 : 000E9F;
	7961 : 000DC9;
	7962 : 000D2A;
	7963 : 000D5D;
	7964 : 000EAA;
	7965 : 0010C2;
	7966 : 0011B5;
	7967 : 0010E5;
	7968 : 000E83;
	7969 : 000B30;
	7970 : 0007DC;
	7971 : 0004FA;
	7972 : 000217;
	7973 : FFFEF9;
	7974 : FFFC9E;
	7975 : FFFAB3;
	7976 : FFF882;
	7977 : FFF613;
	7978 : FFF403;
	7979 : FFF24E;
	7980 : FFF09F;
	7981 : FFEEFB;
	7982 : FFED92;
	7983 : FFEC96;
	7984 : FFEBE5;
	7985 : FFEB22;
	7986 : FFEAA1;
	7987 : FFEA6F;
	7988 : FFE9A5;
	7989 : FFE942;
	7990 : FFE8BD;
	7991 : FFE7D3;
	7992 : FFE761;
	7993 : FFE783;
	7994 : FFE822;
	7995 : FFE91B;
	7996 : FFEA49;
	7997 : FFEB8E;
	7998 : FFECC0;
	7999 : FFEDFE;
	8000 : FFEE99;
	8001 : FFEF4D;
	8002 : FFF09B;
	8003 : FFF24E;
	8004 : FFF49D;
	8005 : FFF71D;
	8006 : FFF975;
	8007 : FFFBE1;
	8008 : FFFE7A;
	8009 : 0000F1;
	8010 : 000364;
	8011 : 0005FD;
	8012 : 00086C;
	8013 : 000AEA;
	8014 : 000D4B;
	8015 : 000F2C;
	8016 : 0010FE;
	8017 : 0012E3;
	8018 : 00149F;
	8019 : 001626;
	8020 : 001775;
	8021 : 00187F;
	8022 : 001957;
	8023 : 0019F5;
	8024 : 001A82;
	8025 : 001AD1;
	8026 : 001B11;
	8027 : 001AFB;
	8028 : 001AA0;
	8029 : 001A20;
	8030 : 001955;
	8031 : 00187B;
	8032 : 001796;
	8033 : 00164B;
	8034 : 0014AC;
	8035 : 00135A;
	8036 : 00126D;
	8037 : 001213;
	8038 : 0012F9;
	8039 : 00143A;
	8040 : 00146F;
	8041 : 001301;
	8042 : 001011;
	8043 : 000C8A;
	8044 : 0009C2;
	8045 : 000834;
	8046 : 000752;
	8047 : 0006B3;
	8048 : 0005AA;
	8049 : 00030D;
	8050 : FFFED2;
	8051 : FFFA10;
	8052 : FFF5DF;
	8053 : FFF27C;
	8054 : FFEEE1;
	8055 : FFEB70;
	8056 : FFE8D4;
	8057 : FFE6A2;
	8058 : FFE444;
	8059 : FFE22F;
	8060 : FFE0A8;
	8061 : FFDF88;
	8062 : FFDE59;
	8063 : FFDDBC;
	8064 : FFDD8E;
	8065 : FFDDAE;
	8066 : FFDDF0;
	8067 : FFDE31;
	8068 : FFDEEB;
	8069 : FFE001;
	8070 : FFE121;
	8071 : FFE296;
	8072 : FFE3E8;
	8073 : FFE4C7;
	8074 : FFE5E0;
	8075 : FFE719;
	8076 : FFE892;
	8077 : FFEAC1;
	8078 : FFED70;
	8079 : FFF012;
	8080 : FFF2C1;
	8081 : FFF5B5;
	8082 : FFF8C3;
	8083 : FFFBB9;
	8084 : FFFEC2;
	8085 : 0001D0;
	8086 : 0004A0;
	8087 : 0007CD;
	8088 : 000AA9;
	8089 : 000D27;
	8090 : 000FA6;
	8091 : 001216;
	8092 : 001472;
	8093 : 0016A0;
	8094 : 001892;
	8095 : 001A56;
	8096 : 001BCD;
	8097 : 001CB0;
	8098 : 001D4D;
	8099 : 001DD3;
	8100 : 001D2A;
	8101 : 001C11;
	8102 : 001B52;
	8103 : 001AE8;
	8104 : 001A8E;
	8105 : 001A35;
	8106 : 0019B6;
	8107 : 0018EE;
	8108 : 001818;
	8109 : 001757;
	8110 : 0016F5;
	8111 : 00175B;
	8112 : 001865;
	8113 : 0019D5;
	8114 : 001A58;
	8115 : 001928;
	8116 : 001620;
	8117 : 00125B;
	8118 : 000EDE;
	8119 : 000B9E;
	8120 : 000835;
	8121 : 0004D6;
	8122 : 0001B5;
	8123 : FFFF24;
	8124 : FFFC6B;
	8125 : FFF962;
	8126 : FFF6A1;
	8127 : FFF478;
	8128 : FFF226;
	8129 : FFEFBB;
	8130 : FFEDA3;
	8131 : FFEBF6;
	8132 : FFEA8A;
	8133 : FFE92E;
	8134 : FFE7D2;
	8135 : FFE6B4;
	8136 : FFE62F;
	8137 : FFE5B9;
	8138 : FFE536;
	8139 : FFE4EE;
	8140 : FFE513;
	8141 : FFE57F;
	8142 : FFE603;
	8143 : FFE6A1;
	8144 : FFE76F;
	8145 : FFE861;
	8146 : FFE94E;
	8147 : FFE9D5;
	8148 : FFEA5C;
	8149 : FFEAB4;
	8150 : FFEB9F;
	8151 : FFED33;
	8152 : FFEF57;
	8153 : FFF212;
	8154 : FFF5A6;
	8155 : FFFA50;
	8156 : FFFFBA;
	8157 : 0004C5;
	8158 : 000821;
	8159 : 000930;
	8160 : 0009CE;
	8161 : 000A6A;
	8162 : 000B55;
	8163 : 000BF5;
	8164 : 000C93;
	8165 : 000D70;
	8166 : 000E80;
	8167 : 000F51;
	8168 : 000FC3;
	8169 : 001051;
	8170 : 001109;
	8171 : 001135;
	8172 : 001152;
	8173 : 001152;
	8174 : 001167;
	8175 : 001163;
	8176 : 001131;
	8177 : 0010D1;
	8178 : 001075;
	8179 : 00101E;
	8180 : 000F95;
	8181 : 000ECE;
	8182 : 000DF9;
	8183 : 000D1A;
	8184 : 000CC3;
	8185 : 000D7E;
	8186 : 000E9C;
	8187 : 001084;
	8188 : 001197;
	8189 : 0010BD;
	8190 : 000E6E;
	8191 : 000B80;
	8192 : 00089B;
	8193 : 0005FF;
	8194 : 00037A;
	8195 : 0000CD;
	8196 : FFFE8B;
	8197 : FFFCEC;
	8198 : FFFAE2;
	8199 : FFF882;
	8200 : FFF68C;
	8201 : FFF506;
	8202 : FFF381;
	8203 : FFF1FD;
	8204 : FFF0B3;
	8205 : FFEFA6;
	8206 : FFEEA9;
	8207 : FFED97;
	8208 : FFEC6A;
	8209 : FFEB87;
	8210 : FFEA50;
	8211 : FFE94C;
	8212 : FFE8D0;
	8213 : FFE8DC;
	8214 : FFE959;
	8215 : FFE9F9;
	8216 : FFEA8F;
	8217 : FFEB64;
	8218 : FFECAD;
	8219 : FFEDF7;
	8220 : FFEEF8;
	8221 : FFEFEF;
	8222 : FFF0BA;
	8223 : FFF18D;
	8224 : FFF29C;
	8225 : FFF410;
	8226 : FFF609;
	8227 : FFF83F;
	8228 : FFFA42;
	8229 : FFFC52;
	8230 : FFFEBA;
	8231 : 000105;
	8232 : 000322;
	8233 : 000558;
	8234 : 00078E;
	8235 : 000986;
	8236 : 000B62;
	8237 : 000D2E;
	8238 : 000EC4;
	8239 : 001065;
	8240 : 0011E8;
	8241 : 00131C;
	8242 : 001434;
	8243 : 001553;
	8244 : 001622;
	8245 : 001692;
	8246 : 00172B;
	8247 : 00178F;
	8248 : 0017C0;
	8249 : 0017C0;
	8250 : 001754;
	8251 : 0016C8;
	8252 : 00162F;
	8253 : 00155F;
	8254 : 001459;
	8255 : 001336;
	8256 : 0011EB;
	8257 : 0010B8;
	8258 : 00100C;
	8259 : 000FE4;
	8260 : 0010B6;
	8261 : 00120D;
	8262 : 001294;
	8263 : 00123A;
	8264 : 001144;
	8265 : 00104D;
	8266 : 000F92;
	8267 : 000E60;
	8268 : 000B97;
	8269 : 0006FA;
	8270 : 00023D;
	8271 : FFFE9B;
	8272 : FFFACA;
	8273 : FFF6B4;
	8274 : FFF2EC;
	8275 : FFF026;
	8276 : FFEDAC;
	8277 : FFEAED;
	8278 : FFE85D;
	8279 : FFE67E;
	8280 : FFE503;
	8281 : FFE37B;
	8282 : FFE200;
	8283 : FFE13A;
	8284 : FFE0A9;
	8285 : FFE075;
	8286 : FFE055;
	8287 : FFE065;
	8288 : FFE0C7;
	8289 : FFE172;
	8290 : FFE251;
	8291 : FFE360;
	8292 : FFE49F;
	8293 : FFE5FB;
	8294 : FFE754;
	8295 : FFE8A4;
	8296 : FFE9C1;
	8297 : FFEB10;
	8298 : FFEC8A;
	8299 : FFEE68;
	8300 : FFF0BB;
	8301 : FFF332;
	8302 : FFF5AB;
	8303 : FFF863;
	8304 : FFFB56;
	8305 : FFFE04;
	8306 : 00008C;
	8307 : 00038E;
	8308 : 00066C;
	8309 : 0008F0;
	8310 : 000B35;
	8311 : 000D83;
	8312 : 000FCC;
	8313 : 0011DB;
	8314 : 0013B6;
	8315 : 001579;
	8316 : 001709;
	8317 : 001822;
	8318 : 0018AD;
	8319 : 0018F1;
	8320 : 00189C;
	8321 : 00185E;
	8322 : 001887;
	8323 : 0018AF;
	8324 : 0018A7;
	8325 : 001894;
	8326 : 001851;
	8327 : 0017E1;
	8328 : 001765;
	8329 : 0016CD;
	8330 : 001615;
	8331 : 001565;
	8332 : 0014F7;
	8333 : 00153A;
	8334 : 001630;
	8335 : 00175F;
	8336 : 0017B4;
	8337 : 001684;
	8338 : 0013D4;
	8339 : 001088;
	8340 : 000D6F;
	8341 : 000A7D;
	8342 : 000752;
	8343 : 000422;
	8344 : 000142;
	8345 : FFFEF4;
	8346 : FFFC5A;
	8347 : FFF97D;
	8348 : FFF6FB;
	8349 : FFF510;
	8350 : FFF30A;
	8351 : FFF0CE;
	8352 : FFEED1;
	8353 : FFED2F;
	8354 : FFEBAD;
	8355 : FFEA74;
	8356 : FFE979;
	8357 : FFE8B5;
	8358 : FFE7F1;
	8359 : FFE795;
	8360 : FFE730;
	8361 : FFE6FF;
	8362 : FFE717;
	8363 : FFE773;
	8364 : FFE7FB;
	8365 : FFE8AD;
	8366 : FFE98C;
	8367 : FFEA5F;
	8368 : FFEAEB;
	8369 : FFEB57;
	8370 : FFEBF7;
	8371 : FFECDD;
	8372 : FFEE20;
	8373 : FFF0BF;
	8374 : FFF4AB;
	8375 : FFF927;
	8376 : FFFD81;
	8377 : 0000BF;
	8378 : 000236;
	8379 : 0002A4;
	8380 : 000334;
	8381 : 00042F;
	8382 : 000555;
	8383 : 000640;
	8384 : 000716;
	8385 : 00081D;
	8386 : 00091E;
	8387 : 0009CD;
	8388 : 000A86;
	8389 : 000B9A;
	8390 : 000CA1;
	8391 : 000D33;
	8392 : 000DBA;
	8393 : 000E42;
	8394 : 000ED7;
	8395 : 000F23;
	8396 : 000F3E;
	8397 : 000F2F;
	8398 : 000F48;
	8399 : 000F4F;
	8400 : 000F0A;
	8401 : 000EAD;
	8402 : 000E63;
	8403 : 000E06;
	8404 : 000D88;
	8405 : 000D01;
	8406 : 000CC0;
	8407 : 000D64;
	8408 : 000EA1;
	8409 : 00101C;
	8410 : 00110F;
	8411 : 00108F;
	8412 : 000E8C;
	8413 : 000BF4;
	8414 : 00098E;
	8415 : 000745;
	8416 : 0004D2;
	8417 : 000255;
	8418 : 000043;
	8419 : FFFEFB;
	8420 : FFFCDE;
	8421 : FFFAA8;
	8422 : FFF8FC;
	8423 : FFF7AB;
	8424 : FFF610;
	8425 : FFF451;
	8426 : FFF2C6;
	8427 : FFF152;
	8428 : FFEFC6;
	8429 : FFEE1D;
	8430 : FFEC81;
	8431 : FFEB94;
	8432 : FFEB48;
	8433 : FFEAE3;
	8434 : FFEAED;
	8435 : FFEB44;
	8436 : FFEBC5;
	8437 : FFEC63;
	8438 : FFED1A;
	8439 : FFEDE6;
	8440 : FFEEDF;
	8441 : FFF00A;
	8442 : FFF0EE;
	8443 : FFF1B8;
	8444 : FFF2BD;
	8445 : FFF34E;
	8446 : FFF412;
	8447 : FFF540;
	8448 : FFF6CE;
	8449 : FFF8A3;
	8450 : FFFAA7;
	8451 : FFFCB2;
	8452 : FFFEB4;
	8453 : 0000BB;
	8454 : 00028E;
	8455 : 00045A;
	8456 : 000643;
	8457 : 0007FB;
	8458 : 0009BD;
	8459 : 000B6A;
	8460 : 000CBF;
	8461 : 000DFF;
	8462 : 000F50;
	8463 : 00108B;
	8464 : 001199;
	8465 : 001288;
	8466 : 001342;
	8467 : 0013B9;
	8468 : 00144C;
	8469 : 00147B;
	8470 : 001450;
	8471 : 00145C;
	8472 : 001435;
	8473 : 0013C8;
	8474 : 00132F;
	8475 : 001270;
	8476 : 0011A3;
	8477 : 0010DA;
	8478 : 000FDF;
	8479 : 000ED6;
	8480 : 000E76;
	8481 : 000EB7;
	8482 : 001027;
	8483 : 00128F;
	8484 : 00151A;
	8485 : 001659;
	8486 : 00156A;
	8487 : 00125D;
	8488 : 000E23;
	8489 : 0009DB;
	8490 : 0005E6;
	8491 : 00020A;
	8492 : FFFE93;
	8493 : FFFB71;
	8494 : FFF841;
	8495 : FFF543;
	8496 : FFF27B;
	8497 : FFEFDB;
	8498 : FFED82;
	8499 : FFEB7D;
	8500 : FFE9A9;
	8501 : FFE80B;
	8502 : FFE6C9;
	8503 : FFE5A4;
	8504 : FFE4B2;
	8505 : FFE420;
	8506 : FFE3B3;
	8507 : FFE394;
	8508 : FFE3A8;
	8509 : FFE3F5;
	8510 : FFE471;
	8511 : FFE510;
	8512 : FFE5E2;
	8513 : FFE708;
	8514 : FFE880;
	8515 : FFE9EF;
	8516 : FFEB15;
	8517 : FFEC3B;
	8518 : FFED03;
	8519 : FFEE05;
	8520 : FFEFAF;
	8521 : FFF18C;
	8522 : FFF3BA;
	8523 : FFF602;
	8524 : FFF83A;
	8525 : FFFA8E;
	8526 : FFFD1A;
	8527 : FFFF90;
	8528 : 0001A6;
	8529 : 00043E;
	8530 : 0006C7;
	8531 : 0008EA;
	8532 : 000AFF;
	8533 : 000D08;
	8534 : 000EFA;
	8535 : 0010B3;
	8536 : 001206;
	8537 : 0012F3;
	8538 : 001392;
	8539 : 0013E2;
	8540 : 001414;
	8541 : 0014A9;
	8542 : 001582;
	8543 : 0015E4;
	8544 : 00163B;
	8545 : 00166F;
	8546 : 001690;
	8547 : 00169A;
	8548 : 00167E;
	8549 : 001622;
	8550 : 00158F;
	8551 : 0014EA;
	8552 : 001419;
	8553 : 001388;
	8554 : 001353;
	8555 : 001360;
	8556 : 00143E;
	8557 : 00154B;
	8558 : 00157D;
	8559 : 00142D;
	8560 : 00119B;
	8561 : 000E84;
	8562 : 000BA5;
	8563 : 000911;
	8564 : 000618;
	8565 : 000319;
	8566 : 0000DD;
	8567 : FFFEBE;
	8568 : FFFC1A;
	8569 : FFF99B;
	8570 : FFF761;
	8571 : FFF57A;
	8572 : FFF39F;
	8573 : FFF19E;
	8574 : FFEFC1;
	8575 : FFEE57;
	8576 : FFED1E;
	8577 : FFEBD5;
	8578 : FFEAF8;
	8579 : FFEA53;
	8580 : FFE99A;
	8581 : FFE91E;
	8582 : FFE905;
	8583 : FFE924;
	8584 : FFE95A;
	8585 : FFE98D;
	8586 : FFE9E4;
	8587 : FFEA90;
	8588 : FFEB6B;
	8589 : FFEC36;
	8590 : FFED06;
	8591 : FFEE19;
	8592 : FFEF79;
	8593 : FFF1C8;
	8594 : FFF521;
	8595 : FFF885;
	8596 : FFFB19;
	8597 : FFFC41;
	8598 : FFFC90;
	8599 : FFFD2F;
	8600 : FFFE48;
	8601 : FFFF1C;
	8602 : FFFFC9;
	8603 : 000104;
	8604 : 00025C;
	8605 : 00038D;
	8606 : 000473;
	8607 : 00054A;
	8608 : 000668;
	8609 : 00077A;
	8610 : 000862;
	8611 : 000969;
	8612 : 000A86;
	8613 : 000B53;
	8614 : 000BFE;
	8615 : 000CA9;
	8616 : 000D3E;
	8617 : 000DAB;
	8618 : 000E35;
	8619 : 000E60;
	8620 : 000E7C;
	8621 : 000E8A;
	8622 : 000E73;
	8623 : 000E5A;
	8624 : 000E3B;
	8625 : 000DD5;
	8626 : 000D63;
	8627 : 000D1D;
	8628 : 000CF1;
	8629 : 000D96;
	8630 : 000EFE;
	8631 : 001051;
	8632 : 0010F7;
	8633 : 001051;
	8634 : 000E69;
	8635 : 000BF7;
	8636 : 0009B5;
	8637 : 0007AF;
	8638 : 00057A;
	8639 : 000366;
	8640 : 00016C;
	8641 : FFFFDE;
	8642 : FFFE14;
	8643 : FFFC23;
	8644 : FFFA59;
	8645 : FFF8AE;
	8646 : FFF6DF;
	8647 : FFF4D9;
	8648 : FFF2DE;
	8649 : FFF122;
	8650 : FFEFA3;
	8651 : FFEEBE;
	8652 : FFEE32;
	8653 : FFEDAC;
	8654 : FFED5B;
	8655 : FFED68;
	8656 : FFEDA1;
	8657 : FFEDE2;
	8658 : FFEE2F;
	8659 : FFEE9E;
	8660 : FFEF3D;
	8661 : FFF00B;
	8662 : FFF100;
	8663 : FFF211;
	8664 : FFF303;
	8665 : FFF375;
	8666 : FFF410;
	8667 : FFF4BF;
	8668 : FFF592;
	8669 : FFF6C8;
	8670 : FFF834;
	8671 : FFF98A;
	8672 : FFFB09;
	8673 : FFFCC8;
	8674 : FFFE59;
	8675 : 000001;
	8676 : 0001CC;
	8677 : 000397;
	8678 : 000554;
	8679 : 0006C4;
	8680 : 000826;
	8681 : 0009A5;
	8682 : 000B10;
	8683 : 000C43;
	8684 : 000D5C;
	8685 : 000E72;
	8686 : 000F68;
	8687 : 001030;
	8688 : 0010CC;
	8689 : 001143;
	8690 : 00118F;
	8691 : 0011BB;
	8692 : 0011F0;
	8693 : 0011E7;
	8694 : 0011AE;
	8695 : 001167;
	8696 : 0010F3;
	8697 : 00105E;
	8698 : 000FC8;
	8699 : 000F0A;
	8700 : 000E76;
	8701 : 000E4A;
	8702 : 000F23;
	8703 : 001161;
	8704 : 001447;
	8705 : 00167D;
	8706 : 0016B7;
	8707 : 001474;
	8708 : 0010C8;
	8709 : 000D08;
	8710 : 000983;
	8711 : 0005EC;
	8712 : 000262;
	8713 : FFFF27;
	8714 : FFFC94;
	8715 : FFF9E0;
	8716 : FFF706;
	8717 : FFF465;
	8718 : FFF24D;
	8719 : FFF057;
	8720 : FFEE64;
	8721 : FFECB2;
	8722 : FFEB31;
	8723 : FFE9BD;
	8724 : FFE8BA;
	8725 : FFE7F5;
	8726 : FFE757;
	8727 : FFE6F0;
	8728 : FFE6C9;
	8729 : FFE6E2;
	8730 : FFE736;
	8731 : FFE7BD;
	8732 : FFE84C;
	8733 : FFE901;
	8734 : FFE9EC;
	8735 : FFEAE7;
	8736 : FFEC0E;
	8737 : FFED65;
	8738 : FFEE91;
	8739 : FFEFA2;
	8740 : FFF0B2;
	8741 : FFF1A5;
	8742 : FFF2C3;
	8743 : FFF46B;
	8744 : FFF654;
	8745 : FFF85F;
	8746 : FFFA7F;
	8747 : FFFC9C;
	8748 : FFFECF;
	8749 : 000113;
	8750 : 0002E4;
	8751 : 000509;
	8752 : 000742;
	8753 : 0008F2;
	8754 : 000A71;
	8755 : 000BEC;
	8756 : 000D24;
	8757 : 000DF2;
	8758 : 000E8A;
	8759 : 000F2E;
	8760 : 001001;
	8761 : 001116;
	8762 : 001223;
	8763 : 0012A6;
	8764 : 001367;
	8765 : 0013E8;
	8766 : 001440;
	8767 : 001473;
	8768 : 001481;
	8769 : 001474;
	8770 : 001468;
	8771 : 001434;
	8772 : 0013A9;
	8773 : 001312;
	8774 : 00127D;
	8775 : 0011A3;
	8776 : 001142;
	8777 : 00115C;
	8778 : 00121D;
	8779 : 0012F9;
	8780 : 001319;
	8781 : 0011E7;
	8782 : 000F98;
	8783 : 000CCF;
	8784 : 000A1C;
	8785 : 0007B0;
	8786 : 000534;
	8787 : 00026F;
	8788 : 00001F;
	8789 : FFFE0C;
	8790 : FFFBB7;
	8791 : FFF990;
	8792 : FFF7BC;
	8793 : FFF5EF;
	8794 : FFF415;
	8795 : FFF250;
	8796 : FFF0CE;
	8797 : FFEFA0;
	8798 : FFEE92;
	8799 : FFED7A;
	8800 : FFEC68;
	8801 : FFEBF5;
	8802 : FFEB88;
	8803 : FFEB32;
	8804 : FFEAFF;
	8805 : FFEAF2;
	8806 : FFEB29;
	8807 : FFEB90;
	8808 : FFEBFC;
	8809 : FFEC91;
	8810 : FFEDAA;
	8811 : FFEF40;
	8812 : FFF177;
	8813 : FFF470;
	8814 : FFF6BB;
	8815 : FFF812;
	8816 : FFF864;
	8817 : FFF849;
	8818 : FFF875;
	8819 : FFF92A;
	8820 : FFFA04;
	8821 : FFFAC5;
	8822 : FFFBD7;
	8823 : FFFD1E;
	8824 : FFFE0E;
	8825 : FFFF1F;
	8826 : 000030;
	8827 : 00016B;
	8828 : 0002C1;
	8829 : 0003D4;
	8830 : 0004D7;
	8831 : 0005FD;
	8832 : 00070D;
	8833 : 0007EE;
	8834 : 0008EA;
	8835 : 0009D5;
	8836 : 000A77;
	8837 : 000B5E;
	8838 : 000C15;
	8839 : 000C76;
	8840 : 000D17;
	8841 : 000D9F;
	8842 : 000DD3;
	8843 : 000DD0;
	8844 : 000DE1;
	8845 : 000DF3;
	8846 : 000DC2;
	8847 : 000D76;
	8848 : 000D14;
	8849 : 000CD8;
	8850 : 000CF3;
	8851 : 000D4C;
	8852 : 000E78;
	8853 : 000FDA;
	8854 : 00105A;
	8855 : 000FCD;
	8856 : 000E32;
	8857 : 000BEF;
	8858 : 0009D0;
	8859 : 000800;
	8860 : 00060B;
	8861 : 0003F2;
	8862 : 00022C;
	8863 : 0000AE;
	8864 : FFFECA;
	8865 : FFFC90;
	8866 : FFFA45;
	8867 : FFF826;
	8868 : FFF637;
	8869 : FFF47A;
	8870 : FFF32D;
	8871 : FFF25A;
	8872 : FFF184;
	8873 : FFF0BB;
	8874 : FFF049;
	8875 : FFEFD7;
	8876 : FFEF96;
	8877 : FFEF96;
	8878 : FFEF9B;
	8879 : FFEFCB;
	8880 : FFF030;
	8881 : FFF0AD;
	8882 : FFF13F;
	8883 : FFF1F9;
	8884 : FFF2C9;
	8885 : FFF393;
	8886 : FFF44F;
	8887 : FFF4C8;
	8888 : FFF523;
	8889 : FFF59D;
	8890 : FFF632;
	8891 : FFF72F;
	8892 : FFF87C;
	8893 : FFF9C6;
	8894 : FFFB22;
	8895 : FFFCC9;
	8896 : FFFE6C;
	8897 : FFFFD5;
	8898 : 000160;
	8899 : 0002EC;
	8900 : 000424;
	8901 : 000581;
	8902 : 0006BF;
	8903 : 0007D7;
	8904 : 000923;
	8905 : 000A74;
	8906 : 000B7C;
	8907 : 000C58;
	8908 : 000D34;
	8909 : 000DE5;
	8910 : 000E80;
	8911 : 000EDD;
	8912 : 000F05;
	8913 : 000F68;
	8914 : 000FB7;
	8915 : 000FAF;
	8916 : 000F82;
	8917 : 000F4E;
	8918 : 000EF9;
	8919 : 000EA0;
	8920 : 000E9E;
	8921 : 000F18;
	8922 : 00103A;
	8923 : 0011C8;
	8924 : 00129C;
	8925 : 00129A;
	8926 : 00123D;
	8927 : 0011D1;
	8928 : 001120;
	8929 : 000F64;
	8930 : 000C76;
	8931 : 000923;
	8932 : 00062D;
	8933 : 00036D;
	8934 : 000081;
	8935 : FFFD84;
	8936 : FFFAFF;
	8937 : FFF8EB;
	8938 : FFF6DF;
	8939 : FFF4BA;
	8940 : FFF2EB;
	8941 : FFF161;
	8942 : FFEFC9;
	8943 : FFEE3E;
	8944 : FFED0F;
	8945 : FFEC2D;
	8946 : FFEB62;
	8947 : FFEAC9;
	8948 : FFEA7B;
	8949 : FFEA20;
	8950 : FFEA16;
	8951 : FFEA42;
	8952 : FFEA79;
	8953 : FFEAFD;
	8954 : FFEB9C;
	8955 : FFEC45;
	8956 : FFED2B;
	8957 : FFEE42;
	8958 : FFEF73;
	8959 : FFF0BB;
	8960 : FFF188;
	8961 : FFF284;
	8962 : FFF37A;
	8963 : FFF439;
	8964 : FFF543;
	8965 : FFF6CB;
	8966 : FFF886;
	8967 : FFFA36;
	8968 : FFFC02;
	8969 : FFFDFA;
	8970 : FFFFCA;
	8971 : 0001A8;
	8972 : 0003A1;
	8973 : 00054D;
	8974 : 0006BB;
	8975 : 0007DC;
	8976 : 0008B9;
	8977 : 000972;
	8978 : 000A3E;
	8979 : 000B2E;
	8980 : 000C59;
	8981 : 000DA6;
	8982 : 000EAA;
	8983 : 000F7D;
	8984 : 001059;
	8985 : 001103;
	8986 : 00118D;
	8987 : 001237;
	8988 : 00128F;
	8989 : 0012C2;
	8990 : 0012DF;
	8991 : 0012C8;
	8992 : 00128C;
	8993 : 00123E;
	8994 : 0011CA;
	8995 : 001148;
	8996 : 0010AE;
	8997 : 000FFC;
	8998 : 000F9E;
	8999 : 000FB3;
	9000 : 001033;
	9001 : 0010E0;
	9002 : 0010E2;
	9003 : 000FB9;
	9004 : 000DA0;
	9005 : 000B29;
	9006 : 0008B0;
	9007 : 00064F;
	9008 : 00042E;
	9009 : 0001D0;
	9010 : FFFFA6;
	9011 : FFFDCB;
	9012 : FFFBC4;
	9013 : FFF9B8;
	9014 : FFF7FE;
	9015 : FFF65F;
	9016 : FFF4B1;
	9017 : FFF320;
	9018 : FFF1D3;
	9019 : FFF0BF;
	9020 : FFEFDF;
	9021 : FFEEEC;
	9022 : FFEE37;
	9023 : FFEDC0;
	9024 : FFED5D;
	9025 : FFECF7;
	9026 : FFECD9;
	9027 : FFECDA;
	9028 : FFED0E;
	9029 : FFEDBF;
	9030 : FFEEFC;
	9031 : FFF0BF;
	9032 : FFF33F;
	9033 : FFF5D0;
	9034 : FFF736;
	9035 : FFF761;
	9036 : FFF6D4;
	9037 : FFF648;
	9038 : FFF648;
	9039 : FFF695;
	9040 : FFF6F4;
	9041 : FFF79A;
	9042 : FFF8A3;
	9043 : FFF9BF;
	9044 : FFFAB3;
	9045 : FFFBA3;
	9046 : FFFCCD;
	9047 : FFFDFD;
	9048 : FFFF45;
	9049 : 000058;
	9050 : 0001A5;
	9051 : 0002F7;
	9052 : 000413;
	9053 : 000534;
	9054 : 00065E;
	9055 : 000752;
	9056 : 000839;
	9057 : 000928;
	9058 : 0009CB;
	9059 : 000A99;
	9060 : 000B98;
	9061 : 000C1E;
	9062 : 000C6E;
	9063 : 000CD3;
	9064 : 000D37;
	9065 : 000D76;
	9066 : 000D8B;
	9067 : 000D82;
	9068 : 000D6C;
	9069 : 000D59;
	9070 : 000D0A;
	9071 : 000CA8;
	9072 : 000CDE;
	9073 : 000D56;
	9074 : 000E6C;
	9075 : 000F81;
	9076 : 000FC6;
	9077 : 000EF6;
	9078 : 000D55;
	9079 : 000B54;
	9080 : 00095D;
	9081 : 0007AB;
	9082 : 0005C2;
	9083 : 000395;
	9084 : 0001C1;
	9085 : FFFFD7;
	9086 : FFFD95;
	9087 : FFFB55;
	9088 : FFF988;
	9089 : FFF81D;
	9090 : FFF6CB;
	9091 : FFF588;
	9092 : FFF484;
	9093 : FFF3CC;
	9094 : FFF340;
	9095 : FFF285;
	9096 : FFF240;
	9097 : FFF1FA;
	9098 : FFF1C5;
	9099 : FFF1B6;
	9100 : FFF1C6;
	9101 : FFF1F3;
	9102 : FFF254;
	9103 : FFF2BC;
	9104 : FFF2FE;
	9105 : FFF36E;
	9106 : FFF431;
	9107 : FFF4B7;
	9108 : FFF545;
	9109 : FFF5DE;
	9110 : FFF64F;
	9111 : FFF67F;
	9112 : FFF703;
	9113 : FFF7F2;
	9114 : FFF91B;
	9115 : FFFA59;
	9116 : FFFB8D;
	9117 : FFFCC3;
	9118 : FFFE3D;
	9119 : FFFF70;
	9120 : 0000AD;
	9121 : 000203;
	9122 : 000314;
	9123 : 000467;
	9124 : 0005A5;
	9125 : 0006C4;
	9126 : 0007F0;
	9127 : 0008F9;
	9128 : 0009B4;
	9129 : 000A69;
	9130 : 000B54;
	9131 : 000BF6;
	9132 : 000C8D;
	9133 : 000CFE;
	9134 : 000D50;
	9135 : 000DA8;
	9136 : 000DF0;
	9137 : 000DF5;
	9138 : 000DF8;
	9139 : 000E43;
	9140 : 000EE0;
	9141 : 000FE1;
	9142 : 00113C;
	9143 : 0011FE;
	9144 : 001184;
	9145 : 00101C;
	9146 : 000EAD;
	9147 : 000DF5;
	9148 : 000DC4;
	9149 : 000D73;
	9150 : 000CC9;
	9151 : 000B71;
	9152 : 00092E;
	9153 : 000657;
	9154 : 0003A2;
	9155 : 000158;
	9156 : FFFF0A;
	9157 : FFFCC8;
	9158 : FFFACB;
	9159 : FFF8F6;
	9160 : FFF73F;
	9161 : FFF57C;
	9162 : FFF3F3;
	9163 : FFF2A9;
	9164 : FFF166;
	9165 : FFF02A;
	9166 : FFEF32;
	9167 : FFEE7F;
	9168 : FFEE04;
	9169 : FFED8E;
	9170 : FFED44;
	9171 : FFECE3;
	9172 : FFECFF;
	9173 : FFED6F;
	9174 : FFEDD3;
	9175 : FFEE43;
	9176 : FFEED7;
	9177 : FFEF7A;
	9178 : FFF033;
	9179 : FFF12A;
	9180 : FFF24B;
	9181 : FFF34D;
	9182 : FFF45B;
	9183 : FFF526;
	9184 : FFF5C3;
	9185 : FFF677;
	9186 : FFF778;
	9187 : FFF8C9;
	9188 : FFFA42;
	9189 : FFFBB8;
	9190 : FFFD3B;
	9191 : FFFEF3;
	9192 : 000077;
	9193 : 00018B;
	9194 : 0002B5;
	9195 : 0003C1;
	9196 : 000490;
	9197 : 00056F;
	9198 : 000686;
	9199 : 0007C8;
	9200 : 0008EF;
	9201 : 0009F6;
	9202 : 000B1E;
	9203 : 000C66;
	9204 : 000D70;
	9205 : 000E41;
	9206 : 000F06;
	9207 : 000FC0;
	9208 : 00101D;
	9209 : 001082;
	9210 : 0010C0;
	9211 : 0010EC;
	9212 : 001113;
	9213 : 001105;
	9214 : 0010B0;
	9215 : 00104E;
	9216 : 000FEE;
	9217 : 000F58;
	9218 : 000EC3;
	9219 : 000E46;
	9220 : 000DB8;
	9221 : 000DDA;
	9222 : 000E68;
	9223 : 000ED2;
	9224 : 000EB7;
	9225 : 000DAF;
	9226 : 000BBC;
	9227 : 000970;
	9228 : 000754;
	9229 : 00054D;
	9230 : 000322;
	9231 : 000109;
	9232 : FFFF3B;
	9233 : FFFD77;
	9234 : FFFBA2;
	9235 : FFF9E2;
	9236 : FFF863;
	9237 : FFF702;
	9238 : FFF58D;
	9239 : FFF429;
	9240 : FFF315;
	9241 : FFF226;
	9242 : FFF15A;
	9243 : FFF0AF;
	9244 : FFEFEB;
	9245 : FFEF6B;
	9246 : FFEF2F;
	9247 : FFEF08;
	9248 : FFEF29;
	9249 : FFEFD9;
	9250 : FFF142;
	9251 : FFF330;
	9252 : FFF511;
	9253 : FFF64C;
	9254 : FFF6AD;
	9255 : FFF67B;
	9256 : FFF61A;
	9257 : FFF5D5;
	9258 : FFF5A7;
	9259 : FFF545;
	9260 : FFF53E;
	9261 : FFF5C0;
	9262 : FFF685;
	9263 : FFF752;
	9264 : FFF82E;
	9265 : FFF930;
	9266 : FFFA57;
	9267 : FFFB63;
	9268 : FFFC58;
	9269 : FFFD81;
	9270 : FFFED3;
	9271 : 000019;
	9272 : 000146;
	9273 : 000285;
	9274 : 0003A7;
	9275 : 0004AC;
	9276 : 0005CA;
	9277 : 0006EC;
	9278 : 0007D2;
	9279 : 0008B7;
	9280 : 00098D;
	9281 : 000A36;
	9282 : 000AF0;
	9283 : 000B9D;
	9284 : 000BF1;
	9285 : 000C47;
	9286 : 000CAA;
	9287 : 000CEB;
	9288 : 000D02;
	9289 : 000CFE;
	9290 : 000CD5;
	9291 : 000CA3;
	9292 : 000C94;
	9293 : 000C4A;
	9294 : 000C39;
	9295 : 000CB3;
	9296 : 000D84;
	9297 : 000E61;
	9298 : 000EB7;
	9299 : 000E0E;
	9300 : 000C91;
	9301 : 000AC4;
	9302 : 0008D6;
	9303 : 0006C5;
	9304 : 0004A0;
	9305 : 000237;
	9306 : 00003D;
	9307 : FFFE9D;
	9308 : FFFD0E;
	9309 : FFFB94;
	9310 : FFFA50;
	9311 : FFF92F;
	9312 : FFF817;
	9313 : FFF70C;
	9314 : FFF621;
	9315 : FFF563;
	9316 : FFF4F1;
	9317 : FFF473;
	9318 : FFF3D7;
	9319 : FFF388;
	9320 : FFF354;
	9321 : FFF33B;
	9322 : FFF363;
	9323 : FFF395;
	9324 : FFF3BC;
	9325 : FFF409;
	9326 : FFF480;
	9327 : FFF4FA;
	9328 : FFF591;
	9329 : FFF626;
	9330 : FFF675;
	9331 : FFF6BE;
	9332 : FFF70C;
	9333 : FFF748;
	9334 : FFF7BF;
	9335 : FFF886;
	9336 : FFF976;
	9337 : FFFA8E;
	9338 : FFFBCB;
	9339 : FFFCF5;
	9340 : FFFE3A;
	9341 : FFFF64;
	9342 : 00006A;
	9343 : 000182;
	9344 : 0002AB;
	9345 : 0003B1;
	9346 : 0004C4;
	9347 : 0005C9;
	9348 : 0006A6;
	9349 : 000772;
	9350 : 000838;
	9351 : 0008EE;
	9352 : 0009C8;
	9353 : 000A72;
	9354 : 000B06;
	9355 : 000B6C;
	9356 : 000BCB;
	9357 : 000C29;
	9358 : 000CCD;
	9359 : 000DC3;
	9360 : 000F05;
	9361 : 001063;
	9362 : 00114B;
	9363 : 001114;
	9364 : 000FDE;
	9365 : 000E8D;
	9366 : 000D28;
	9367 : 000BD4;
	9368 : 000AE9;
	9369 : 000A1F;
	9370 : 000A27;
	9371 : 000A63;
	9372 : 0009EE;
	9373 : 000890;
	9374 : 0006A2;
	9375 : 000484;
	9376 : 00026D;
	9377 : 000077;
	9378 : FFFE70;
	9379 : FFFC9D;
	9380 : FFFB34;
	9381 : FFF9B2;
	9382 : FFF831;
	9383 : FFF6C5;
	9384 : FFF590;
	9385 : FFF47B;
	9386 : FFF36B;
	9387 : FFF26F;
	9388 : FFF1A2;
	9389 : FFF113;
	9390 : FFF09C;
	9391 : FFF05D;
	9392 : FFF040;
	9393 : FFF02E;
	9394 : FFF035;
	9395 : FFF089;
	9396 : FFF0EB;
	9397 : FFF141;
	9398 : FFF1BD;
	9399 : FFF263;
	9400 : FFF309;
	9401 : FFF3DA;
	9402 : FFF4CA;
	9403 : FFF5A5;
	9404 : FFF66E;
	9405 : FFF736;
	9406 : FFF7D3;
	9407 : FFF86F;
	9408 : FFF941;
	9409 : FFFA41;
	9410 : FFFB68;
	9411 : FFFCA7;
	9412 : FFFDD4;
	9413 : FFFEDF;
	9414 : FFFFC5;
	9415 : 000086;
	9416 : 00013C;
	9417 : 000255;
	9418 : 000388;
	9419 : 0004E2;
	9420 : 00060C;
	9421 : 00070E;
	9422 : 00081F;
	9423 : 000947;
	9424 : 000A5E;
	9425 : 000B40;
	9426 : 000C16;
	9427 : 000CC0;
	9428 : 000D7A;
	9429 : 000E17;
	9430 : 000E6C;
	9431 : 000EAE;
	9432 : 000EF1;
	9433 : 000F04;
	9434 : 000F10;
	9435 : 000F1A;
	9436 : 000EDC;
	9437 : 000E5C;
	9438 : 000DF4;
	9439 : 000D61;
	9440 : 000CC3;
	9441 : 000C46;
	9442 : 000C06;
	9443 : 000BFB;
	9444 : 000C36;
	9445 : 000C83;
	9446 : 000C52;
	9447 : 000B55;
	9448 : 0009A0;
	9449 : 000798;
	9450 : 0005C3;
	9451 : 0003F6;
	9452 : 000220;
	9453 : 00007E;
	9454 : FFFEE3;
	9455 : FFFD42;
	9456 : FFFBAD;
	9457 : FFFA0E;
	9458 : FFF8A4;
	9459 : FFF780;
	9460 : FFF65C;
	9461 : FFF51F;
	9462 : FFF40D;
	9463 : FFF32F;
	9464 : FFF264;
	9465 : FFF1E5;
	9466 : FFF17D;
	9467 : FFF153;
	9468 : FFF1AD;
	9469 : FFF288;
	9470 : FFF3C6;
	9471 : FFF530;
	9472 : FFF62D;
	9473 : FFF643;
	9474 : FFF5DB;
	9475 : FFF5AB;
	9476 : FFF5A7;
	9477 : FFF5AD;
	9478 : FFF59D;
	9479 : FFF56D;
	9480 : FFF556;
	9481 : FFF568;
	9482 : FFF594;
	9483 : FFF5FF;
	9484 : FFF69A;
	9485 : FFF747;
	9486 : FFF824;
	9487 : FFF951;
	9488 : FFFA7C;
	9489 : FFFB74;
	9490 : FFFC8E;
	9491 : FFFDBE;
	9492 : FFFF01;
	9493 : 000055;
	9494 : 000177;
	9495 : 00028C;
	9496 : 0003AB;
	9497 : 0004B3;
	9498 : 0005A8;
	9499 : 0006BC;
	9500 : 0007C0;
	9501 : 0008B0;
	9502 : 000983;
	9503 : 000A14;
	9504 : 000A9D;
	9505 : 000B14;
	9506 : 000B76;
	9507 : 000BD1;
	9508 : 000C28;
	9509 : 000C5A;
	9510 : 000C65;
	9511 : 000C72;
	9512 : 000C61;
	9513 : 000C31;
	9514 : 000BF7;
	9515 : 000BD4;
	9516 : 000BAB;
	9517 : 000BD6;
	9518 : 000C73;
	9519 : 000D1A;
	9520 : 000D50;
	9521 : 000C9C;
	9522 : 000AF1;
	9523 : 0008CF;
	9524 : 0006AB;
	9525 : 0004B8;
	9526 : 0002DB;
	9527 : 00012F;
	9528 : FFFFD0;
	9529 : FFFEA5;
	9530 : FFFD7B;
	9531 : FFFC2C;
	9532 : FFFB11;
	9533 : FFFA1A;
	9534 : FFF913;
	9535 : FFF823;
	9536 : FFF772;
	9537 : FFF6CF;
	9538 : FFF634;
	9539 : FFF5E0;
	9540 : FFF56B;
	9541 : FFF521;
	9542 : FFF4E2;
	9543 : FFF4D3;
	9544 : FFF4CF;
	9545 : FFF4D9;
	9546 : FFF509;
	9547 : FFF55F;
	9548 : FFF5CA;
	9549 : FFF631;
	9550 : FFF69E;
	9551 : FFF721;
	9552 : FFF767;
	9553 : FFF7A6;
	9554 : FFF7EE;
	9555 : FFF807;
	9556 : FFF84D;
	9557 : FFF908;
	9558 : FFF9ED;
	9559 : FFFAC7;
	9560 : FFFBBD;
	9561 : FFFCA6;
	9562 : FFFDB1;
	9563 : FFFED1;
	9564 : FFFFFA;
	9565 : 0000F0;
	9566 : 0001D4;
	9567 : 0002C5;
	9568 : 0003CF;
	9569 : 0004CC;
	9570 : 0005A2;
	9571 : 000662;
	9572 : 000723;
	9573 : 0007D6;
	9574 : 000874;
	9575 : 00091B;
	9576 : 0009BE;
	9577 : 000A85;
	9578 : 000B9A;
	9579 : 000CF0;
	9580 : 000E52;
	9581 : 000F55;
	9582 : 000F91;
	9583 : 000EF1;
	9584 : 000DEC;
	9585 : 000D0C;
	9586 : 000C10;
	9587 : 000ADC;
	9588 : 0009B4;
	9589 : 0008DC;
	9590 : 000847;
	9591 : 0007DA;
	9592 : 0007B0;
	9593 : 0007D3;
	9594 : 0007A5;
	9595 : 00069F;
	9596 : 0004FA;
	9597 : 000339;
	9598 : 00017B;
	9599 : FFFFF6;
	9600 : FFFE6A;
	9601 : FFFCEA;
	9602 : FFFBA3;
	9603 : FFFA65;
	9604 : FFF90F;
	9605 : FFF7E4;
	9606 : FFF6F9;
	9607 : FFF62F;
	9608 : FFF568;
	9609 : FFF4A5;
	9610 : FFF3FC;
	9611 : FFF38F;
	9612 : FFF359;
	9613 : FFF317;
	9614 : FFF2DA;
	9615 : FFF2E0;
	9616 : FFF303;
	9617 : FFF333;
	9618 : FFF393;
	9619 : FFF40B;
	9620 : FFF47F;
	9621 : FFF501;
	9622 : FFF59A;
	9623 : FFF656;
	9624 : FFF726;
	9625 : FFF7D3;
	9626 : FFF859;
	9627 : FFF8F2;
	9628 : FFF98D;
	9629 : FFFA01;
	9630 : FFFA83;
	9631 : FFFB22;
	9632 : FFFBC7;
	9633 : FFFC62;
	9634 : FFFCEC;
	9635 : FFFD9A;
	9636 : FFFEAA;
	9637 : FFFFCF;
	9638 : 0000EC;
	9639 : 000214;
	9640 : 000339;
	9641 : 00044C;
	9642 : 000572;
	9643 : 00068B;
	9644 : 00078A;
	9645 : 00088A;
	9646 : 00097F;
	9647 : 000A3E;
	9648 : 000AE3;
	9649 : 000B91;
	9650 : 000C2A;
	9651 : 000C8A;
	9652 : 000CE2;
	9653 : 000D24;
	9654 : 000D6E;
	9655 : 000D7A;
	9656 : 000D45;
	9657 : 000D13;
	9658 : 000CE4;
	9659 : 000C80;
	9660 : 000C16;
	9661 : 000BA0;
	9662 : 000B0C;
	9663 : 000A8C;
	9664 : 000A47;
	9665 : 000A3D;
	9666 : 000A82;
	9667 : 000AC6;
	9668 : 000A88;
	9669 : 000990;
	9670 : 000803;
	9671 : 000638;
	9672 : 000488;
	9673 : 000307;
	9674 : 00015D;
	9675 : FFFFC5;
	9676 : FFFE7B;
	9677 : FFFD24;
	9678 : FFFBBF;
	9679 : FFFA71;
	9680 : FFF93F;
	9681 : FFF833;
	9682 : FFF73C;
	9683 : FFF63F;
	9684 : FFF562;
	9685 : FFF4B9;
	9686 : FFF433;
	9687 : FFF42F;
	9688 : FFF4B2;
	9689 : FFF564;
	9690 : FFF646;
	9691 : FFF6DC;
	9692 : FFF6B8;
	9693 : FFF636;
	9694 : FFF5E0;
	9695 : FFF5B3;
	9696 : FFF575;
	9697 : FFF54C;
	9698 : FFF578;
	9699 : FFF59F;
	9700 : FFF5D0;
	9701 : FFF5BB;
	9702 : FFF597;
	9703 : FFF5AE;
	9704 : FFF5FC;
	9705 : FFF679;
	9706 : FFF72B;
	9707 : FFF809;
	9708 : FFF904;
	9709 : FFFA1B;
	9710 : FFFB40;
	9711 : FFFC2E;
	9712 : FFFD20;
	9713 : FFFE3E;
	9714 : FFFF6E;
	9715 : 000095;
	9716 : 0001B0;
	9717 : 0002A8;
	9718 : 0003A9;
	9719 : 0004CE;
	9720 : 0005DA;
	9721 : 0006C4;
	9722 : 0007A0;
	9723 : 00084C;
	9724 : 000917;
	9725 : 0009C0;
	9726 : 000A3D;
	9727 : 000AC2;
	9728 : 000B38;
	9729 : 000B72;
	9730 : 000B91;
	9731 : 000BBB;
	9732 : 000BD7;
	9733 : 000BD1;
	9734 : 000BC5;
	9735 : 000B69;
	9736 : 000AFD;
	9737 : 000AC9;
	9738 : 000AAF;
	9739 : 000ADA;
	9740 : 000B2C;
	9741 : 000B63;
	9742 : 000B2C;
	9743 : 000A2D;
	9744 : 000874;
	9745 : 0006AB;
	9746 : 000554;
	9747 : 00041A;
	9748 : 00029A;
	9749 : 00013F;
	9750 : 000005;
	9751 : FFFEFB;
	9752 : FFFDE5;
	9753 : FFFCB5;
	9754 : FFFBB6;
	9755 : FFFAFD;
	9756 : FFFA37;
	9757 : FFF949;
	9758 : FFF8A6;
	9759 : FFF837;
	9760 : FFF793;
	9761 : FFF724;
	9762 : FFF6B1;
	9763 : FFF66D;
	9764 : FFF656;
	9765 : FFF63E;
	9766 : FFF628;
	9767 : FFF635;
	9768 : FFF660;
	9769 : FFF696;
	9770 : FFF6E7;
	9771 : FFF739;
	9772 : FFF776;
	9773 : FFF7FB;
	9774 : FFF849;
	9775 : FFF879;
	9776 : FFF8A0;
	9777 : FFF8D4;
	9778 : FFF921;
	9779 : FFF9B0;
	9780 : FFFA7C;
	9781 : FFFB42;
	9782 : FFFBF2;
	9783 : FFFCD9;
	9784 : FFFDBB;
	9785 : FFFED2;
	9786 : FFFFCB;
	9787 : 00008F;
	9788 : 00016E;
	9789 : 00025A;
	9790 : 000340;
	9791 : 000412;
	9792 : 0004C6;
	9793 : 00056B;
	9794 : 00061A;
	9795 : 0006E2;
	9796 : 0007B8;
	9797 : 0008F3;
	9798 : 000A96;
	9799 : 000C2F;
	9800 : 000D44;
	9801 : 000D89;
	9802 : 000D04;
	9803 : 000C51;
	9804 : 000BBD;
	9805 : 000B20;
	9806 : 000A75;
	9807 : 0009DD;
	9808 : 000941;
	9809 : 000865;
	9810 : 000784;
	9811 : 0006B0;
	9812 : 000625;
	9813 : 0005FA;
	9814 : 0005F8;
	9815 : 000609;
	9816 : 0005FC;
	9817 : 00055A;
	9818 : 000402;
	9819 : 000287;
	9820 : 000127;
	9821 : FFFFD9;
	9822 : FFFE82;
	9823 : FFFD47;
	9824 : FFFC37;
	9825 : FFFB52;
	9826 : FFFA54;
	9827 : FFF94F;
	9828 : FFF87F;
	9829 : FFF7D6;
	9830 : FFF731;
	9831 : FFF6A0;
	9832 : FFF62D;
	9833 : FFF5BB;
	9834 : FFF582;
	9835 : FFF569;
	9836 : FFF542;
	9837 : FFF53F;
	9838 : FFF554;
	9839 : FFF579;
	9840 : FFF5CB;
	9841 : FFF624;
	9842 : FFF674;
	9843 : FFF6F8;
	9844 : FFF793;
	9845 : FFF815;
	9846 : FFF89E;
	9847 : FFF949;
	9848 : FFF9B6;
	9849 : FFFA22;
	9850 : FFFA4D;
	9851 : FFFA47;
	9852 : FFFA68;
	9853 : FFFAC0;
	9854 : FFFB46;
	9855 : FFFC0F;
	9856 : FFFD05;
	9857 : FFFDF3;
	9858 : FFFEE2;
	9859 : FFFFFE;
	9860 : 000119;
	9861 : 000234;
	9862 : 000337;
	9863 : 00042D;
	9864 : 00052E;
	9865 : 000621;
	9866 : 0006EC;
	9867 : 0007AC;
	9868 : 000883;
	9869 : 000951;
	9870 : 0009EE;
	9871 : 000A6E;
	9872 : 000AB6;
	9873 : 000AFD;
	9874 : 000B59;
	9875 : 000B74;
	9876 : 000B7D;
	9877 : 000B83;
	9878 : 000B7B;
	9879 : 000B60;
	9880 : 000B27;
	9881 : 000ACD;
	9882 : 000A53;
	9883 : 0009EC;
	9884 : 00097A;
	9885 : 0008ED;
	9886 : 0008A5;
	9887 : 00089D;
	9888 : 0008B7;
	9889 : 0008E6;
	9890 : 0008BA;
	9891 : 0007DB;
	9892 : 00068B;
	9893 : 00052D;
	9894 : 0003B8;
	9895 : 000261;
	9896 : 0000E7;
	9897 : FFFF82;
	9898 : FFFE49;
	9899 : FFFD23;
	9900 : FFFBF3;
	9901 : FFFACC;
	9902 : FFF9BF;
	9903 : FFF8D2;
	9904 : FFF811;
	9905 : FFF787;
	9906 : FFF73D;
	9907 : FFF779;
	9908 : FFF7E9;
	9909 : FFF855;
	9910 : FFF86F;
	9911 : FFF80A;
	9912 : FFF74D;
	9913 : FFF6AB;
	9914 : FFF640;
	9915 : FFF5EB;
	9916 : FFF5B9;
	9917 : FFF5C2;
	9918 : FFF5B7;
	9919 : FFF5BE;
	9920 : FFF5D3;
	9921 : FFF5ED;
	9922 : FFF619;
	9923 : FFF637;
	9924 : FFF647;
	9925 : FFF675;
	9926 : FFF6D9;
	9927 : FFF75D;
	9928 : FFF804;
	9929 : FFF8DE;
	9930 : FFF9B9;
	9931 : FFFA9D;
	9932 : FFFBAE;
	9933 : FFFCB9;
	9934 : FFFDC4;
	9935 : FFFEDC;
	9936 : FFFFE3;
	9937 : 0000E3;
	9938 : 0001F8;
	9939 : 0002FE;
	9940 : 0003E7;
	9941 : 0004D9;
	9942 : 0005D1;
	9943 : 0006AD;
	9944 : 00077C;
	9945 : 00081C;
	9946 : 000896;
	9947 : 00091A;
	9948 : 0009A9;
	9949 : 000A10;
	9950 : 000A61;
	9951 : 000A9B;
	9952 : 000ABE;
	9953 : 000ADC;
	9954 : 000AE7;
	9955 : 000ABE;
	9956 : 000A99;
	9957 : 000A67;
	9958 : 0009EE;
	9959 : 000999;
	9960 : 00094D;
	9961 : 000926;
	9962 : 000922;
	9963 : 000918;
	9964 : 0008D5;
	9965 : 000837;
	9966 : 000730;
	9967 : 0005DA;
	9968 : 000495;
	9969 : 000377;
	9970 : 00021A;
	9971 : 000103;
	9972 : 000028;
	9973 : FFFF41;
	9974 : FFFE52;
	9975 : FFFD69;
	9976 : FFFC91;
	9977 : FFFBD0;
	9978 : FFFB15;
	9979 : FFFA49;
	9980 : FFF987;
	9981 : FFF919;
	9982 : FFF8A8;
	9983 : FFF840;
	9984 : FFF7F2;
	9985 : FFF7B0;
	9986 : FFF76D;
	9987 : FFF752;
	9988 : FFF741;
	9989 : FFF73F;
	9990 : FFF762;
	9991 : FFF783;
	9992 : FFF7BF;
	9993 : FFF810;
	9994 : FFF833;
	9995 : FFF86A;
	9996 : FFF8D6;
	9997 : FFF914;
	9998 : FFF92A;
	9999 : FFF950;
	10000 : FFF9AA;
	10001 : FFFA2E;
	10002 : FFFACE;
	10003 : FFFB7C;
	10004 : FFFC2A;
	10005 : FFFD09;
	10006 : FFFDF0;
	10007 : FFFEAB;
	10008 : FFFF82;
	10009 : 00004E;
	10010 : 00011F;
	10011 : 0001F5;
	10012 : 0002B4;
	10013 : 000367;
	10014 : 00042E;
	10015 : 00051A;
	10016 : 000645;
	10017 : 0007D9;
	10018 : 000975;
	10019 : 000AAA;
	10020 : 000B30;
	10021 : 000B17;
	10022 : 000AA4;
	10023 : 000A55;
	10024 : 000A0A;
	10025 : 000991;
	10026 : 00090F;
	10027 : 0008AD;
	10028 : 000845;
	10029 : 0007B4;
	10030 : 000700;
	10031 : 000659;
	10032 : 0005D9;
	10033 : 000567;
	10034 : 0004EA;
	10035 : 0004C9;
	10036 : 0004EC;
	10037 : 00052C;
	10038 : 00051D;
	10039 : 000465;
	10040 : 000337;
	10041 : 0001FD;
	10042 : 0000F9;
	10043 : FFFFDE;
	10044 : FFFEA7;
	10045 : FFFDCE;
	10046 : FFFD11;
	10047 : FFFC4A;
	10048 : FFFB84;
	10049 : FFFAC8;
	10050 : FFFA27;
	10051 : FFF994;
	10052 : FFF8ED;
	10053 : FFF854;
	10054 : FFF80D;
	10055 : FFF7CE;
	10056 : FFF790;
	10057 : FFF777;
	10058 : FFF768;
	10059 : FFF743;
	10060 : FFF74D;
	10061 : FFF76A;
	10062 : FFF79E;
	10063 : FFF7FC;
	10064 : FFF864;
	10065 : FFF8BB;
	10066 : FFF92E;
	10067 : FFF993;
	10068 : FFF9E5;
	10069 : FFFA54;
	10070 : FFFA7A;
	10071 : FFFA63;
	10072 : FFFA43;
	10073 : FFFA36;
	10074 : FFFA79;
	10075 : FFFB22;
	10076 : FFFC00;
	10077 : FFFCE5;
	10078 : FFFDC7;
	10079 : FFFEB8;
	10080 : FFFF78;
	10081 : 000076;
	10082 : 000141;
	10083 : 000205;
	10084 : 0002EA;
	10085 : 0003C7;
	10086 : 00049D;
	10087 : 000579;
	10088 : 000641;
	10089 : 0006DC;
	10090 : 00077B;
	10091 : 000838;
	10092 : 00089B;
	10093 : 0008FB;
	10094 : 000955;
	10095 : 00099B;
	10096 : 0009EC;
	10097 : 000A21;
	10098 : 000A25;
	10099 : 000A0E;
	10100 : 0009EE;
	10101 : 0009BF;
	10102 : 000986;
	10103 : 00093C;
	10104 : 0008C8;
	10105 : 000855;
	10106 : 0007E7;
	10107 : 000781;
	10108 : 00072F;
	10109 : 000718;
	10110 : 000726;
	10111 : 00073F;
	10112 : 000717;
	10113 : 000657;
	10114 : 00051D;
	10115 : 0003E2;
	10116 : 0002D0;
	10117 : 0001AA;
	10118 : 000054;
	10119 : FFFF1D;
	10120 : FFFE1E;
	10121 : FFFD37;
	10122 : FFFC35;
	10123 : FFFB47;
	10124 : FFFAA2;
	10125 : FFFA44;
	10126 : FFFA2D;
	10127 : FFFA75;
	10128 : FFFAAC;
	10129 : FFFA60;
	10130 : FFF9CD;
	10131 : FFF906;
	10132 : FFF83B;
	10133 : FFF7A6;
	10134 : FFF71C;
	10135 : FFF6A2;
	10136 : FFF665;
	10137 : FFF659;
	10138 : FFF652;
	10139 : FFF653;
	10140 : FFF667;
	10141 : FFF67B;
	10142 : FFF69D;
	10143 : FFF6D5;
	10144 : FFF6FE;
	10145 : FFF716;
	10146 : FFF744;
	10147 : FFF789;
	10148 : FFF7FE;
	10149 : FFF8A6;
	10150 : FFF961;
	10151 : FFFA2A;
	10152 : FFFB09;
	10153 : FFFBD9;
	10154 : FFFCAD;
	10155 : FFFDAF;
	10156 : FFFE8F;
	10157 : FFFF78;
	10158 : 000083;
	10159 : 000185;
	10160 : 00027B;
	10161 : 00035D;
	10162 : 00041E;
	10163 : 0004D4;
	10164 : 000591;
	10165 : 000645;
	10166 : 0006E4;
	10167 : 00079A;
	10168 : 00081C;
	10169 : 000891;
	10170 : 000910;
	10171 : 00095B;
	10172 : 000980;
	10173 : 0009A7;
	10174 : 0009D1;
	10175 : 0009E7;
	10176 : 0009DA;
	10177 : 0009BA;
	10178 : 00095F;
	10179 : 0008FD;
	10180 : 000842;
	10181 : 0007A2;
	10182 : 000742;
	10183 : 00073C;
	10184 : 00077E;
	10185 : 0007CA;
	10186 : 0007B9;
	10187 : 000713;
	10188 : 000612;
	10189 : 00050B;
	10190 : 000401;
	10191 : 000322;
	10192 : 00023A;
	10193 : 000128;
	10194 : 000051;
	10195 : FFFF71;
	10196 : FFFE79;
	10197 : FFFDAD;
	10198 : FFFCFE;
	10199 : FFFC42;
	10200 : FFFB8E;
	10201 : FFFAF0;
	10202 : FFFA78;
	10203 : FFFA2A;
	10204 : FFF9AE;
	10205 : FFF935;
	10206 : FFF8E0;
	10207 : FFF88F;
	10208 : FFF860;
	10209 : FFF852;
	10210 : FFF84F;
	10211 : FFF859;
	10212 : FFF880;
	10213 : FFF8A8;
	10214 : FFF8AA;
	10215 : FFF8BB;
	10216 : FFF90F;
	10217 : FFF943;
	10218 : FFF977;
	10219 : FFF99C;
	10220 : FFF9B6;
	10221 : FFF9EE;
	10222 : FFFA3F;
	10223 : FFFAA3;
	10224 : FFFB36;
	10225 : FFFBF3;
	10226 : FFFC9D;
	10227 : FFFD31;
	10228 : FFFE20;
	10229 : FFFED9;
	10230 : FFFF84;
	10231 : 00003F;
	10232 : 0000EF;
	10233 : 0001BA;
	10234 : 0002BA;
	10235 : 0003EF;
	10236 : 000556;
	10237 : 0006C0;
	10238 : 0007CA;
	10239 : 00086E;
	10240 : 0008A8;
	10241 : 000887;
	10242 : 00086F;
	10243 : 000863;
	10244 : 000826;
	10245 : 0007D5;
	10246 : 0007A6;
	10247 : 000778;
	10248 : 00072B;
	10249 : 0006D3;
	10250 : 00065C;
	10251 : 0005F7;
	10252 : 00058E;
	10253 : 00050D;
	10254 : 0004B4;
	10255 : 00044E;
	10256 : 0003FE;
	10257 : 0003FE;
	10258 : 00044A;
	10259 : 00048C;
	10260 : 000471;
	10261 : 0003E8;
	10262 : 000311;
	10263 : 000211;
	10264 : 00010F;
	10265 : 00005A;
	10266 : FFFF57;
	10267 : FFFE88;
	10268 : FFFDCF;
	10269 : FFFD1B;
	10270 : FFFC77;
	10271 : FFFBDB;
	10272 : FFFB47;
	10273 : FFFACE;
	10274 : FFFA70;
	10275 : FFFA14;
	10276 : FFF9C3;
	10277 : FFF96D;
	10278 : FFF938;
	10279 : FFF91A;
	10280 : FFF90B;
	10281 : FFF8F7;
	10282 : FFF90A;
	10283 : FFF93B;
	10284 : FFF965;
	10285 : FFF993;
	10286 : FFF9CF;
	10287 : FFF9E3;
	10288 : FFF9FD;
	10289 : FFFA33;
	10290 : FFFA45;
	10291 : FFFA4B;
	10292 : FFFA6E;
	10293 : FFFAA8;
	10294 : FFFACF;
	10295 : FFFAF5;
	10296 : FFFB41;
	10297 : FFFBCF;
	10298 : FFFC9B;
	10299 : FFFD6F;
	10300 : FFFE10;
	10301 : FFFEE7;
	10302 : FFFFC6;
	10303 : 0000A6;
	10304 : 000175;
	10305 : 000223;
	10306 : 0002DE;
	10307 : 0003A5;
	10308 : 000456;
	10309 : 0004F6;
	10310 : 00059E;
	10311 : 000638;
	10312 : 00069F;
	10313 : 000722;
	10314 : 00078C;
	10315 : 0007E5;
	10316 : 000826;
	10317 : 000854;
	10318 : 000860;
	10319 : 000878;
	10320 : 000894;
	10321 : 000887;
	10322 : 00085F;
	10323 : 00083F;
	10324 : 000808;
	10325 : 0007CA;
	10326 : 000771;
	10327 : 0006F9;
	10328 : 000680;
	10329 : 00061A;
	10330 : 0005C2;
	10331 : 0005B7;
	10332 : 0005E0;
	10333 : 0005EF;
	10334 : 0005BA;
	10335 : 000535;
	10336 : 000447;
	10337 : 000323;
	10338 : 00021E;
	10339 : 000110;
	10340 : 000024;
	10341 : FFFF2C;
	10342 : FFFE49;
	10343 : FFFD94;
	10344 : FFFD06;
	10345 : FFFCBF;
	10346 : FFFCD0;
	10347 : FFFCEB;
	10348 : FFFC90;
	10349 : FFFBBD;
	10350 : FFFAED;
	10351 : FFFA3D;
	10352 : FFF980;
	10353 : FFF8EF;
	10354 : FFF858;
	10355 : FFF7E8;
	10356 : FFF7AF;
	10357 : FFF76B;
	10358 : FFF725;
	10359 : FFF711;
	10360 : FFF71E;
	10361 : FFF729;
	10362 : FFF739;
	10363 : FFF762;
	10364 : FFF78E;
	10365 : FFF7CA;
	10366 : FFF829;
	10367 : FFF861;
	10368 : FFF894;
	10369 : FFF8C2;
	10370 : FFF917;
	10371 : FFF9B1;
	10372 : FFFA69;
	10373 : FFFB36;
	10374 : FFFBFF;
	10375 : FFFCC8;
	10376 : FFFD8D;
	10377 : FFFE76;
	10378 : FFFF4F;
	10379 : 000016;
	10380 : 0000F8;
	10381 : 0001CB;
	10382 : 00027F;
	10383 : 00033C;
	10384 : 000401;
	10385 : 0004A3;
	10386 : 000558;
	10387 : 00061C;
	10388 : 0006A2;
	10389 : 000706;
	10390 : 00076D;
	10391 : 0007F4;
	10392 : 000851;
	10393 : 00087A;
	10394 : 00088A;
	10395 : 0008A0;
	10396 : 0008B1;
	10397 : 00089A;
	10398 : 000865;
	10399 : 00081A;
	10400 : 000794;
	10401 : 000704;
	10402 : 0006A4;
	10403 : 000645;
	10404 : 000615;
	10405 : 00062B;
	10406 : 000674;
	10407 : 0006C0;
	10408 : 0006C0;
	10409 : 00063E;
	10410 : 000562;
	10411 : 00047D;
	10412 : 0003B1;
	10413 : 0002CD;
	10414 : 0001E8;
	10415 : 0000FD;
	10416 : 000048;
	10417 : FFFFA2;
	10418 : FFFEE1;
	10419 : FFFE1C;
	10420 : FFFD6A;
	10421 : FFFCC9;
	10422 : FFFC34;
	10423 : FFFBA1;
	10424 : FFFB0A;
	10425 : FFFAA8;
	10426 : FFFA4A;
	10427 : FFF9E8;
	10428 : FFF99E;
	10429 : FFF975;
	10430 : FFF95A;
	10431 : FFF93F;
	10432 : FFF92E;
	10433 : FFF929;
	10434 : FFF928;
	10435 : FFF953;
	10436 : FFF978;
	10437 : FFF989;
	10438 : FFF9D7;
	10439 : FFFA19;
	10440 : FFFA3D;
	10441 : FFFA5C;
	10442 : FFFA69;
	10443 : FFFA83;
	10444 : FFFAD4;
	10445 : FFFB49;
	10446 : FFFBBB;
	10447 : FFFC45;
	10448 : FFFCDF;
	10449 : FFFD61;
	10450 : FFFE2E;
	10451 : FFFEF1;
	10452 : FFFF9C;
	10453 : 000077;
	10454 : 000195;
	10455 : 0002CF;
	10456 : 00041E;
	10457 : 000549;
	10458 : 0005F5;
	10459 : 000629;
	10460 : 00062C;
	10461 : 000646;
	10462 : 000670;
	10463 : 00066C;
	10464 : 00063F;
	10465 : 000634;
	10466 : 00062A;
	10467 : 00060B;
	10468 : 0005E7;
	10469 : 0005C9;
	10470 : 0005A7;
	10471 : 00057B;
	10472 : 000536;
	10473 : 0004D4;
	10474 : 000473;
	10475 : 000426;
	10476 : 0003D3;
	10477 : 000392;
	10478 : 000376;
	10479 : 00037A;
	10480 : 0003B6;
	10481 : 0003FF;
	10482 : 000400;
	10483 : 00039C;
	10484 : 0002EB;
	10485 : 00020A;
	10486 : 000134;
	10487 : 000077;
	10488 : FFFFAB;
	10489 : FFFED7;
	10490 : FFFE50;
	10491 : FFFDCD;
	10492 : FFFD41;
	10493 : FFFCD3;
	10494 : FFFC7F;
	10495 : FFFC1A;
	10496 : FFFBA7;
	10497 : FFFB46;
	10498 : FFFAE0;
	10499 : FFFAAA;
	10500 : FFFA98;
	10501 : FFFA81;
	10502 : FFFA68;
	10503 : FFFA4D;
	10504 : FFFA44;
	10505 : FFFA4D;
	10506 : FFFA54;
	10507 : FFFA52;
	10508 : FFFA4A;
	10509 : FFFA40;
	10510 : FFFA2B;
	10511 : FFFA45;
	10512 : FFFA8F;
	10513 : FFFADB;
	10514 : FFFB0E;
	10515 : FFFB4B;
	10516 : FFFB7E;
	10517 : FFFBBE;
	10518 : FFFC1D;
	10519 : FFFCA0;
	10520 : FFFD4E;
	10521 : FFFE02;
	10522 : FFFE98;
	10523 : FFFF57;
	10524 : 000010;
	10525 : 00009C;
	10526 : 000144;
	10527 : 0001F1;
	10528 : 000289;
	10529 : 00032D;
	10530 : 0003D1;
	10531 : 000451;
	10532 : 0004C0;
	10533 : 000540;
	10534 : 0005BE;
	10535 : 000614;
	10536 : 000662;
	10537 : 000698;
	10538 : 0006D7;
	10539 : 00070D;
	10540 : 00070E;
	10541 : 00071B;
	10542 : 000724;
	10543 : 000704;
	10544 : 0006D2;
	10545 : 0006AB;
	10546 : 000688;
	10547 : 000649;
	10548 : 0005FB;
	10549 : 0005A8;
	10550 : 000547;
	10551 : 0004FE;
	10552 : 0004BF;
	10553 : 0004A5;
	10554 : 0004C7;
	10555 : 0004EE;
	10556 : 0004CD;
	10557 : 000454;
	10558 : 00037C;
	10559 : 000273;
	10560 : 00019E;
	10561 : 0000C1;
	10562 : FFFFF8;
	10563 : FFFF79;
	10564 : FFFF56;
	10565 : FFFF43;
	10566 : FFFF19;
	10567 : FFFEA8;
	10568 : FFFDE9;
	10569 : FFFD10;
	10570 : FFFC35;
	10571 : FFFB61;
	10572 : FFFACA;
	10573 : FFFA35;
	10574 : FFF988;
	10575 : FFF91B;
	10576 : FFF8D9;
	10577 : FFF87D;
	10578 : FFF83F;
	10579 : FFF826;
	10580 : FFF801;
	10581 : FFF7E1;
	10582 : FFF7F8;
	10583 : FFF816;
	10584 : FFF839;
	10585 : FFF87F;
	10586 : FFF8B1;
	10587 : FFF8DF;
	10588 : FFF925;
	10589 : FFF956;
	10590 : FFF991;
	10591 : FFF9E6;
	10592 : FFFA48;
	10593 : FFFAC7;
	10594 : FFFB73;
	10595 : FFFC2A;
	10596 : FFFCD5;
	10597 : FFFD8B;
	10598 : FFFE34;
	10599 : FFFEF4;
	10600 : FFFFD4;
	10601 : 00008D;
	10602 : 000143;
	10603 : 000202;
	10604 : 0002B4;
	10605 : 00035B;
	10606 : 000403;
	10607 : 000498;
	10608 : 00052B;
	10609 : 0005B6;
	10610 : 000612;
	10611 : 00066E;
	10612 : 0006D4;
	10613 : 000712;
	10614 : 000746;
	10615 : 000780;
	10616 : 000798;
	10617 : 000782;
	10618 : 00074E;
	10619 : 0006F2;
	10620 : 000686;
	10621 : 00064C;
	10622 : 000603;
	10623 : 0005B7;
	10624 : 000586;
	10625 : 000566;
	10626 : 000558;
	10627 : 000574;
	10628 : 0005AD;
	10629 : 0005DA;
	10630 : 0005CE;
	10631 : 000563;
	10632 : 000494;
	10633 : 0003CB;
	10634 : 000324;
	10635 : 00025D;
	10636 : 00018F;
	10637 : 0000D0;
	10638 : 000026;
	10639 : FFFF8B;
	10640 : FFFEEE;
	10641 : FFFE54;
	10642 : FFFDC7;
	10643 : FFFD3C;
	10644 : FFFCAF;
	10645 : FFFC1E;
	10646 : FFFBBF;
	10647 : FFFB51;
	10648 : FFFAE9;
	10649 : FFFAAE;
	10650 : FFFA72;
	10651 : FFFA45;
	10652 : FFFA15;
	10653 : FFF9EA;
	10654 : FFF9E4;
	10655 : FFF9FB;
	10656 : FFFA01;
	10657 : FFF9F2;
	10658 : FFFA1A;
	10659 : FFFA4E;
	10660 : FFFA8D;
	10661 : FFFAB4;
	10662 : FFFACC;
	10663 : FFFAE3;
	10664 : FFFB0C;
	10665 : FFFB35;
	10666 : FFFB6E;
	10667 : FFFBD1;
	10668 : FFFC43;
	10669 : FFFCB8;
	10670 : FFFD52;
	10671 : FFFDE6;
	10672 : FFFEAF;
	10673 : FFFFAB;
	10674 : 0000C9;
	10675 : 0001F5;
	10676 : 0002FC;
	10677 : 00039B;
	10678 : 0003D4;
	10679 : 0003F4;
	10680 : 000431;
	10681 : 000464;
	10682 : 000478;
	10683 : 00048F;
	10684 : 0004B5;
	10685 : 0004DF;
	10686 : 0004E3;
	10687 : 0004CB;
	10688 : 0004D6;
	10689 : 0004CF;
	10690 : 0004A8;
	10691 : 000486;
	10692 : 000477;
	10693 : 00046F;
	10694 : 00043D;
	10695 : 0003F7;
	10696 : 0003A4;
	10697 : 000377;
	10698 : 00034F;
	10699 : 000319;
	10700 : 000319;
	10701 : 000338;
	10702 : 000362;
	10703 : 000393;
	10704 : 000390;
	10705 : 00031B;
	10706 : 000288;
	10707 : 00020A;
	10708 : 00016B;
	10709 : 0000E6;
	10710 : 000047;
	10711 : FFFFA2;
	10712 : FFFF27;
	10713 : FFFEBA;
	10714 : FFFE34;
	10715 : FFFDB4;
	10716 : FFFD58;
	10717 : FFFCF5;
	10718 : FFFC8A;
	10719 : FFFC48;
	10720 : FFFC03;
	10721 : FFFBCE;
	10722 : FFFBAD;
	10723 : FFFB79;
	10724 : FFFB53;
	10725 : FFFB48;
	10726 : FFFB29;
	10727 : FFFAE7;
	10728 : FFFAAF;
	10729 : FFFAA0;
	10730 : FFFAA7;
	10731 : FFFAB9;
	10732 : FFFADC;
	10733 : FFFB12;
	10734 : FFFB69;
	10735 : FFFBB2;
	10736 : FFFBF7;
	10737 : FFFC3D;
	10738 : FFFC6C;
	10739 : FFFCA4;
	10740 : FFFCFF;
	10741 : FFFD70;
	10742 : FFFDE9;
	10743 : FFFE60;
	10744 : FFFED4;
	10745 : FFFF66;
	10746 : 00000F;
	10747 : 00009D;
	10748 : 00011E;
	10749 : 0001AE;
	10750 : 00023C;
	10751 : 0002BB;
	10752 : 000335;
	10753 : 0003A5;
	10754 : 00040B;
	10755 : 000482;
	10756 : 0004E5;
	10757 : 000525;
	10758 : 00056D;
	10759 : 0005A7;
	10760 : 0005BB;
	10761 : 0005CB;
	10762 : 0005E4;
	10763 : 0005EF;
	10764 : 0005E9;
	10765 : 0005D9;
	10766 : 0005B4;
	10767 : 00058A;
	10768 : 00057A;
	10769 : 000547;
	10770 : 0004FB;
	10771 : 0004B3;
	10772 : 000464;
	10773 : 000411;
	10774 : 0003E3;
	10775 : 0003E7;
	10776 : 000415;
	10777 : 000437;
	10778 : 000408;
	10779 : 000387;
	10780 : 0002DA;
	10781 : 00021F;
	10782 : 00019C;
	10783 : 000175;
	10784 : 00012F;
	10785 : 0000F6;
	10786 : 00009A;
	10787 : FFFFEB;
	10788 : FFFF0F;
	10789 : FFFE41;
	10790 : FFFD89;
	10791 : FFFCD1;
	10792 : FFFC1D;
	10793 : FFFB6E;
	10794 : FFFAEE;
	10795 : FFFA7E;
	10796 : FFF9F9;
	10797 : FFF997;
	10798 : FFF961;
	10799 : FFF934;
	10800 : FFF912;
	10801 : FFF8FE;
	10802 : FFF8EA;
	10803 : FFF8E2;
	10804 : FFF903;
	10805 : FFF93A;
	10806 : FFF964;
	10807 : FFF9A1;
	10808 : FFF9D6;
	10809 : FFF9FF;
	10810 : FFFA44;
	10811 : FFFA86;
	10812 : FFFAC6;
	10813 : FFFB0F;
	10814 : FFFB71;
	10815 : FFFBF7;
	10816 : FFFC8E;
	10817 : FFFD27;
	10818 : FFFDAB;
	10819 : FFFE44;
	10820 : FFFEF2;
	10821 : FFFFAA;
	10822 : 000055;
	10823 : 000101;
	10824 : 000193;
	10825 : 00021E;
	10826 : 0002B1;
	10827 : 00033F;
	10828 : 0003D2;
	10829 : 000461;
	10830 : 0004C4;
	10831 : 000520;
	10832 : 000572;
	10833 : 0005B5;
	10834 : 0005F4;
	10835 : 000625;
	10836 : 00062C;
	10837 : 000625;
	10838 : 00060D;
	10839 : 0005DD;
	10840 : 0005BA;
	10841 : 0005A7;
	10842 : 000582;
	10843 : 000564;
	10844 : 00054A;
	10845 : 00050A;
	10846 : 0004DA;
	10847 : 0004B8;
	10848 : 0004A9;
	10849 : 0004CC;
	10850 : 00050E;
	10851 : 000536;
	10852 : 000519;
	10853 : 0004A4;
	10854 : 0003FB;
	10855 : 00033A;
	10856 : 0002AA;
	10857 : 00021B;
	10858 : 000169;
	10859 : 0000D7;
	10860 : 00003B;
	10861 : FFFF9C;
	10862 : FFFF02;
	10863 : FFFE73;
	10864 : FFFDF2;
	10865 : FFFD7C;
	10866 : FFFD16;
	10867 : FFFCA1;
	10868 : FFFC55;
	10869 : FFFBF6;
	10870 : FFFB91;
	10871 : FFFB43;
	10872 : FFFB02;
	10873 : FFFADB;
	10874 : FFFAC8;
	10875 : FFFAA6;
	10876 : FFFA83;
	10877 : FFFA8E;
	10878 : FFFAAA;
	10879 : FFFAAC;
	10880 : FFFABE;
	10881 : FFFAEB;
	10882 : FFFB09;
	10883 : FFFB42;
	10884 : FFFB73;
	10885 : FFFB85;
	10886 : FFFB99;
	10887 : FFFBC6;
	10888 : FFFC09;
	10889 : FFFC5D;
	10890 : FFFCC3;
	10891 : FFFD4E;
	10892 : FFFE0F;
	10893 : FFFF10;
	10894 : 000032;
	10895 : 00011F;
	10896 : 0001A8;
	10897 : 0001E4;
	10898 : 000214;
	10899 : 000253;
	10900 : 00028D;
	10901 : 0002BB;
	10902 : 0002ED;
	10903 : 000321;
	10904 : 00035D;
	10905 : 000390;
	10906 : 00039F;
	10907 : 0003BD;
	10908 : 0003D1;
	10909 : 0003CC;
	10910 : 0003C2;
	10911 : 0003C2;
	10912 : 0003C7;
	10913 : 0003CD;
	10914 : 0003CF;
	10915 : 0003B8;
	10916 : 00039B;
	10917 : 00038D;
	10918 : 000357;
	10919 : 00031B;
	10920 : 0002FB;
	10921 : 0002D7;
	10922 : 0002D6;
	10923 : 0002EF;
	10924 : 000317;
	10925 : 000347;
	10926 : 000350;
	10927 : 000303;
	10928 : 000283;
	10929 : 000209;
	10930 : 00017A;
	10931 : 0000FF;
	10932 : 000080;
	10933 : 000002;
	10934 : FFFF97;
	10935 : FFFF34;
	10936 : FFFEC4;
	10937 : FFFE49;
	10938 : FFFDE1;
	10939 : FFFD9B;
	10940 : FFFD4F;
	10941 : FFFD10;
	10942 : FFFCDB;
	10943 : FFFC9F;
	10944 : FFFC69;
	10945 : FFFC21;
	10946 : FFFBD8;
	10947 : FFFB9C;
	10948 : FFFB64;
	10949 : FFFB33;
	10950 : FFFB23;
	10951 : FFFB3A;
	10952 : FFFB56;
	10953 : FFFB88;
	10954 : FFFBDD;
	10955 : FFFBFB;
	10956 : FFFC2A;
	10957 : FFFC5F;
	10958 : FFFC8D;
	10959 : FFFCC1;
	10960 : FFFCFD;
	10961 : FFFD3E;
	10962 : FFFD87;
	10963 : FFFDDC;
	10964 : FFFE40;
	10965 : FFFEBC;
	10966 : FFFF37;
	10967 : FFFFA8;
	10968 : 000014;
	10969 : 000093;
	10970 : 000105;
	10971 : 000173;
	10972 : 0001EA;
	10973 : 000255;
	10974 : 0002B4;
	10975 : 000316;
	10976 : 00036D;
	10977 : 0003C3;
	10978 : 000426;
	10979 : 000465;
	10980 : 00048F;
	10981 : 0004A4;
	10982 : 0004B7;
	10983 : 0004D8;
	10984 : 0004F4;
	10985 : 0004FB;
	10986 : 0004EE;
	10987 : 0004DC;
	10988 : 0004D3;
	10989 : 0004B8;
	10990 : 000491;
	10991 : 000463;
	10992 : 00041B;
	10993 : 0003DA;
	10994 : 0003A3;
	10995 : 000365;
	10996 : 000338;
	10997 : 000346;
	10998 : 00037B;
	10999 : 000397;
	11000 : 000371;
	11001 : 00031E;
	11002 : 0002D3;
	11003 : 0002C1;
	11004 : 000290;
	11005 : 000230;
	11006 : 000191;
	11007 : 0000CC;
	11008 : 000014;
	11009 : FFFF5C;
	11010 : FFFE91;
	11011 : FFFDDB;
	11012 : FFFD51;
	11013 : FFFCBF;
	11014 : FFFC3C;
	11015 : FFFBCA;
	11016 : FFFB5C;
	11017 : FFFB08;
	11018 : FFFABC;
	11019 : FFFA5E;
	11020 : FFFA1B;
	11021 : FFF9FE;
	11022 : FFF9F5;
	11023 : FFF9F3;
	11024 : FFF9FB;
	11025 : FFFA0A;
	11026 : FFFA18;
	11027 : FFFA45;
	11028 : FFFA6E;
	11029 : FFFAB3;
	11030 : FFFAFE;
	11031 : FFFB2C;
	11032 : FFFB68;
	11033 : FFFBAD;
	11034 : FFFBD9;
	11035 : FFFC06;
	11036 : FFFC62;
	11037 : FFFCDB;
	11038 : FFFD57;
	11039 : FFFDD5;
	11040 : FFFE4D;
	11041 : FFFEE3;
	11042 : FFFF7D;
	11043 : 000002;
	11044 : 000082;
	11045 : 00010B;
	11046 : 000196;
	11047 : 000225;
	11048 : 0002AB;
	11049 : 00030C;
	11050 : 00035F;
	11051 : 0003D9;
	11052 : 000433;
	11053 : 000474;
	11054 : 0004CE;
	11055 : 000500;
	11056 : 000505;
	11057 : 0004FE;
	11058 : 0004EF;
	11059 : 0004DD;
	11060 : 0004D9;
	11061 : 0004DE;
	11062 : 0004D9;
	11063 : 0004D1;
	11064 : 0004D9;
	11065 : 0004B6;
	11066 : 0004A7;
	11067 : 000488;
	11068 : 000458;
	11069 : 00043C;
	11070 : 000442;
	11071 : 00044F;
	11072 : 00046A;
	11073 : 00048C;
	11074 : 000478;
	11075 : 000422;
	11076 : 000391;
	11077 : 0002E2;
	11078 : 000258;
	11079 : 0001D3;
	11080 : 000134;
	11081 : 0000A1;
	11082 : 000022;
	11083 : FFFFA8;
	11084 : FFFF2D;
	11085 : FFFEB4;
	11086 : FFFE39;
	11087 : FFFDCD;
	11088 : FFFD6A;
	11089 : FFFCF8;
	11090 : FFFC91;
	11091 : FFFC52;
	11092 : FFFC13;
	11093 : FFFBD2;
	11094 : FFFB9C;
	11095 : FFFB73;
	11096 : FFFB63;
	11097 : FFFB5D;
	11098 : FFFB4B;
	11099 : FFFB42;
	11100 : FFFB4E;
	11101 : FFFB56;
	11102 : FFFB75;
	11103 : FFFBAD;
	11104 : FFFBCF;
	11105 : FFFBDB;
	11106 : FFFBF4;
	11107 : FFFC10;
	11108 : FFFC28;
	11109 : FFFC4B;
	11110 : FFFC9A;
	11111 : FFFD34;
	11112 : FFFE09;
	11113 : FFFECB;
	11114 : FFFF78;
	11115 : 000007;
	11116 : 000048;
	11117 : 00006D;
	11118 : 0000AB;
	11119 : 0000F4;
	11120 : 000131;
	11121 : 00016B;
	11122 : 0001AA;
	11123 : 0001DC;
	11124 : 00020B;
	11125 : 00024B;
	11126 : 000276;
	11127 : 00029E;
	11128 : 0002C8;
	11129 : 0002E4;
	11130 : 000301;
	11131 : 000315;
	11132 : 000320;
	11133 : 00032F;
	11134 : 000332;
	11135 : 000322;
	11136 : 000328;
	11137 : 000322;
	11138 : 000321;
	11139 : 000313;
	11140 : 000303;
	11141 : 0002DE;
	11142 : 0002BC;
	11143 : 0002A4;
	11144 : 000299;
	11145 : 0002B7;
	11146 : 0002F0;
	11147 : 000319;
	11148 : 000320;
	11149 : 0002E4;
	11150 : 00026E;
	11151 : 0001F8;
	11152 : 0001A2;
	11153 : 00012A;
	11154 : 0000A6;
	11155 : 00003C;
	11156 : FFFFDC;
	11157 : FFFF78;
	11158 : FFFF18;
	11159 : FFFEC0;
	11160 : FFFE75;
	11161 : FFFE3A;
	11162 : FFFDE9;
	11163 : FFFD9B;
	11164 : FFFD5E;
	11165 : FFFD07;
	11166 : FFFCA5;
	11167 : FFFC4D;
	11168 : FFFC0A;
	11169 : FFFBEF;
	11170 : FFFBF5;
	11171 : FFFBF9;
	11172 : FFFBF0;
	11173 : FFFBFB;
	11174 : FFFC18;
	11175 : FFFC49;
	11176 : FFFC7E;
	11177 : FFFCAC;
	11178 : FFFCD1;
	11179 : FFFD02;
	11180 : FFFD2B;
	11181 : FFFD4D;
	11182 : FFFD74;
	11183 : FFFDA8;
	11184 : FFFDE7;
	11185 : FFFE30;
	11186 : FFFE94;
	11187 : FFFEF1;
	11188 : FFFF4B;
	11189 : FFFFB2;
	11190 : 000018;
	11191 : 00007F;
	11192 : 0000E4;
	11193 : 000135;
	11194 : 000199;
	11195 : 0001FD;
	11196 : 00023D;
	11197 : 00027E;
	11198 : 0002D0;
	11199 : 00030B;
	11200 : 00035F;
	11201 : 000384;
	11202 : 00039F;
	11203 : 0003B6;
	11204 : 0003DA;
	11205 : 0003FF;
	11206 : 000420;
	11207 : 000429;
	11208 : 000412;
	11209 : 0003FF;
	11210 : 000402;
	11211 : 0003E0;
	11212 : 0003AD;
	11213 : 00038C;
	11214 : 000351;
	11215 : 000314;
	11216 : 0002DE;
	11217 : 0002BA;
	11218 : 0002AA;
	11219 : 0002BA;
	11220 : 0002F7;
	11221 : 00035C;
	11222 : 0003BA;
	11223 : 0003BF;
	11224 : 00034E;
	11225 : 0002C9;
	11226 : 00021B;
	11227 : 000175;
	11228 : 0000CB;
	11229 : 000017;
	11230 : FFFF73;
	11231 : FFFEE5;
	11232 : FFFE55;
	11233 : FFFDC1;
	11234 : FFFD44;
	11235 : FFFCD7;
	11236 : FFFC74;
	11237 : FFFC22;
	11238 : FFFBBA;
	11239 : FFFB61;
	11240 : FFFB2D;
	11241 : FFFB11;
	11242 : FFFAF6;
	11243 : FFFAE4;
	11244 : FFFADF;
	11245 : FFFAE4;
	11246 : FFFAF8;
	11247 : FFFB05;
	11248 : FFFB08;
	11249 : FFFB38;
	11250 : FFFB6E;
	11251 : FFFB92;
	11252 : FFFBDC;
	11253 : FFFC25;
	11254 : FFFC4E;
	11255 : FFFC77;
	11256 : FFFCA4;
	11257 : FFFCD7;
	11258 : FFFD2F;
	11259 : FFFD9C;
	11260 : FFFDFE;
	11261 : FFFE63;
	11262 : FFFEDA;
	11263 : FFFF4B;
	11264 : FFFFC6;
	11265 : 000040;
	11266 : 0000B8;
	11267 : 00012A;
	11268 : 000199;
	11269 : 000208;
	11270 : 000275;
	11271 : 0002D2;
	11272 : 000314;
	11273 : 00035C;
	11274 : 0003A9;
	11275 : 0003BF;
	11276 : 0003CA;
	11277 : 0003DD;
	11278 : 0003E3;
	11279 : 0003E6;
	11280 : 000404;
	11281 : 000426;
	11282 : 00043A;
	11283 : 00044E;
	11284 : 000456;
	11285 : 000445;
	11286 : 000444;
	11287 : 00042E;
	11288 : 000404;
	11289 : 0003DB;
	11290 : 0003B9;
	11291 : 0003A2;
	11292 : 0003A4;
	11293 : 0003BB;
	11294 : 0003D5;
	11295 : 0003DF;
	11296 : 0003BB;
	11297 : 00035F;
	11298 : 0002E3;
	11299 : 00025F;
	11300 : 0001EF;
	11301 : 000178;
	11302 : 0000F3;
	11303 : 000082;
	11304 : 00001B;
	11305 : FFFFA1;
	11306 : FFFF24;
	11307 : FFFEC0;
	11308 : FFFE5B;
	11309 : FFFDEF;
	11310 : FFFD91;
	11311 : FFFD45;
	11312 : FFFCED;
	11313 : FFFCB2;
	11314 : FFFC7E;
	11315 : FFFC44;
	11316 : FFFC14;
	11317 : FFFC05;
	11318 : FFFC04;
	11319 : FFFBFB;
	11320 : FFFBF3;
	11321 : FFFBED;
	11322 : FFFC00;
	11323 : FFFC1F;
	11324 : FFFC16;
	11325 : FFFC24;
	11326 : FFFC4A;
	11327 : FFFC71;
	11328 : FFFC98;
	11329 : FFFCCE;
	11330 : FFFD11;
	11331 : FFFD71;
	11332 : FFFE00;
	11333 : FFFE94;
	11334 : FFFF07;
	11335 : FFFF49;
	11336 : FFFF6D;
	11337 : FFFF9A;
	11338 : FFFFD8;
	11339 : 000006;
	11340 : 000035;
	11341 : 000071;
	11342 : 0000AF;
	11343 : 0000EB;
	11344 : 000129;
	11345 : 00015D;
	11346 : 000187;
	11347 : 0001B2;
	11348 : 0001EB;
	11349 : 000218;
	11350 : 000249;
	11351 : 000268;
	11352 : 000284;
	11353 : 000299;
	11354 : 0002A8;
	11355 : 0002B7;
	11356 : 0002CA;
	11357 : 0002DD;
	11358 : 0002DD;
	11359 : 0002DD;
	11360 : 0002E7;
	11361 : 0002CE;
	11362 : 0002C3;
	11363 : 0002AE;
	11364 : 000293;
	11365 : 00028A;
	11366 : 000293;
	11367 : 0002AC;
	11368 : 0002CD;
	11369 : 0002E6;
	11370 : 0002DA;
	11371 : 0002A8;
	11372 : 000254;
	11373 : 0001EE;
	11374 : 00019C;
	11375 : 000139;
	11376 : 0000BC;
	11377 : 000067;
	11378 : 000024;
	11379 : FFFFD2;
	11380 : FFFF7C;
	11381 : FFFF2D;
	11382 : FFFEDA;
	11383 : FFFE8A;
	11384 : FFFE36;
	11385 : FFFDCA;
	11386 : FFFD54;
	11387 : FFFD12;
	11388 : FFFCDB;
	11389 : FFFCBF;
	11390 : FFFCAC;
	11391 : FFFC93;
	11392 : FFFC88;
	11393 : FFFC96;
	11394 : FFFCAA;
	11395 : FFFCC2;
	11396 : FFFCDC;
	11397 : FFFCE8;
	11398 : FFFCFA;
	11399 : FFFD32;
	11400 : FFFD66;
	11401 : FFFD96;
	11402 : FFFDBA;
	11403 : FFFDD3;
	11404 : FFFDE4;
	11405 : FFFE03;
	11406 : FFFE42;
	11407 : FFFE82;
	11408 : FFFEC6;
	11409 : FFFF18;
	11410 : FFFF6B;
	11411 : FFFFD9;
	11412 : 00002C;
	11413 : 00006A;
	11414 : 0000AF;
	11415 : 0000FF;
	11416 : 00014A;
	11417 : 000194;
	11418 : 0001E0;
	11419 : 000217;
	11420 : 00024F;
	11421 : 000289;
	11422 : 0002B8;
	11423 : 0002EC;
	11424 : 00030E;
	11425 : 00031C;
	11426 : 000335;
	11427 : 000341;
	11428 : 00033D;
	11429 : 000345;
	11430 : 000354;
	11431 : 000348;
	11432 : 00032D;
	11433 : 00031C;
	11434 : 0002F0;
	11435 : 0002D5;
	11436 : 0002D7;
	11437 : 0002B3;
	11438 : 000296;
	11439 : 00028D;
	11440 : 0002AE;
	11441 : 0002FD;
	11442 : 000356;
	11443 : 000387;
	11444 : 00036F;
	11445 : 00031A;
	11446 : 000274;
	11447 : 0001D7;
	11448 : 000149;
	11449 : 0000AC;
	11450 : 00001C;
	11451 : FFFF9C;
	11452 : FFFF21;
	11453 : FFFEB0;
	11454 : FFFE44;
	11455 : FFFDD2;
	11456 : FFFD6D;
	11457 : FFFD26;
	11458 : FFFCE0;
	11459 : FFFC8C;
	11460 : FFFC4F;
	11461 : FFFC1D;
	11462 : FFFBF5;
	11463 : FFFBDA;
	11464 : FFFBBF;
	11465 : FFFBAD;
	11466 : FFFBA7;
	11467 : FFFBA3;
	11468 : FFFBAB;
	11469 : FFFBD2;
	11470 : FFFBFE;
	11471 : FFFC16;
	11472 : FFFC4C;
	11473 : FFFC80;
	11474 : FFFCAD;
	11475 : FFFCDD;
	11476 : FFFD13;
	11477 : FFFD42;
	11478 : FFFD64;
	11479 : FFFD89;
	11480 : FFFDC7;
	11481 : FFFE24;
	11482 : FFFE85;
	11483 : FFFEDD;
	11484 : FFFF41;
	11485 : FFFFB0;
	11486 : 00000F;
	11487 : 000076;
	11488 : 0000C9;
	11489 : 000119;
	11490 : 00017E;
	11491 : 0001E1;
	11492 : 000226;
	11493 : 000259;
	11494 : 000284;
	11495 : 000290;
	11496 : 0002B4;
	11497 : 0002EB;
	11498 : 000307;
	11499 : 00032F;
	11500 : 000347;
	11501 : 000364;
	11502 : 00038A;
	11503 : 0003A4;
	11504 : 0003AF;
	11505 : 0003B9;
	11506 : 0003C8;
	11507 : 0003B4;
	11508 : 00039D;
	11509 : 000391;
	11510 : 00036F;
	11511 : 00035C;
	11512 : 000347;
	11513 : 00031F;
	11514 : 00030A;
	11515 : 00031C;
	11516 : 000337;
	11517 : 000342;
	11518 : 00032F;
	11519 : 0002E0;
	11520 : 000276;
	11521 : 00020A;
	11522 : 000190;
	11523 : 000119;
	11524 : 0000B1;
	11525 : 000058;
	11526 : FFFFFC;
	11527 : FFFF91;
	11528 : FFFF1E;
	11529 : FFFEB6;
	11530 : FFFE6E;
	11531 : FFFE32;
	11532 : FFFDF7;
	11533 : FFFDAE;
	11534 : FFFD63;
	11535 : FFFD24;
	11536 : FFFCF8;
	11537 : FFFCC4;
	11538 : FFFC9F;
	11539 : FFFC94;
	11540 : FFFC87;
	11541 : FFFC6C;
	11542 : FFFC64;
	11543 : FFFC6C;
	11544 : FFFC70;
	11545 : FFFC87;
	11546 : FFFCA7;
	11547 : FFFCB6;
	11548 : FFFCEB;
	11549 : FFFD37;
	11550 : FFFD90;
	11551 : FFFDF9;
	11552 : FFFE4D;
	11553 : FFFE6F;
	11554 : FFFE84;
	11555 : FFFEA4;
	11556 : FFFEBD;
	11557 : FFFEEE;
	11558 : FFFF12;
	11559 : FFFF32;
	11560 : FFFF76;
	11561 : FFFFBA;
	11562 : FFFFED;
	11563 : 00001F;
	11564 : 000058;
	11565 : 00008B;
	11566 : 0000BF;
	11567 : 000101;
	11568 : 00012D;
	11569 : 00015F;
	11570 : 000193;
	11571 : 0001AE;
	11572 : 0001E4;
	11573 : 000212;
	11574 : 00022F;
	11575 : 000253;
	11576 : 00026E;
	11577 : 000277;
	11578 : 000286;
	11579 : 00029D;
	11580 : 00029F;
	11581 : 000297;
	11582 : 000295;
	11583 : 000285;
	11584 : 000273;
	11585 : 000270;
	11586 : 000262;
	11587 : 00025B;
	11588 : 000261;
	11589 : 00026D;
	11590 : 000280;
	11591 : 00029F;
	11592 : 0002A5;
	11593 : 000275;
	11594 : 000233;
	11595 : 0001D7;
	11596 : 000187;
	11597 : 000133;
	11598 : 0000CD;
	11599 : 00007D;
	11600 : 00003E;
	11601 : FFFFE9;
	11602 : FFFF7E;
	11603 : FFFF1F;
	11604 : FFFEC3;
	11605 : FFFE5D;
	11606 : FFFE05;
	11607 : FFFDD8;
	11608 : FFFDA5;
	11609 : FFFD7F;
	11610 : FFFD54;
	11611 : FFFD41;
	11612 : FFFD44;
	11613 : FFFD45;
	11614 : FFFD40;
	11615 : FFFD41;
	11616 : FFFD48;
	11617 : FFFD5B;
	11618 : FFFD6C;
	11619 : FFFD8C;
	11620 : FFFDA2;
	11621 : FFFDCB;
	11622 : FFFDED;
	11623 : FFFDFF;
	11624 : FFFE12;
	11625 : FFFE27;
	11626 : FFFE37;
	11627 : FFFE4F;
	11628 : FFFE7B;
	11629 : FFFEB1;
	11630 : FFFEE8;
	11631 : FFFF36;
	11632 : FFFF7C;
	11633 : FFFFC2;
	11634 : 000006;
	11635 : 000049;
	11636 : 000087;
	11637 : 0000C1;
	11638 : 0000F4;
	11639 : 000129;
	11640 : 00016B;
	11641 : 00019C;
	11642 : 0001B8;
	11643 : 00020D;
	11644 : 000237;
	11645 : 00024E;
	11646 : 000277;
	11647 : 00028F;
	11648 : 0002A9;
	11649 : 0002C0;
	11650 : 0002C3;
	11651 : 0002BC;
	11652 : 0002C1;
	11653 : 0002C1;
	11654 : 0002AE;
	11655 : 0002A7;
	11656 : 000295;
	11657 : 00027A;
	11658 : 000282;
	11659 : 000298;
	11660 : 0002BA;
	11661 : 0002DB;
	11662 : 0002E6;
	11663 : 0002DC;
	11664 : 0002D0;
	11665 : 0002BF;
	11666 : 000295;
	11667 : 00023C;
	11668 : 0001A7;
	11669 : 000124;
	11670 : 0000BF;
	11671 : 000057;
	11672 : FFFFEF;
	11673 : FFFF8A;
	11674 : FFFF23;
	11675 : FFFEBD;
	11676 : FFFE63;
	11677 : FFFE15;
	11678 : FFFDC5;
	11679 : FFFD77;
	11680 : FFFD40;
	11681 : FFFD0F;
	11682 : FFFCE0;
	11683 : FFFCBA;
	11684 : FFFC98;
	11685 : FFFC8A;
	11686 : FFFC88;
	11687 : FFFC88;
	11688 : FFFC8D;
	11689 : FFFC92;
	11690 : FFFC92;
	11691 : FFFC9B;
	11692 : FFFCC5;
	11693 : FFFCDD;
	11694 : FFFD14;
	11695 : FFFD47;
	11696 : FFFD69;
	11697 : FFFD98;
	11698 : FFFDCD;
	11699 : FFFDF3;
	11700 : FFFE0E;
	11701 : FFFE32;
	11702 : FFFE5F;
	11703 : FFFE8D;
	11704 : FFFEE7;
	11705 : FFFF30;
	11706 : FFFF8A;
	11707 : FFFFE0;
	11708 : 000022;
	11709 : 000069;
	11710 : 0000BB;
	11711 : 000102;
	11712 : 000141;
	11713 : 00017C;
	11714 : 00019E;
	11715 : 0001AB;
	11716 : 0001CF;
	11717 : 0001FB;
	11718 : 00022C;
	11719 : 00025E;
	11720 : 00028F;
	11721 : 0002B1;
	11722 : 0002D7;
	11723 : 0002F3;
	11724 : 000304;
	11725 : 000316;
	11726 : 000325;
	11727 : 000332;
	11728 : 00033E;
	11729 : 000330;
	11730 : 00030F;
	11731 : 000305;
	11732 : 0002F4;
	11733 : 0002D0;
	11734 : 0002BA;
	11735 : 0002B5;
	11736 : 0002B7;
	11737 : 0002B6;
	11738 : 0002B0;
	11739 : 0002AB;
	11740 : 00029D;
	11741 : 000270;
	11742 : 0001FD;
	11743 : 0001A7;
	11744 : 00013F;
	11745 : 0000DA;
	11746 : 000080;
	11747 : 000026;
	11748 : FFFFCD;
	11749 : FFFF7D;
	11750 : FFFF33;
	11751 : FFFEE1;
	11752 : FFFE97;
	11753 : FFFE54;
	11754 : FFFE01;
	11755 : FFFDD8;
	11756 : FFFDA2;
	11757 : FFFD6A;
	11758 : FFFD45;
	11759 : FFFD2A;
	11760 : FFFD0A;
	11761 : FFFCF3;
	11762 : FFFCF1;
	11763 : FFFCF3;
	11764 : FFFCEC;
	11765 : FFFCF7;
	11766 : FFFCF8;
	11767 : FFFD10;
	11768 : FFFD5A;
	11769 : FFFDB5;
	11770 : FFFE07;
	11771 : FFFE4B;
	11772 : FFFE6D;
	11773 : FFFE68;
	11774 : FFFE54;
	11775 : FFFE4D;
	11776 : FFFE59;
	11777 : FFFE80;
	11778 : FFFE9F;
	11779 : FFFEBD;
	11780 : FFFEF1;
	11781 : FFFF28;
	11782 : FFFF50;
	11783 : FFFF84;
	11784 : FFFFBB;
	11785 : FFFFF9;
	11786 : 000033;
	11787 : 000060;
	11788 : 00008E;
	11789 : 0000CB;
	11790 : 00010F;
	11791 : 000134;
	11792 : 000161;
	11793 : 000185;
	11794 : 00019F;
	11795 : 0001CD;
	11796 : 0001F8;
	11797 : 000213;
	11798 : 000226;
	11799 : 000239;
	11800 : 000245;
	11801 : 000253;
	11802 : 000262;
	11803 : 000264;
	11804 : 00025C;
	11805 : 000260;
	11806 : 00024A;
	11807 : 000238;
	11808 : 00022F;
	11809 : 000228;
	11810 : 000230;
	11811 : 000245;
	11812 : 00025A;
	11813 : 000272;
	11814 : 000269;
	11815 : 000226;
	11816 : 0001E0;
	11817 : 0001A5;
	11818 : 00015B;
	11819 : 00010B;
	11820 : 0000BA;
	11821 : 00006A;
	11822 : 00001E;
	11823 : FFFFC2;
	11824 : FFFF4F;
	11825 : FFFEEF;
	11826 : FFFEB5;
	11827 : FFFE93;
	11828 : FFFE67;
	11829 : FFFE42;
	11830 : FFFE11;
	11831 : FFFDE9;
	11832 : FFFDE0;
	11833 : FFFDCA;
	11834 : FFFDB1;
	11835 : FFFDB1;
	11836 : FFFDB8;
	11837 : FFFDB4;
	11838 : FFFDB9;
	11839 : FFFDBF;
	11840 : FFFDD0;
	11841 : FFFDF1;
	11842 : FFFE08;
	11843 : FFFE21;
	11844 : FFFE4B;
	11845 : FFFE62;
	11846 : FFFE6D;
	11847 : FFFE80;
	11848 : FFFE94;
	11849 : FFFEA2;
	11850 : FFFEC2;
	11851 : FFFEF1;
	11852 : FFFF1F;
	11853 : FFFF50;
	11854 : FFFF80;
	11855 : FFFFB0;
	11856 : FFFFF8;
	11857 : 000030;
	11858 : 000056;
	11859 : 000083;
	11860 : 0000B9;
	11861 : 0000E7;
	11862 : 000112;
	11863 : 000144;
	11864 : 00016F;
	11865 : 00019F;
	11866 : 0001C8;
	11867 : 0001E0;
	11868 : 0001FF;
	11869 : 000214;
	11870 : 00021F;
	11871 : 000230;
	11872 : 000242;
	11873 : 000249;
	11874 : 00024B;
	11875 : 000250;
	11876 : 000246;
	11877 : 00024F;
	11878 : 000276;
	11879 : 000291;
	11880 : 0002A5;
	11881 : 0002AD;
	11882 : 000285;
	11883 : 000253;
	11884 : 000230;
	11885 : 000211;
	11886 : 0001F9;
	11887 : 0001F0;
	11888 : 0001D3;
	11889 : 00018C;
	11890 : 000122;
	11891 : 0000C3;
	11892 : 00006F;
	11893 : 000021;
	11894 : FFFFC6;
	11895 : FFFF6F;
	11896 : FFFF29;
	11897 : FFFEDF;
	11898 : FFFE92;
	11899 : FFFE5F;
	11900 : FFFE26;
	11901 : FFFDDF;
	11902 : FFFDB9;
	11903 : FFFD8F;
	11904 : FFFD6A;
	11905 : FFFD4B;
	11906 : FFFD36;
	11907 : FFFD27;
	11908 : FFFD27;
	11909 : FFFD2E;
	11910 : FFFD32;
	11911 : FFFD3E;
	11912 : FFFD4B;
	11913 : FFFD4F;
	11914 : FFFD7F;
	11915 : FFFDA3;
	11916 : FFFDB8;
	11917 : FFFDDF;
	11918 : FFFE00;
	11919 : FFFE27;
	11920 : FFFE51;
	11921 : FFFE6D;
	11922 : FFFE7E;
	11923 : FFFE9E;
	11924 : FFFECF;
	11925 : FFFF00;
	11926 : FFFF40;
	11927 : FFFF8D;
	11928 : FFFFC0;
	11929 : FFFFFB;
	11930 : 00002B;
	11931 : 000053;
	11932 : 00007D;
	11933 : 0000A4;
	11934 : 0000C6;
	11935 : 0000F3;
	11936 : 000125;
	11937 : 000149;
	11938 : 000181;
	11939 : 0001BE;
	11940 : 0001E4;
	11941 : 000204;
	11942 : 00022F;
	11943 : 000251;
	11944 : 00026D;
	11945 : 00028E;
	11946 : 0002AD;
	11947 : 0002C1;
	11948 : 0002CA;
	11949 : 0002C1;
	11950 : 0002BF;
	11951 : 0002B8;
	11952 : 0002A5;
	11953 : 00029E;
	11954 : 00029B;
	11955 : 000279;
	11956 : 000259;
	11957 : 00024B;
	11958 : 00023C;
	11959 : 00022E;
	11960 : 000233;
	11961 : 000238;
	11962 : 000220;
	11963 : 0001EF;
	11964 : 000193;
	11965 : 000147;
	11966 : 000101;
	11967 : 0000AB;
	11968 : 000057;
	11969 : 000013;
	11970 : FFFFD1;
	11971 : FFFF84;
	11972 : FFFF3C;
	11973 : FFFEF9;
	11974 : FFFEB6;
	11975 : FFFE7D;
	11976 : FFFE4F;
	11977 : FFFE15;
	11978 : FFFDF1;
	11979 : FFFDCA;
	11980 : FFFDA8;
	11981 : FFFD91;
	11982 : FFFD79;
	11983 : FFFD66;
	11984 : FFFD65;
	11985 : FFFD6B;
	11986 : FFFD7A;
	11987 : FFFD91;
	11988 : FFFDC8;
	11989 : FFFE03;
	11990 : FFFE46;
	11991 : FFFE6E;
	11992 : FFFE79;
	11993 : FFFE84;
	11994 : FFFE82;
	11995 : FFFE68;
	11996 : FFFE53;
	11997 : FFFE5D;
	11998 : FFFE6E;
	11999 : FFFE7A;
	12000 : FFFEA2;
	12001 : FFFED0;
	12002 : FFFF02;
	12003 : FFFF2C;
	12004 : FFFF55;
	12005 : FFFF82;
	12006 : FFFFB0;
	12007 : FFFFDA;
	12008 : 00000A;
	12009 : 00004A;
	12010 : 00007A;
	12011 : 0000A1;
	12012 : 0000E0;
	12013 : 000105;
	12014 : 00011D;
	12015 : 000152;
	12016 : 00017C;
	12017 : 00019C;
	12018 : 0001BB;
	12019 : 0001D5;
	12020 : 0001EA;
	12021 : 0001FD;
	12022 : 000204;
	12023 : 000210;
	12024 : 000224;
	12025 : 00022A;
	12026 : 000219;
	12027 : 00020E;
	12028 : 00020D;
	12029 : 000202;
	12030 : 0001F3;
	12031 : 0001E0;
	12032 : 0001D7;
	12033 : 0001EC;
	12034 : 000212;
	12035 : 000226;
	12036 : 00021D;
	12037 : 0001F0;
	12038 : 0001A6;
	12039 : 00016F;
	12040 : 00012D;
	12041 : 0000D2;
	12042 : 000076;
	12043 : 000022;
	12044 : FFFFD7;
	12045 : FFFF95;
	12046 : FFFF56;
	12047 : FFFF19;
	12048 : FFFEF3;
	12049 : FFFED8;
	12050 : FFFEBB;
	12051 : FFFE9B;
	12052 : FFFE78;
	12053 : FFFE50;
	12054 : FFFE40;
	12055 : FFFE39;
	12056 : FFFE2A;
	12057 : FFFE1D;
	12058 : FFFE19;
	12059 : FFFE19;
	12060 : FFFE2B;
	12061 : FFFE39;
	12062 : FFFE36;
	12063 : FFFE3E;
	12064 : FFFE5E;
	12065 : FFFE7A;
	12066 : FFFE93;
	12067 : FFFEA9;
	12068 : FFFEB5;
	12069 : FFFEBB;
	12070 : FFFEC7;
	12071 : FFFED7;
	12072 : FFFEEE;
	12073 : FFFF17;
	12074 : FFFF3B;
	12075 : FFFF60;
	12076 : FFFF85;
	12077 : FFFFAF;
	12078 : FFFFE5;
	12079 : 00001A;
	12080 : 000045;
	12081 : 00006A;
	12082 : 000092;
	12083 : 0000B2;
	12084 : 0000CF;
	12085 : 00010C;
	12086 : 00013D;
	12087 : 000150;
	12088 : 00015F;
	12089 : 00017B;
	12090 : 00019B;
	12091 : 0001B1;
	12092 : 0001BD;
	12093 : 0001C8;
	12094 : 0001DC;
	12095 : 0001F8;
	12096 : 000209;
	12097 : 00021D;
	12098 : 000248;
	12099 : 000265;
	12100 : 000277;
	12101 : 000262;
	12102 : 00023B;
	12103 : 000214;
	12104 : 0001E7;
	12105 : 0001B6;
	12106 : 000193;
	12107 : 000186;
	12108 : 000182;
	12109 : 000177;
	12110 : 000153;
	12111 : 00010E;
	12112 : 0000C3;
	12113 : 000081;
	12114 : 00002F;
	12115 : FFFFF3;
	12116 : FFFFB4;
	12117 : FFFF6F;
	12118 : FFFF37;
	12119 : FFFF04;
	12120 : FFFEC8;
	12121 : FFFE96;
	12122 : FFFE71;
	12123 : FFFE40;
	12124 : FFFE27;
	12125 : FFFE11;
	12126 : FFFDFA;
	12127 : FFFDE5;
	12128 : FFFDCB;
	12129 : FFFDBE;
	12130 : FFFDC4;
	12131 : FFFDD2;
	12132 : FFFDD9;
	12133 : FFFDD4;
	12134 : FFFDDE;
	12135 : FFFDE2;
	12136 : FFFDF4;
	12137 : FFFE11;
	12138 : FFFE33;
	12139 : FFFE56;
	12140 : FFFE7C;
	12141 : FFFE9A;
	12142 : FFFEB3;
	12143 : FFFED2;
	12144 : FFFEE9;
	12145 : FFFEF1;
	12146 : FFFF0E;
	12147 : FFFF35;
	12148 : FFFF6A;
	12149 : FFFF9D;
	12150 : FFFFC6;
	12151 : FFFFE9;
	12152 : 000002;
	12153 : 00001D;
	12154 : 00004C;
	12155 : 000082;
	12156 : 0000A9;
	12157 : 0000CE;
	12158 : 000105;
	12159 : 00013B;
	12160 : 00015D;
	12161 : 000186;
	12162 : 0001B0;
	12163 : 0001CF;
	12164 : 0001EF;
	12165 : 000209;
	12166 : 000220;
	12167 : 000235;
	12168 : 000242;
	12169 : 00024B;
	12170 : 00025D;
	12171 : 00025E;
	12172 : 00023F;
	12173 : 00023B;
	12174 : 000234;
	12175 : 000223;
	12176 : 000207;
	12177 : 0001E6;
	12178 : 0001D6;
	12179 : 0001CD;
	12180 : 0001C7;
	12181 : 0001CE;
	12182 : 0001D1;
	12183 : 0001B0;
	12184 : 000171;
	12185 : 000143;
	12186 : 0000FD;
	12187 : 0000B6;
	12188 : 000075;
	12189 : 000023;
	12190 : FFFFDE;
	12191 : FFFFAB;
	12192 : FFFF75;
	12193 : FFFF3C;
	12194 : FFFF0E;
	12195 : FFFEE0;
	12196 : FFFEAF;
	12197 : FFFE84;
	12198 : FFFE57;
	12199 : FFFE28;
	12200 : FFFE12;
	12201 : FFFDF9;
	12202 : FFFDEB;
	12203 : FFFDE8;
	12204 : FFFDE9;
	12205 : FFFDF3;
	12206 : FFFE13;
	12207 : FFFE3A;
	12208 : FFFE55;
	12209 : FFFE78;
	12210 : FFFE70;
	12211 : FFFE69;
	12212 : FFFE7A;
	12213 : FFFE83;
	12214 : FFFE81;
	12215 : FFFE81;
	12216 : FFFE81;
	12217 : FFFE7A;
	12218 : FFFE76;
	12219 : FFFE82;
	12220 : FFFEA4;
	12221 : FFFECC;
	12222 : FFFEEF;
	12223 : FFFF04;
	12224 : FFFF28;
	12225 : FFFF55;
	12226 : FFFF85;
	12227 : FFFFBD;
	12228 : FFFFF2;
	12229 : 00001C;
	12230 : 000040;
	12231 : 00005E;
	12232 : 00008C;
	12233 : 0000CE;
	12234 : 000107;
	12235 : 00011F;
	12236 : 00013E;
	12237 : 00015F;
	12238 : 00017A;
	12239 : 00018E;
	12240 : 0001A2;
	12241 : 0001B4;
	12242 : 0001C2;
	12243 : 0001D1;
	12244 : 0001DB;
	12245 : 0001D7;
	12246 : 0001E3;
	12247 : 0001E3;
	12248 : 0001DE;
	12249 : 0001D0;
	12250 : 0001BC;
	12251 : 0001BA;
	12252 : 0001BE;
	12253 : 0001BB;
	12254 : 0001BA;
	12255 : 0001CA;
	12256 : 0001DA;
	12257 : 0001D1;
	12258 : 0001A8;
	12259 : 00015E;
	12260 : 000106;
	12261 : 0000B9;
	12262 : 000077;
	12263 : 00003E;
	12264 : 00000F;
	12265 : FFFFDE;
	12266 : FFFFA8;
	12267 : FFFF7A;
	12268 : FFFF54;
	12269 : FFFF2A;
	12270 : FFFF0E;
	12271 : FFFEF1;
	12272 : FFFED4;
	12273 : FFFEC3;
	12274 : FFFEAC;
	12275 : FFFE9A;
	12276 : FFFE8B;
	12277 : FFFE77;
	12278 : FFFE6C;
	12279 : FFFE76;
	12280 : FFFE87;
	12281 : FFFE88;
	12282 : FFFE89;
	12283 : FFFE8C;
	12284 : FFFE96;
	12285 : FFFEAC;
	12286 : FFFEC0;
	12287 : FFFECD;
	12288 : FFFEDC;
	12289 : FFFEE8;
	12290 : FFFEE7;
	12291 : FFFEE2;
	12292 : FFFEED;
	12293 : FFFF03;
	12294 : FFFF21;
	12295 : FFFF41;
	12296 : FFFF59;
	12297 : FFFF87;
	12298 : FFFFAD;
	12299 : FFFFD1;
	12300 : FFFFFB;
	12301 : 000020;
	12302 : 000040;
	12303 : 000067;
	12304 : 000091;
	12305 : 0000AD;
	12306 : 0000C9;
	12307 : 0000F3;
	12308 : 00010A;
	12309 : 00011D;
	12310 : 000140;
	12311 : 000157;
	12312 : 00016E;
	12313 : 000186;
	12314 : 00019A;
	12315 : 0001B9;
	12316 : 0001E9;
	12317 : 000210;
	12318 : 00021B;
	12319 : 000218;
	12320 : 000202;
	12321 : 0001E2;
	12322 : 0001CC;
	12323 : 0001AB;
	12324 : 000181;
	12325 : 000161;
	12326 : 000141;
	12327 : 000125;
	12328 : 000118;
	12329 : 000112;
	12330 : 000109;
	12331 : 0000F7;
	12332 : 0000CB;
	12333 : 000088;
	12334 : 000054;
	12335 : 000024;
	12336 : FFFFEC;
	12337 : FFFFB2;
	12338 : FFFF7F;
	12339 : FFFF55;
	12340 : FFFF33;
	12341 : FFFF0D;
	12342 : FFFEDD;
	12343 : FFFEBB;
	12344 : FFFEA8;
	12345 : FFFE91;
	12346 : FFFE79;
	12347 : FFFE63;
	12348 : FFFE4A;
	12349 : FFFE44;
	12350 : FFFE4B;
	12351 : FFFE4C;
	12352 : FFFE4A;
	12353 : FFFE4D;
	12354 : FFFE4E;
	12355 : FFFE57;
	12356 : FFFE67;
	12357 : FFFE80;
	12358 : FFFE99;
	12359 : FFFEB5;
	12360 : FFFEC6;
	12361 : FFFEDA;
	12362 : FFFEEF;
	12363 : FFFF01;
	12364 : FFFF15;
	12365 : FFFF28;
	12366 : FFFF33;
	12367 : FFFF46;
	12368 : FFFF65;
	12369 : FFFF7B;
	12370 : FFFF8A;
	12371 : FFFFA1;
	12372 : FFFFBC;
	12373 : FFFFE9;
	12374 : 000010;
	12375 : 000033;
	12376 : 000064;
	12377 : 00009C;
	12378 : 0000C7;
	12379 : 0000E7;
	12380 : 000110;
	12381 : 000142;
	12382 : 000161;
	12383 : 000188;
	12384 : 000199;
	12385 : 0001AA;
	12386 : 0001C9;
	12387 : 0001DC;
	12388 : 0001E3;
	12389 : 0001EF;
	12390 : 0001FB;
	12391 : 0001FB;
	12392 : 000201;
	12393 : 0001FE;
	12394 : 0001F1;
	12395 : 0001EB;
	12396 : 0001DB;
	12397 : 0001C3;
	12398 : 0001AF;
	12399 : 000195;
	12400 : 00017F;
	12401 : 000176;
	12402 : 000174;
	12403 : 00016E;
	12404 : 00016E;
	12405 : 00015E;
	12406 : 00012F;
	12407 : 0000F8;
	12408 : 0000B2;
	12409 : 00007F;
	12410 : 00004E;
	12411 : 000017;
	12412 : FFFFDE;
	12413 : FFFFAE;
	12414 : FFFF82;
	12415 : FFFF51;
	12416 : FFFF28;
	12417 : FFFF03;
	12418 : FFFECF;
	12419 : FFFEB0;
	12420 : FFFE9B;
	12421 : FFFE82;
	12422 : FFFE75;
	12423 : FFFE71;
	12424 : FFFE6C;
	12425 : FFFE76;
	12426 : FFFE8E;
	12427 : FFFE9F;
	12428 : FFFEA1;
	12429 : FFFE9B;
	12430 : FFFE8F;
	12431 : FFFE90;
	12432 : FFFE98;
	12433 : FFFE90;
	12434 : FFFE94;
	12435 : FFFE98;
	12436 : FFFE93;
	12437 : FFFE92;
	12438 : FFFE9B;
	12439 : FFFE9D;
	12440 : FFFEA0;
	12441 : FFFEBC;
	12442 : FFFED3;
	12443 : FFFEE8;
	12444 : FFFF14;
	12445 : FFFF3F;
	12446 : FFFF62;
	12447 : FFFF83;
	12448 : FFFFA0;
	12449 : FFFFC7;
	12450 : FFFFF7;
	12451 : 00001F;
	12452 : 000043;
	12453 : 00006F;
	12454 : 000093;
	12455 : 0000B2;
	12456 : 0000DD;
	12457 : 0000F7;
	12458 : 00010F;
	12459 : 00012C;
	12460 : 000141;
	12461 : 000156;
	12462 : 000170;
	12463 : 000185;
	12464 : 00018D;
	12465 : 000199;
	12466 : 0001A6;
	12467 : 0001A0;
	12468 : 0001A0;
	12469 : 0001A6;
	12470 : 00019D;
	12471 : 00019C;
	12472 : 000191;
	12473 : 000180;
	12474 : 000179;
	12475 : 000179;
	12476 : 000177;
	12477 : 000178;
	12478 : 000172;
	12479 : 000153;
	12480 : 000117;
	12481 : 0000E3;
	12482 : 0000AB;
	12483 : 000085;
	12484 : 000061;
	12485 : 00002C;
	12486 : FFFFFD;
	12487 : FFFFE0;
	12488 : FFFFC1;
	12489 : FFFF93;
	12490 : FFFF6C;
	12491 : FFFF52;
	12492 : FFFF38;
	12493 : FFFF2B;
	12494 : FFFF0D;
	12495 : FFFEF8;
	12496 : FFFEF1;
	12497 : FFFEDC;
	12498 : FFFECF;
	12499 : FFFECE;
	12500 : FFFEC9;
	12501 : FFFEBF;
	12502 : FFFEC2;
	12503 : FFFEC8;
	12504 : FFFED2;
	12505 : FFFED5;
	12506 : FFFED5;
	12507 : FFFED4;
	12508 : FFFEE1;
	12509 : FFFEEF;
	12510 : FFFEFA;
	12511 : FFFF05;
	12512 : FFFF0D;
	12513 : FFFF0E;
	12514 : FFFF10;
	12515 : FFFF21;
	12516 : FFFF3D;
	12517 : FFFF60;
	12518 : FFFF79;
	12519 : FFFF96;
	12520 : FFFFB8;
	12521 : FFFFD2;
	12522 : FFFFF0;
	12523 : 000013;
	12524 : 000036;
	12525 : 000055;
	12526 : 000070;
	12527 : 000086;
	12528 : 000096;
	12529 : 0000B9;
	12530 : 0000DE;
	12531 : 0000EF;
	12532 : 000106;
	12533 : 000125;
	12534 : 00014D;
	12535 : 00017D;
	12536 : 0001A1;
	12537 : 0001B1;
	12538 : 0001B6;
	12539 : 0001B4;
	12540 : 0001A5;
	12541 : 000197;
	12542 : 00018E;
	12543 : 000166;
	12544 : 000148;
	12545 : 000135;
	12546 : 000119;
	12547 : 0000FB;
	12548 : 0000E3;
	12549 : 0000D3;
	12550 : 0000D0;
	12551 : 0000D5;
	12552 : 0000CD;
	12553 : 0000BF;
	12554 : 0000A2;
	12555 : 000065;
	12556 : 00003D;
	12557 : 000021;
	12558 : FFFFFC;
	12559 : FFFFD0;
	12560 : FFFFA7;
	12561 : FFFF7E;
	12562 : FFFF5A;
	12563 : FFFF44;
	12564 : FFFF25;
	12565 : FFFF06;
	12566 : FFFEFD;
	12567 : FFFEE5;
	12568 : FFFEC9;
	12569 : FFFEB7;
	12570 : FFFEAB;
	12571 : FFFEA5;
	12572 : FFFEA0;
	12573 : FFFE9A;
	12574 : FFFE99;
	12575 : FFFEA3;
	12576 : FFFEB2;
	12577 : FFFEC6;
	12578 : FFFED7;
	12579 : FFFEDF;
	12580 : FFFEE6;
	12581 : FFFEF7;
	12582 : FFFF0E;
	12583 : FFFF23;
	12584 : FFFF3B;
	12585 : FFFF47;
	12586 : FFFF43;
	12587 : FFFF3D;
	12588 : FFFF3E;
	12589 : FFFF41;
	12590 : FFFF52;
	12591 : FFFF61;
	12592 : FFFF81;
	12593 : FFFFAD;
	12594 : FFFFD2;
	12595 : FFFFEE;
	12596 : 000009;
	12597 : 00002C;
	12598 : 000057;
	12599 : 000085;
	12600 : 0000A9;
	12601 : 0000BE;
	12602 : 0000DA;
	12603 : 0000F9;
	12604 : 000118;
	12605 : 000136;
	12606 : 00014F;
	12607 : 00015F;
	12608 : 000176;
	12609 : 00018E;
	12610 : 000199;
	12611 : 000197;
	12612 : 00019B;
	12613 : 00019F;
	12614 : 000198;
	12615 : 00018C;
	12616 : 000182;
	12617 : 00017C;
	12618 : 000172;
	12619 : 000154;
	12620 : 000142;
	12621 : 000138;
	12622 : 00012C;
	12623 : 000121;
	12624 : 00011C;
	12625 : 000119;
	12626 : 000115;
	12627 : 000105;
	12628 : 0000E1;
	12629 : 0000AD;
	12630 : 000088;
	12631 : 00005D;
	12632 : 00002F;
	12633 : 000007;
	12634 : FFFFDD;
	12635 : FFFFAD;
	12636 : FFFF84;
	12637 : FFFF5E;
	12638 : FFFF3A;
	12639 : FFFF22;
	12640 : FFFF13;
	12641 : FFFEF2;
	12642 : FFFED7;
	12643 : FFFED6;
	12644 : FFFEDC;
	12645 : FFFEED;
	12646 : FFFEF3;
	12647 : FFFEEC;
	12648 : FFFEE3;
	12649 : FFFEDA;
	12650 : FFFECF;
	12651 : FFFEC3;
	12652 : FFFEB0;
	12653 : FFFEA5;
	12654 : FFFEB1;
	12655 : FFFEBF;
	12656 : FFFEBD;
	12657 : FFFEC5;
	12658 : FFFECC;
	12659 : FFFEC7;
	12660 : FFFEC2;
	12661 : FFFEC7;
	12662 : FFFECA;
	12663 : FFFEE0;
	12664 : FFFF03;
	12665 : FFFF1D;
	12666 : FFFF3E;
	12667 : FFFF55;
	12668 : FFFF6D;
	12669 : FFFF94;
	12670 : FFFFC0;
	12671 : FFFFE7;
	12672 : 00000C;
	12673 : 000030;
	12674 : 00004A;
	12675 : 00006C;
	12676 : 000098;
	12677 : 0000B1;
	12678 : 0000C7;
	12679 : 0000EB;
	12680 : 000100;
	12681 : 000113;
	12682 : 000128;
	12683 : 000134;
	12684 : 000140;
	12685 : 000154;
	12686 : 000162;
	12687 : 000164;
	12688 : 000167;
	12689 : 00016C;
	12690 : 00016C;
	12691 : 00016E;
	12692 : 000164;
	12693 : 00015D;
	12694 : 000158;
	12695 : 00014A;
	12696 : 00013C;
	12697 : 000131;
	12698 : 000122;
	12699 : 000115;
	12700 : 00010D;
	12701 : 000104;
	12702 : 0000D8;
	12703 : 0000BE;
	12704 : 00009E;
	12705 : 000079;
	12706 : 000053;
	12707 : 00002A;
	12708 : 000006;
	12709 : FFFFED;
	12710 : FFFFD0;
	12711 : FFFFA8;
	12712 : FFFF8C;
	12713 : FFFF84;
	12714 : FFFF69;
	12715 : FFFF57;
	12716 : FFFF43;
	12717 : FFFF2D;
	12718 : FFFF23;
	12719 : FFFF1B;
	12720 : FFFF0C;
	12721 : FFFEFE;
	12722 : FFFEF6;
	12723 : FFFEF3;
	12724 : FFFEF5;
	12725 : FFFEF9;
	12726 : FFFEF5;
	12727 : FFFEFC;
	12728 : FFFF08;
	12729 : FFFF10;
	12730 : FFFF15;
	12731 : FFFF1B;
	12732 : FFFF22;
	12733 : FFFF28;
	12734 : FFFF29;
	12735 : FFFF29;
	12736 : FFFF2D;
	12737 : FFFF43;
	12738 : FFFF53;
	12739 : FFFF71;
	12740 : FFFF8E;
	12741 : FFFFA3;
	12742 : FFFFBB;
	12743 : FFFFDB;
	12744 : FFFFF0;
	12745 : 000008;
	12746 : 00002B;
	12747 : 000046;
	12748 : 00005A;
	12749 : 000074;
	12750 : 00008F;
	12751 : 0000AB;
	12752 : 0000C1;
	12753 : 0000E5;
	12754 : 000115;
	12755 : 00013F;
	12756 : 000154;
	12757 : 000159;
	12758 : 000155;
	12759 : 00014C;
	12760 : 000140;
	12761 : 00013A;
	12762 : 000138;
	12763 : 00012E;
	12764 : 000125;
	12765 : 000112;
	12766 : 0000FA;
	12767 : 0000E9;
	12768 : 0000D4;
	12769 : 0000BC;
	12770 : 0000AB;
	12771 : 0000A1;
	12772 : 00009F;
	12773 : 0000A7;
	12774 : 0000A3;
	12775 : 00008A;
	12776 : 00006C;
	12777 : 00004B;
	12778 : 00002A;
	12779 : 000011;
	12780 : FFFFF6;
	12781 : FFFFD2;
	12782 : FFFFB0;
	12783 : FFFF97;
	12784 : FFFF82;
	12785 : FFFF6F;
	12786 : FFFF5D;
	12787 : FFFF49;
	12788 : FFFF36;
	12789 : FFFF26;
	12790 : FFFF13;
	12791 : FFFF0D;
	12792 : FFFF04;
	12793 : FFFEF9;
	12794 : FFFEF3;
	12795 : FFFEF2;
	12796 : FFFEF5;
	12797 : FFFEFC;
	12798 : FFFF03;
	12799 : FFFF04;
	12800 : FFFF0A;
	12801 : FFFF20;
	12802 : FFFF24;
	12803 : FFFF37;
	12804 : FFFF40;
	12805 : FFFF40;
	12806 : FFFF46;
	12807 : FFFF4A;
	12808 : FFFF40;
	12809 : FFFF35;
	12810 : FFFF42;
	12811 : FFFF54;
	12812 : FFFF69;
	12813 : FFFF86;
	12814 : FFFFA2;
	12815 : FFFFBE;
	12816 : FFFFDE;
	12817 : FFFFFA;
	12818 : 000016;
	12819 : 00003A;
	12820 : 00005D;
	12821 : 00007A;
	12822 : 000097;
	12823 : 0000B1;
	12824 : 0000C8;
	12825 : 0000DD;
	12826 : 0000FA;
	12827 : 00010A;
	12828 : 00011E;
	12829 : 00012D;
	12830 : 000135;
	12831 : 000141;
	12832 : 00014B;
	12833 : 000150;
	12834 : 000159;
	12835 : 000156;
	12836 : 000146;
	12837 : 000148;
	12838 : 000144;
	12839 : 00013B;
	12840 : 00012B;
	12841 : 000118;
	12842 : 000103;
	12843 : 0000F6;
	12844 : 0000EC;
	12845 : 0000E1;
	12846 : 0000DD;
	12847 : 0000DB;
	12848 : 0000DA;
	12849 : 0000D0;
	12850 : 0000B0;
	12851 : 00008A;
	12852 : 000061;
	12853 : 00003A;
	12854 : 000013;
	12855 : FFFFF1;
	12856 : FFFFCF;
	12857 : FFFFAD;
	12858 : FFFF91;
	12859 : FFFF78;
	12860 : FFFF58;
	12861 : FFFF43;
	12862 : FFFF43;
	12863 : FFFF3B;
	12864 : FFFF3C;
	12865 : FFFF3D;
	12866 : FFFF36;
	12867 : FFFF29;
	12868 : FFFF19;
	12869 : FFFF06;
	12870 : FFFEF5;
	12871 : FFFEEF;
	12872 : FFFEE8;
	12873 : FFFEDD;
	12874 : FFFEDF;
	12875 : FFFEDF;
	12876 : FFFED4;
	12877 : FFFEDD;
	12878 : FFFEE9;
	12879 : FFFEF1;
	12880 : FFFEF8;
	12881 : FFFEFC;
	12882 : FFFF00;
	12883 : FFFF08;
	12884 : FFFF0B;
	12885 : FFFF18;
	12886 : FFFF37;
	12887 : FFFF4B;
	12888 : FFFF5D;
	12889 : FFFF7A;
	12890 : FFFF9E;
	12891 : FFFFBD;
	12892 : FFFFDC;
	12893 : FFFFFA;
	12894 : 000016;
	12895 : 000038;
	12896 : 00005A;
	12897 : 000070;
	12898 : 00008E;
	12899 : 0000A6;
	12900 : 0000B5;
	12901 : 0000CD;
	12902 : 0000DE;
	12903 : 0000E8;
	12904 : 0000F5;
	12905 : 000105;
	12906 : 000116;
	12907 : 000123;
	12908 : 000123;
	12909 : 000128;
	12910 : 000133;
	12911 : 00013D;
	12912 : 000138;
	12913 : 00012C;
	12914 : 000126;
	12915 : 000118;
	12916 : 00010B;
	12917 : 0000F6;
	12918 : 0000DA;
	12919 : 0000CA;
	12920 : 0000CA;
	12921 : 0000CF;
	12922 : 0000D9;
	12923 : 0000DB;
	12924 : 0000B8;
	12925 : 000091;
	12926 : 000077;
	12927 : 000056;
	12928 : 000039;
	12929 : 000021;
	12930 : 000009;
	12931 : FFFFF4;
	12932 : FFFFE1;
	12933 : FFFFC8;
	12934 : FFFFB2;
	12935 : FFFFAB;
	12936 : FFFF87;
	12937 : FFFF6F;
	12938 : FFFF6E;
	12939 : FFFF63;
	12940 : FFFF52;
	12941 : FFFF42;
	12942 : FFFF34;
	12943 : FFFF2B;
	12944 : FFFF29;
	12945 : FFFF23;
	12946 : FFFF1B;
	12947 : FFFF23;
	12948 : FFFF22;
	12949 : FFFF24;
	12950 : FFFF30;
	12951 : FFFF32;
	12952 : FFFF34;
	12953 : FFFF40;
	12954 : FFFF4B;
	12955 : FFFF4D;
	12956 : FFFF4E;
	12957 : FFFF4F;
	12958 : FFFF4D;
	12959 : FFFF57;
	12960 : FFFF6B;
	12961 : FFFF87;
	12962 : FFFF99;
	12963 : FFFFAE;
	12964 : FFFFC8;
	12965 : FFFFDB;
	12966 : FFFFEC;
	12967 : 000000;
	12968 : 000019;
	12969 : 000037;
	12970 : 00004E;
	12971 : 00006D;
	12972 : 00008F;
	12973 : 0000B1;
	12974 : 0000D3;
	12975 : 0000F2;
	12976 : 0000FE;
	12977 : 000103;
	12978 : 000107;
	12979 : 000106;
	12980 : 000105;
	12981 : 000101;
	12982 : 0000F8;
	12983 : 0000F4;
	12984 : 0000F2;
	12985 : 0000E0;
	12986 : 0000D0;
	12987 : 0000C5;
	12988 : 0000B6;
	12989 : 0000A7;
	12990 : 00009C;
	12991 : 000094;
	12992 : 00008B;
	12993 : 000082;
	12994 : 00007D;
	12995 : 000083;
	12996 : 00008C;
	12997 : 000080;
	12998 : 000063;
	12999 : 00004B;
	13000 : 00002F;
	13001 : 000015;
	13002 : 000003;
	13003 : FFFFEF;
	13004 : FFFFD8;
	13005 : FFFFC4;
	13006 : FFFFB2;
	13007 : FFFF9E;
	13008 : FFFF93;
	13009 : FFFF7D;
	13010 : FFFF6C;
	13011 : FFFF5A;
	13012 : FFFF4F;
	13013 : FFFF43;
	13014 : FFFF43;
	13015 : FFFF43;
	13016 : FFFF3B;
	13017 : FFFF35;
	13018 : FFFF36;
	13019 : FFFF34;
	13020 : FFFF38;
	13021 : FFFF3D;
	13022 : FFFF40;
	13023 : FFFF4E;
	13024 : FFFF56;
	13025 : FFFF59;
	13026 : FFFF62;
	13027 : FFFF61;
	13028 : FFFF59;
	13029 : FFFF55;
	13030 : FFFF58;
	13031 : FFFF5F;
	13032 : FFFF68;
	13033 : FFFF78;
	13034 : FFFF86;
	13035 : FFFFA8;
	13036 : FFFFC2;
	13037 : FFFFD0;
	13038 : FFFFEA;
	13039 : 00000B;
	13040 : 000026;
	13041 : 00003A;
	13042 : 00004F;
	13043 : 000065;
	13044 : 00007C;
	13045 : 00009A;
	13046 : 0000A8;
	13047 : 0000BC;
	13048 : 0000D7;
	13049 : 0000DE;
	13050 : 0000EA;
	13051 : 0000FB;
	13052 : 000104;
	13053 : 000106;
	13054 : 000109;
	13055 : 00010C;
	13056 : 000110;
	13057 : 000114;
	13058 : 000109;
	13059 : 000100;
	13060 : 0000FD;
	13061 : 0000F1;
	13062 : 0000E6;
	13063 : 0000DF;
	13064 : 0000D0;
	13065 : 0000BF;
	13066 : 0000B5;
	13067 : 0000AE;
	13068 : 0000A6;
	13069 : 0000A5;
	13070 : 0000A3;
	13071 : 000096;
	13072 : 000086;
	13073 : 000069;
	13074 : 000046;
	13075 : 00002E;
	13076 : 000012;
	13077 : FFFFF2;
	13078 : FFFFD8;
	13079 : FFFFC4;
	13080 : FFFFB1;
	13081 : FFFFA6;
	13082 : FFFF9B;
	13083 : FFFF92;
	13084 : FFFF91;
	13085 : FFFF8B;
	13086 : FFFF76;
	13087 : FFFF5F;
	13088 : FFFF49;
	13089 : FFFF38;
	13090 : FFFF2D;
	13091 : FFFF23;
	13092 : FFFF1A;
	13093 : FFFF14;
	13094 : FFFF0E;
	13095 : FFFF02;
	13096 : FFFF04;
	13097 : FFFF0D;
	13098 : FFFF0E;
	13099 : FFFF11;
	13100 : FFFF17;
	13101 : FFFF1D;
	13102 : FFFF21;
	13103 : FFFF25;
	13104 : FFFF2B;
	13105 : FFFF35;
	13106 : FFFF41;
	13107 : FFFF4E;
	13108 : FFFF61;
	13109 : FFFF76;
	13110 : FFFF85;
	13111 : FFFFA2;
	13112 : FFFFC2;
	13113 : FFFFDA;
	13114 : FFFFF1;
	13115 : 000007;
	13116 : 000019;
	13117 : 00002C;
	13118 : 000049;
	13119 : 000060;
	13120 : 000074;
	13121 : 00008F;
	13122 : 00009C;
	13123 : 0000AA;
	13124 : 0000BF;
	13125 : 0000CD;
	13126 : 0000DC;
	13127 : 0000EC;
	13128 : 0000F7;
	13129 : 0000FD;
	13130 : 0000FC;
	13131 : 000104;
	13132 : 000106;
	13133 : 000105;
	13134 : 0000FB;
	13135 : 0000EC;
	13136 : 0000DD;
	13137 : 0000C5;
	13138 : 0000B3;
	13139 : 0000AC;
	13140 : 0000A7;
	13141 : 0000A0;
	13142 : 0000A2;
	13143 : 0000AD;
	13144 : 0000AC;
	13145 : 0000A9;
	13146 : 000093;
	13147 : 00007A;
	13148 : 00006A;
	13149 : 000055;
	13150 : 00003B;
	13151 : 000023;
	13152 : 00000E;
	13153 : FFFFF9;
	13154 : FFFFE7;
	13155 : FFFFD2;
	13156 : FFFFBB;
	13157 : FFFFAF;
	13158 : FFFFA2;
	13159 : FFFF8C;
	13160 : FFFF7E;
	13161 : FFFF70;
	13162 : FFFF63;
	13163 : FFFF5C;
	13164 : FFFF57;
	13165 : FFFF4D;
	13166 : FFFF45;
	13167 : FFFF46;
	13168 : FFFF46;
	13169 : FFFF44;
	13170 : FFFF47;
	13171 : FFFF45;
	13172 : FFFF49;
	13173 : FFFF52;
	13174 : FFFF59;
	13175 : FFFF5F;
	13176 : FFFF66;
	13177 : FFFF67;
	13178 : FFFF65;
	13179 : FFFF6E;
	13180 : FFFF74;
	13181 : FFFF7C;
	13182 : FFFF86;
	13183 : FFFF96;
	13184 : FFFFA9;
	13185 : FFFFBD;
	13186 : FFFFCB;
	13187 : FFFFDC;
	13188 : FFFFF3;
	13189 : 000008;
	13190 : 000020;
	13191 : 000040;
	13192 : 000065;
	13193 : 00007D;
	13194 : 000093;
	13195 : 0000A7;
	13196 : 0000AD;
	13197 : 0000B1;
	13198 : 0000B0;
	13199 : 0000B4;
	13200 : 0000BB;
	13201 : 0000BA;
	13202 : 0000B5;
	13203 : 0000B7;
	13204 : 0000B9;
	13205 : 0000B5;
	13206 : 0000AD;
	13207 : 00009E;
	13208 : 00009B;
	13209 : 00009B;
	13210 : 000090;
	13211 : 000081;
	13212 : 000076;
	13213 : 00006F;
	13214 : 00006B;
	13215 : 00006D;
	13216 : 00006F;
	13217 : 00006F;
	13218 : 000076;
	13219 : 000070;
	13220 : 00005B;
	13221 : 000049;
	13222 : 000031;
	13223 : 000018;
	13224 : 000008;
	13225 : FFFFFC;
	13226 : FFFFEA;
	13227 : FFFFD6;
	13228 : FFFFC5;
	13229 : FFFFB1;
	13230 : FFFFA5;
	13231 : FFFFA1;
	13232 : FFFF8E;
	13233 : FFFF83;
	13234 : FFFF7D;
	13235 : FFFF75;
	13236 : FFFF6E;
	13237 : FFFF6A;
	13238 : FFFF68;
	13239 : FFFF68;
	13240 : FFFF68;
	13241 : FFFF65;
	13242 : FFFF5C;
	13243 : FFFF60;
	13244 : FFFF63;
	13245 : FFFF64;
	13246 : FFFF64;
	13247 : FFFF60;
	13248 : FFFF62;
	13249 : FFFF6C;
	13250 : FFFF73;
	13251 : FFFF75;
	13252 : FFFF7A;
	13253 : FFFF80;
	13254 : FFFF84;
	13255 : FFFF9B;
	13256 : FFFFA7;
	13257 : FFFFB5;
	13258 : FFFFD1;
	13259 : FFFFEC;
	13260 : 000003;
	13261 : 000014;
	13262 : 000022;
	13263 : 000032;
	13264 : 000047;
	13265 : 000061;
	13266 : 000072;
	13267 : 000080;
	13268 : 00008D;
	13269 : 000091;
	13270 : 0000A2;
	13271 : 0000B0;
	13272 : 0000BA;
	13273 : 0000C3;
	13274 : 0000CA;
	13275 : 0000D0;
	13276 : 0000D4;
	13277 : 0000D6;
	13278 : 0000CF;
	13279 : 0000CB;
	13280 : 0000D3;
	13281 : 0000CC;
	13282 : 0000C4;
	13283 : 0000BF;
	13284 : 0000B2;
	13285 : 0000A7;
	13286 : 00009C;
	13287 : 000092;
	13288 : 00008C;
	13289 : 000088;
	13290 : 000088;
	13291 : 000087;
	13292 : 000083;
	13293 : 000070;
	13294 : 000059;
	13295 : 00004B;
	13296 : 000036;
	13297 : 00001D;
	13298 : 000004;
	13299 : FFFFF0;
	13300 : FFFFE5;
	13301 : FFFFE4;
	13302 : FFFFE1;
	13303 : FFFFD6;
	13304 : FFFFC5;
	13305 : FFFFB0;
	13306 : FFFF94;
	13307 : FFFF87;
	13308 : FFFF77;
	13309 : FFFF6A;
	13310 : FFFF5E;
	13311 : FFFF4E;
	13312 : FFFF41;
	13313 : FFFF39;
	13314 : FFFF31;
	13315 : FFFF2E;
	13316 : FFFF31;
	13317 : FFFF32;
	13318 : FFFF30;
	13319 : FFFF36;
	13320 : FFFF3B;
	13321 : FFFF43;
	13322 : FFFF4F;
	13323 : FFFF56;
	13324 : FFFF55;
	13325 : FFFF57;
	13326 : FFFF5D;
	13327 : FFFF62;
	13328 : FFFF6B;
	13329 : FFFF72;
	13330 : FFFF83;
	13331 : FFFF9C;
	13332 : FFFFB3;
	13333 : FFFFC5;
	13334 : FFFFDB;
	13335 : FFFFF2;
	13336 : 000004;
	13337 : 000018;
	13338 : 00002C;
	13339 : 000038;
	13340 : 00004F;
	13341 : 000067;
	13342 : 000074;
	13343 : 000083;
	13344 : 000092;
	13345 : 00009D;
	13346 : 0000AA;
	13347 : 0000B9;
	13348 : 0000C2;
	13349 : 0000CA;
	13350 : 0000D2;
	13351 : 0000D2;
	13352 : 0000D3;
	13353 : 0000D3;
	13354 : 0000CF;
	13355 : 0000C2;
	13356 : 0000B8;
	13357 : 0000AB;
	13358 : 0000A5;
	13359 : 0000A0;
	13360 : 000095;
	13361 : 00008E;
	13362 : 000091;
	13363 : 000091;
	13364 : 00008F;
	13365 : 000092;
	13366 : 000095;
	13367 : 00008C;
	13368 : 000081;
	13369 : 00006F;
	13370 : 000060;
	13371 : 000050;
	13372 : 000039;
	13373 : 000024;
	13374 : 000016;
	13375 : 00000A;
	13376 : FFFFFB;
	13377 : FFFFEA;
	13378 : FFFFD3;
	13379 : FFFFC7;
	13380 : FFFFBD;
	13381 : FFFFAF;
	13382 : FFFF9F;
	13383 : FFFF97;
	13384 : FFFF8F;
	13385 : FFFF82;
	13386 : FFFF77;
	13387 : FFFF71;
	13388 : FFFF6B;
	13389 : FFFF6B;
	13390 : FFFF6A;
	13391 : FFFF64;
	13392 : FFFF64;
	13393 : FFFF6B;
	13394 : FFFF6D;
	13395 : FFFF6E;
	13396 : FFFF70;
	13397 : FFFF75;
	13398 : FFFF7E;
	13399 : FFFF86;
	13400 : FFFF85;
	13401 : FFFF84;
	13402 : FFFF87;
	13403 : FFFF8E;
	13404 : FFFF99;
	13405 : FFFFA8;
	13406 : FFFFB7;
	13407 : FFFFCB;
	13408 : FFFFDD;
	13409 : FFFFEF;
	13410 : 000009;
	13411 : 000029;
	13412 : 00003D;
	13413 : 000050;
	13414 : 000065;
	13415 : 00006D;
	13416 : 00006F;
	13417 : 000077;
	13418 : 000079;
	13419 : 00007C;
	13420 : 000083;
	13421 : 000088;
	13422 : 00008F;
	13423 : 000094;
	13424 : 000090;
	13425 : 000087;
	13426 : 000088;
	13427 : 000082;
	13428 : 00007D;
	13429 : 000080;
	13430 : 00007C;
	13431 : 00007B;
	13432 : 000076;
	13433 : 00006D;
	13434 : 000066;
	13435 : 000060;
	13436 : 000058;
	13437 : 000056;
	13438 : 00005E;
	13439 : 000060;
	13440 : 00005B;
	13441 : 00005F;
	13442 : 000053;
	13443 : 000040;
	13444 : 000030;
	13445 : 00001A;
	13446 : 000008;
	13447 : FFFFFC;
	13448 : FFFFF0;
	13449 : FFFFE4;
	13450 : FFFFDE;
	13451 : FFFFD7;
	13452 : FFFFC2;
	13453 : FFFFB8;
	13454 : FFFFB3;
	13455 : FFFFAA;
	13456 : FFFFA5;
	13457 : FFFF9E;
	13458 : FFFF97;
	13459 : FFFF93;
	13460 : FFFF90;
	13461 : FFFF8D;
	13462 : FFFF8C;
	13463 : FFFF83;
	13464 : FFFF7A;
	13465 : FFFF75;
	13466 : FFFF76;
	13467 : FFFF72;
	13468 : FFFF77;
	13469 : FFFF7B;
	13470 : FFFF82;
	13471 : FFFF8E;
	13472 : FFFF98;
	13473 : FFFF9C;
	13474 : FFFF9F;
	13475 : FFFFA3;
	13476 : FFFFA9;
	13477 : FFFFB6;
	13478 : FFFFCC;
	13479 : FFFFD8;
	13480 : FFFFE8;
	13481 : FFFFF5;
	13482 : 000000;
	13483 : 000012;
	13484 : 000025;
	13485 : 000030;
	13486 : 00003B;
	13487 : 00004D;
	13488 : 00005C;
	13489 : 000065;
	13490 : 000070;
	13491 : 000078;
	13492 : 000082;
	13493 : 000088;
	13494 : 00008D;
	13495 : 000098;
	13496 : 0000A1;
	13497 : 0000A2;
	13498 : 0000A2;
	13499 : 0000AA;
	13500 : 0000AB;
	13501 : 0000A1;
	13502 : 0000A0;
	13503 : 00009F;
	13504 : 00009B;
	13505 : 000091;
	13506 : 000089;
	13507 : 000082;
	13508 : 00007B;
	13509 : 000070;
	13510 : 000065;
	13511 : 000061;
	13512 : 00005D;
	13513 : 000059;
	13514 : 000060;
	13515 : 00005D;
	13516 : 00004E;
	13517 : 00003F;
	13518 : 00002D;
	13519 : 00001C;
	13520 : 000013;
	13521 : 00000D;
	13522 : 000006;
	13523 : 000000;
	13524 : FFFFF0;
	13525 : FFFFD9;
	13526 : FFFFC6;
	13527 : FFFFB7;
	13528 : FFFFA4;
	13529 : FFFF9A;
	13530 : FFFF8E;
	13531 : FFFF80;
	13532 : FFFF77;
	13533 : FFFF70;
	13534 : FFFF67;
	13535 : FFFF5D;
	13536 : FFFF59;
	13537 : FFFF54;
	13538 : FFFF54;
	13539 : FFFF57;
	13540 : FFFF55;
	13541 : FFFF57;
	13542 : FFFF5E;
	13543 : FFFF63;
	13544 : FFFF6A;
	13545 : FFFF72;
	13546 : FFFF7B;
	13547 : FFFF85;
	13548 : FFFF8B;
	13549 : FFFF87;
	13550 : FFFF88;
	13551 : FFFF93;
	13552 : FFFFA6;
	13553 : FFFFB6;
	13554 : FFFFC6;
	13555 : FFFFD5;
	13556 : FFFFEB;
	13557 : 000000;
	13558 : 00000E;
	13559 : 00001B;
	13560 : 00002E;
	13561 : 00003D;
	13562 : 000048;
	13563 : 000055;
	13564 : 000061;
	13565 : 000072;
	13566 : 00007E;
	13567 : 000085;
	13568 : 00008E;
	13569 : 000098;
	13570 : 00009F;
	13571 : 0000A6;
	13572 : 0000AB;
	13573 : 0000A8;
	13574 : 00009B;
	13575 : 000096;
	13576 : 000098;
	13577 : 000094;
	13578 : 000093;
	13579 : 00008A;
	13580 : 000084;
	13581 : 000085;
	13582 : 000082;
	13583 : 00007B;
	13584 : 000076;
	13585 : 000073;
	13586 : 000075;
	13587 : 00007D;
	13588 : 00007F;
	13589 : 000072;
	13590 : 000064;
	13591 : 00005A;
	13592 : 00004B;
	13593 : 00003D;
	13594 : 00002F;
	13595 : 00001F;
	13596 : 000010;
	13597 : 000003;
	13598 : FFFFF3;
	13599 : FFFFE8;
	13600 : FFFFDD;
	13601 : FFFFCF;
	13602 : FFFFC6;
	13603 : FFFFBB;
	13604 : FFFFAF;
	13605 : FFFFA4;
	13606 : FFFF9C;
	13607 : FFFF98;
	13608 : FFFF96;
	13609 : FFFF92;
	13610 : FFFF89;
	13611 : FFFF84;
	13612 : FFFF82;
	13613 : FFFF81;
	13614 : FFFF82;
	13615 : FFFF82;
	13616 : FFFF7F;
	13617 : FFFF82;
	13618 : FFFF8A;
	13619 : FFFF91;
	13620 : FFFF94;
	13621 : FFFF97;
	13622 : FFFF95;
	13623 : FFFF92;
	13624 : FFFF97;
	13625 : FFFFA0;
	13626 : FFFFAD;
	13627 : FFFFBE;
	13628 : FFFFCD;
	13629 : FFFFDC;
	13630 : FFFFF2;
	13631 : 000006;
	13632 : 000016;
	13633 : 000025;
	13634 : 000030;
	13635 : 000032;
	13636 : 000038;
	13637 : 00003F;
	13638 : 000046;
	13639 : 000053;
	13640 : 00005B;
	13641 : 00005F;
	13642 : 000063;
	13643 : 000067;
	13644 : 000068;
	13645 : 00006B;
	13646 : 000070;
	13647 : 00006B;
	13648 : 000067;
	13649 : 000067;
	13650 : 000062;
	13651 : 000062;
	13652 : 000061;
	13653 : 00005A;
	13654 : 000059;
	13655 : 000057;
	13656 : 000051;
	13657 : 00004E;
	13658 : 000051;
	13659 : 00004F;
	13660 : 00004F;
	13661 : 000053;
	13662 : 00004F;
	13663 : 000047;
	13664 : 000041;
	13665 : 000033;
	13666 : 000028;
	13667 : 00001E;
	13668 : 000011;
	13669 : 000006;
	13670 : FFFFFD;
	13671 : FFFFF3;
	13672 : FFFFE5;
	13673 : FFFFDF;
	13674 : FFFFD8;
	13675 : FFFFCE;
	13676 : FFFFC3;
	13677 : FFFFB7;
	13678 : FFFFB3;
	13679 : FFFFB1;
	13680 : FFFFB0;
	13681 : FFFFAC;
	13682 : FFFFA3;
	13683 : FFFF9A;
	13684 : FFFF91;
	13685 : FFFF91;
	13686 : FFFF8F;
	13687 : FFFF89;
	13688 : FFFF88;
	13689 : FFFF8F;
	13690 : FFFF95;
	13691 : FFFF9B;
	13692 : FFFFA2;
	13693 : FFFFA7;
	13694 : FFFFAD;
	13695 : FFFFB4;
	13696 : FFFFB7;
	13697 : FFFFBF;
	13698 : FFFFC4;
	13699 : FFFFC8;
	13700 : FFFFD1;
	13701 : FFFFDD;
	13702 : FFFFE9;
	13703 : FFFFFB;
	13704 : 000005;
	13705 : 00000E;
	13706 : 00001A;
	13707 : 000027;
	13708 : 000030;
	13709 : 00003A;
	13710 : 000046;
	13711 : 00004A;
	13712 : 000053;
	13713 : 00005D;
	13714 : 000063;
	13715 : 000069;
	13716 : 00006F;
	13717 : 000072;
	13718 : 000076;
	13719 : 00007A;
	13720 : 000077;
	13721 : 000077;
	13722 : 00007B;
	13723 : 000074;
	13724 : 000074;
	13725 : 000072;
	13726 : 00006D;
	13727 : 00006D;
	13728 : 00006A;
	13729 : 000062;
	13730 : 00005C;
	13731 : 000057;
	13732 : 000051;
	13733 : 00004C;
	13734 : 00004C;
	13735 : 00004B;
	13736 : 00004B;
	13737 : 000047;
	13738 : 000040;
	13739 : 000039;
	13740 : 000035;
	13741 : 00002C;
	13742 : 000020;
	13743 : 000013;
	13744 : 000002;
	13745 : FFFFF1;
	13746 : FFFFE3;
	13747 : FFFFD7;
	13748 : FFFFC3;
	13749 : FFFFBD;
	13750 : FFFFB6;
	13751 : FFFFAA;
	13752 : FFFFA1;
	13753 : FFFF96;
	13754 : FFFF8A;
	13755 : FFFF82;
	13756 : FFFF7D;
	13757 : FFFF7B;
	13758 : FFFF7A;
	13759 : FFFF76;
	13760 : FFFF71;
	13761 : FFFF78;
	13762 : FFFF78;
	13763 : FFFF7C;
	13764 : FFFF85;
	13765 : FFFF88;
	13766 : FFFF8B;
	13767 : FFFF91;
	13768 : FFFF9A;
	13769 : FFFF9F;
	13770 : FFFFA1;
	13771 : FFFFA7;
	13772 : FFFFAC;
	13773 : FFFFB9;
	13774 : FFFFC4;
	13775 : FFFFCD;
	13776 : FFFFD8;
	13777 : FFFFE4;
	13778 : FFFFF0;
	13779 : FFFFFF;
	13780 : 00000C;
	13781 : 000018;
	13782 : 000024;
	13783 : 000030;
	13784 : 000037;
	13785 : 000045;
	13786 : 000051;
	13787 : 000058;
	13788 : 000063;
	13789 : 00006C;
	13790 : 000070;
	13791 : 000073;
	13792 : 000078;
	13793 : 000078;
	13794 : 000075;
	13795 : 000071;
	13796 : 00006E;
	13797 : 00006E;
	13798 : 000071;
	13799 : 00006E;
	13800 : 00006D;
	13801 : 000070;
	13802 : 000070;
	13803 : 00006C;
	13804 : 000067;
	13805 : 000062;
	13806 : 00005D;
	13807 : 00005F;
	13808 : 00005F;
	13809 : 00005F;
	13810 : 00005D;
	13811 : 00005A;
	13812 : 000050;
	13813 : 000045;
	13814 : 000036;
	13815 : 000026;
	13816 : 000019;
	13817 : 00000E;
	13818 : 000006;
	13819 : 000000;
	13820 : FFFFF6;
	13821 : FFFFE6;
	13822 : FFFFDF;
	13823 : FFFFD5;
	13824 : FFFFC8;
	13825 : FFFFC1;
	13826 : FFFFB9;
	13827 : FFFFB1;
	13828 : FFFFAC;
	13829 : FFFFA8;
	13830 : FFFFA6;
	13831 : FFFFA3;
	13832 : FFFF9E;
	13833 : FFFF96;
	13834 : FFFF94;
	13835 : FFFF94;
	13836 : FFFF95;
	13837 : FFFF99;
	13838 : FFFF9E;
	13839 : FFFF9F;
	13840 : FFFFA1;
	13841 : FFFFA5;
	13842 : FFFFA7;
	13843 : FFFFAA;
	13844 : FFFFAF;
	13845 : FFFFAE;
	13846 : FFFFB2;
	13847 : FFFFBD;
	13848 : FFFFCC;
	13849 : FFFFDB;
	13850 : FFFFEC;
	13851 : FFFFF8;
	13852 : 000001;
	13853 : 00000A;
	13854 : 000011;
	13855 : 000017;
	13856 : 000020;
	13857 : 000025;
	13858 : 000028;
	13859 : 00002F;
	13860 : 000032;
	13861 : 000036;
	13862 : 00003C;
	13863 : 000041;
	13864 : 000045;
	13865 : 000048;
	13866 : 000049;
	13867 : 00004A;
	13868 : 00004F;
	13869 : 00004F;
	13870 : 00004E;
	13871 : 00004E;
	13872 : 00004E;
	13873 : 00004C;
	13874 : 00004E;
	13875 : 00004C;
	13876 : 00004A;
	13877 : 00004A;
	13878 : 000046;
	13879 : 000040;
	13880 : 00003E;
	13881 : 00003F;
	13882 : 00003F;
	13883 : 000047;
	13884 : 00004A;
	13885 : 000042;
	13886 : 000039;
	13887 : 00002E;
	13888 : 000023;
	13889 : 00001B;
	13890 : 000013;
	13891 : 000008;
	13892 : FFFFFF;
	13893 : FFFFF7;
	13894 : FFFFF0;
	13895 : FFFFEB;
	13896 : FFFFE4;
	13897 : FFFFD7;
	13898 : FFFFD5;
	13899 : FFFFCE;
	13900 : FFFFC5;
	13901 : FFFFC0;
	13902 : FFFFB9;
	13903 : FFFFB0;
	13904 : FFFFAC;
	13905 : FFFFAB;
	13906 : FFFFA4;
	13907 : FFFFA1;
	13908 : FFFFA6;
	13909 : FFFFAA;
	13910 : FFFFA9;
	13911 : FFFFA9;
	13912 : FFFFAE;
	13913 : FFFFB7;
	13914 : FFFFBD;
	13915 : FFFFBF;
	13916 : FFFFC1;
	13917 : FFFFCA;
	13918 : FFFFCE;
	13919 : FFFFD1;
	13920 : FFFFD3;
	13921 : FFFFD8;
	13922 : FFFFDE;
	13923 : FFFFE7;
	13924 : FFFFF1;
	13925 : FFFFFA;
	13926 : 000006;
	13927 : 000010;
	13928 : 000015;
	13929 : 00001D;
	13930 : 000027;
	13931 : 00002D;
	13932 : 000035;
	13933 : 00003B;
	13934 : 000041;
	13935 : 000049;
	13936 : 00004E;
	13937 : 000051;
	13938 : 000057;
	13939 : 000059;
	13940 : 000058;
	13941 : 00005B;
	13942 : 000060;
	13943 : 00005D;
	13944 : 00005E;
	13945 : 00005D;
	13946 : 000058;
	13947 : 000057;
	13948 : 000055;
	13949 : 000050;
	13950 : 00004E;
	13951 : 00004A;
	13952 : 000042;
	13953 : 00003B;
	13954 : 000039;
	13955 : 000038;
	13956 : 00003A;
	13957 : 00003C;
	13958 : 000042;
	13959 : 000047;
	13960 : 000043;
	13961 : 000039;
	13962 : 00002D;
	13963 : 00001F;
	13964 : 000011;
	13965 : 000004;
	13966 : FFFFF9;
	13967 : FFFFEB;
	13968 : FFFFDD;
	13969 : FFFFD8;
	13970 : FFFFC8;
	13971 : FFFFC1;
	13972 : FFFFBE;
	13973 : FFFFB5;
	13974 : FFFFAE;
	13975 : FFFFA8;
	13976 : FFFFA2;
	13977 : FFFF9E;
	13978 : FFFF9E;
	13979 : FFFF9D;
	13980 : FFFF97;
	13981 : FFFF9A;
	13982 : FFFF9A;
	13983 : FFFF9C;
	13984 : FFFFA4;
	13985 : FFFFA3;
	13986 : FFFFA4;
	13987 : FFFFA9;
	13988 : FFFFAD;
	13989 : FFFFB1;
	13990 : FFFFB6;
	13991 : FFFFB8;
	13992 : FFFFB8;
	13993 : FFFFC1;
	13994 : FFFFC5;
	13995 : FFFFCD;
	13996 : FFFFD5;
	13997 : FFFFDF;
	13998 : FFFFEA;
	13999 : FFFFF4;
	14000 : FFFFFB;
	14001 : 000005;
	14002 : 000013;
	14003 : 00001E;
	14004 : 000023;
	14005 : 00002D;
	14006 : 000039;
	14007 : 00003B;
	14008 : 000047;
	14009 : 00004C;
	14010 : 00004C;
	14011 : 00004F;
	14012 : 000052;
	14013 : 000055;
	14014 : 000059;
	14015 : 00005B;
	14016 : 000059;
	14017 : 000059;
	14018 : 00005E;
	14019 : 00005F;
	14020 : 000060;
	14021 : 00005E;
	14022 : 00005B;
	14023 : 000059;
	14024 : 000057;
	14025 : 000055;
	14026 : 000052;
	14027 : 000052;
	14028 : 000051;
	14029 : 000051;
	14030 : 000051;
	14031 : 00004F;
	14032 : 00004F;
	14033 : 00004A;
	14034 : 000040;
	14035 : 000037;
	14036 : 00002F;
	14037 : 000025;
	14038 : 000019;
	14039 : 00000F;
	14040 : 000006;
	14041 : FFFFFE;
	14042 : FFFFF5;
	14043 : FFFFEC;
	14044 : FFFFE3;
	14045 : FFFFDE;
	14046 : FFFFD4;
	14047 : FFFFCC;
	14048 : FFFFC7;
	14049 : FFFFC2;
	14050 : FFFFBE;
	14051 : FFFFBC;
	14052 : FFFFB7;
	14053 : FFFFB2;
	14054 : FFFFB1;
	14055 : FFFFAC;
	14056 : FFFFA9;
	14057 : FFFFAC;
	14058 : FFFFAC;
	14059 : FFFFAB;
	14060 : FFFFAF;
	14061 : FFFFB3;
	14062 : FFFFB4;
	14063 : FFFFB6;
	14064 : FFFFB9;
	14065 : FFFFBD;
	14066 : FFFFC2;
	14067 : FFFFC9;
	14068 : FFFFCD;
	14069 : FFFFD7;
	14070 : FFFFE1;
	14071 : FFFFE7;
	14072 : FFFFEF;
	14073 : FFFFF4;
	14074 : FFFFF9;
	14075 : 000000;
	14076 : 000006;
	14077 : 000009;
	14078 : 00000D;
	14079 : 000012;
	14080 : 000018;
	14081 : 000021;
	14082 : 000025;
	14083 : 000026;
	14084 : 00002B;
	14085 : 00002F;
	14086 : 000033;
	14087 : 000036;
	14088 : 000037;
	14089 : 000037;
	14090 : 00003B;
	14091 : 000041;
	14092 : 000040;
	14093 : 000040;
	14094 : 000041;
	14095 : 000042;
	14096 : 00003F;
	14097 : 00003D;
	14098 : 000039;
	14099 : 000039;
	14100 : 00003A;
	14101 : 000037;
	14102 : 000033;
	14103 : 000034;
	14104 : 000035;
	14105 : 000037;
	14106 : 000039;
	14107 : 000036;
	14108 : 000030;
	14109 : 00002A;
	14110 : 000024;
	14111 : 00001D;
	14112 : 000014;
	14113 : 00000A;
	14114 : 000004;
	14115 : FFFFFD;
	14116 : FFFFF3;
	14117 : FFFFEF;
	14118 : FFFFEE;
	14119 : FFFFE7;
	14120 : FFFFDE;
	14121 : FFFFD7;
	14122 : FFFFCF;
	14123 : FFFFC7;
	14124 : FFFFC3;
	14125 : FFFFC1;
	14126 : FFFFC0;
	14127 : FFFFC0;
	14128 : FFFFBE;
	14129 : FFFFBB;
	14130 : FFFFBD;
	14131 : FFFFBD;
	14132 : FFFFBD;
	14133 : FFFFC2;
	14134 : FFFFC5;
	14135 : FFFFC9;
	14136 : FFFFCE;
	14137 : FFFFD3;
	14138 : FFFFD6;
	14139 : FFFFDA;
	14140 : FFFFDD;
	14141 : FFFFDC;
	14142 : FFFFDF;
	14143 : FFFFE7;
	14144 : FFFFEC;
	14145 : FFFFF2;
	14146 : FFFFF8;
	14147 : FFFFFD;
	14148 : 000002;
	14149 : 000006;
	14150 : 000009;
	14151 : 000010;
	14152 : 00001A;
	14153 : 00001F;
	14154 : 000027;
	14155 : 00002F;
	14156 : 000030;
	14157 : 000030;
	14158 : 000035;
	14159 : 000038;
	14160 : 00003B;
	14161 : 00003F;
	14162 : 000042;
	14163 : 000043;
	14164 : 000046;
	14165 : 000048;
	14166 : 000049;
	14167 : 000049;
	14168 : 000044;
	14169 : 000042;
	14170 : 000041;
	14171 : 00003F;
	14172 : 00003A;
	14173 : 000037;
	14174 : 000037;
	14175 : 000036;
	14176 : 000036;
	14177 : 00003B;
	14178 : 00003E;
	14179 : 000041;
	14180 : 000042;
	14181 : 00003A;
	14182 : 000030;
	14183 : 000023;
	14184 : 000016;
	14185 : 00000C;
	14186 : 000005;
	14187 : FFFFFF;
	14188 : FFFFF7;
	14189 : FFFFEF;
	14190 : FFFFE6;
	14191 : FFFFDC;
	14192 : FFFFD3;
	14193 : FFFFCA;
	14194 : FFFFC7;
	14195 : FFFFC2;
	14196 : FFFFBB;
	14197 : FFFFB6;
	14198 : FFFFB2;
	14199 : FFFFAF;
	14200 : FFFFAF;
	14201 : FFFFAF;
	14202 : FFFFB0;
	14203 : FFFFB1;
	14204 : FFFFB1;
	14205 : FFFFB2;
	14206 : FFFFB6;
	14207 : FFFFB9;
	14208 : FFFFB9;
	14209 : FFFFBD;
	14210 : FFFFC2;
	14211 : FFFFC4;
	14212 : FFFFC7;
	14213 : FFFFCD;
	14214 : FFFFCE;
	14215 : FFFFCF;
	14216 : FFFFD2;
	14217 : FFFFD7;
	14218 : FFFFDC;
	14219 : FFFFE8;
	14220 : FFFFF2;
	14221 : FFFFF9;
	14222 : 000000;
	14223 : 000007;
	14224 : 00000D;
	14225 : 000017;
	14226 : 00001E;
	14227 : 000023;
	14228 : 00002B;
	14229 : 000031;
	14230 : 000034;
	14231 : 000037;
	14232 : 000036;
	14233 : 000035;
	14234 : 000038;
	14235 : 00003C;
	14236 : 00003C;
	14237 : 00003E;
	14238 : 000046;
	14239 : 000047;
	14240 : 00004D;
	14241 : 000049;
	14242 : 000049;
	14243 : 00004A;
	14244 : 000047;
	14245 : 000044;
	14246 : 000043;
	14247 : 000043;
	14248 : 000043;
	14249 : 000042;
	14250 : 00003F;
	14251 : 000039;
	14252 : 00003A;
	14253 : 00003C;
	14254 : 00003D;
	14255 : 000039;
	14256 : 000032;
	14257 : 00002B;
	14258 : 000024;
	14259 : 00001C;
	14260 : 000012;
	14261 : 000009;
	14262 : 000003;
	14263 : FFFFFC;
	14264 : FFFFFB;
	14265 : FFFFF4;
	14266 : FFFFE8;
	14267 : FFFFE2;
	14268 : FFFFDE;
	14269 : FFFFD6;
	14270 : FFFFD1;
	14271 : FFFFCF;
	14272 : FFFFCB;
	14273 : FFFFC8;
	14274 : FFFFC5;
	14275 : FFFFC1;
	14276 : FFFFBC;
	14277 : FFFFBC;
	14278 : FFFFBB;
	14279 : FFFFBF;
	14280 : FFFFC1;
	14281 : FFFFBF;
	14282 : FFFFC1;
	14283 : FFFFC3;
	14284 : FFFFC6;
	14285 : FFFFCC;
	14286 : FFFFD1;
	14287 : FFFFD5;
	14288 : FFFFDD;
	14289 : FFFFE0;
	14290 : FFFFE0;
	14291 : FFFFE0;
	14292 : FFFFE6;
	14293 : FFFFEB;
	14294 : FFFFF0;
	14295 : FFFFF3;
	14296 : FFFFF3;
	14297 : FFFFF6;
	14298 : FFFFFE;
	14299 : 000002;
	14300 : 000005;
	14301 : 00000B;
	14302 : 000011;
	14303 : 000013;
	14304 : 000017;
	14305 : 00001B;
	14306 : 00001D;
	14307 : 000024;
	14308 : 000028;
	14309 : 000029;
	14310 : 00002B;
	14311 : 00002F;
	14312 : 000032;
	14313 : 000033;
	14314 : 000033;
	14315 : 000034;
	14316 : 000036;
	14317 : 000035;
	14318 : 000035;
	14319 : 000036;
	14320 : 000034;
	14321 : 000030;
	14322 : 00002F;
	14323 : 000030;
	14324 : 000030;
	14325 : 000030;
	14326 : 000033;
	14327 : 000033;
	14328 : 000034;
	14329 : 000031;
	14330 : 00002A;
	14331 : 000027;
	14332 : 000022;
	14333 : 000019;
	14334 : 000011;
	14335 : 000009;
	14336 : 000002;
	14337 : FFFFFE;
	14338 : FFFFFC;
	14339 : FFFFF5;
	14340 : FFFFEE;
	14341 : FFFFE9;
	14342 : FFFFE1;
	14343 : FFFFDB;
	14344 : FFFFD6;
	14345 : FFFFD2;
	14346 : FFFFD0;
	14347 : FFFFD1;
	14348 : FFFFD0;
	14349 : FFFFCD;
	14350 : FFFFCD;
	14351 : FFFFCD;
	14352 : FFFFCD;
	14353 : FFFFCD;
	14354 : FFFFCD;
	14355 : FFFFCF;
	14356 : FFFFD3;
	14357 : FFFFD5;
	14358 : FFFFD9;
	14359 : FFFFDF;
	14360 : FFFFE1;
	14361 : FFFFE2;
	14362 : FFFFE2;
	14363 : FFFFE3;
	14364 : FFFFE3;
	14365 : FFFFE9;
	14366 : FFFFEE;
	14367 : FFFFF3;
	14368 : FFFFF9;
	14369 : FFFFFE;
	14370 : 000001;
	14371 : 000005;
	14372 : 00000A;
	14373 : 00000F;
	14374 : 000013;
	14375 : 000015;
	14376 : 000018;
	14377 : 00001F;
	14378 : 000024;
	14379 : 000025;
	14380 : 000026;
	14381 : 000028;
	14382 : 00002A;
	14383 : 00002D;
	14384 : 000031;
	14385 : 000034;
	14386 : 000036;
	14387 : 000036;
	14388 : 000030;
	14389 : 000031;
	14390 : 000032;
	14391 : 000031;
	14392 : 000032;
	14393 : 000031;
	14394 : 000030;
	14395 : 000030;
	14396 : 000031;
	14397 : 000030;
	14398 : 000030;
	14399 : 000030;
	14400 : 000030;
	14401 : 000030;
	14402 : 00002F;
	14403 : 000027;
	14404 : 00001E;
	14405 : 000015;
	14406 : 00000C;
	14407 : 000006;
	14408 : 000001;
	14409 : FFFFFB;
	14410 : FFFFF4;
	14411 : FFFFF0;
	14412 : FFFFE9;
	14413 : FFFFE2;
	14414 : FFFFDD;
	14415 : FFFFD7;
	14416 : FFFFD1;
	14417 : FFFFCD;
	14418 : FFFFCB;
	14419 : FFFFCB;
	14420 : FFFFCA;
	14421 : FFFFC7;
	14422 : FFFFC3;
	14423 : FFFFC2;
	14424 : FFFFC2;
	14425 : FFFFC2;
	14426 : FFFFC3;
	14427 : FFFFC4;
	14428 : FFFFC7;
	14429 : FFFFCB;
	14430 : FFFFCE;
	14431 : FFFFD0;
	14432 : FFFFD4;
	14433 : FFFFD9;
	14434 : FFFFDA;
	14435 : FFFFDB;
	14436 : FFFFDD;
	14437 : FFFFE0;
	14438 : FFFFE8;
	14439 : FFFFEA;
	14440 : FFFFEB;
	14441 : FFFFF2;
	14442 : FFFFF9;
	14443 : FFFFFE;
	14444 : 000002;
	14445 : 000009;
	14446 : 00000F;
	14447 : 000013;
	14448 : 000017;
	14449 : 000017;
	14450 : 00001B;
	14451 : 00001F;
	14452 : 000020;
	14453 : 000022;
	14454 : 000027;
	14455 : 00002A;
	14456 : 00002D;
	14457 : 000031;
	14458 : 000035;
	14459 : 000037;
	14460 : 000039;
	14461 : 000038;
	14462 : 000038;
	14463 : 00003C;
	14464 : 00003C;
	14465 : 00003C;
	14466 : 00003C;
	14467 : 000039;
	14468 : 000037;
	14469 : 000036;
	14470 : 000034;
	14471 : 000032;
	14472 : 000032;
	14473 : 000032;
	14474 : 000032;
	14475 : 000032;
	14476 : 00002F;
	14477 : 00002C;
	14478 : 000026;
	14479 : 00001F;
	14480 : 000019;
	14481 : 000014;
	14482 : 00000E;
	14483 : 000007;
	14484 : 000003;
	14485 : FFFFFF;
	14486 : FFFFF7;
	14487 : FFFFF4;
	14488 : FFFFED;
	14489 : FFFFE7;
	14490 : FFFFE3;
	14491 : FFFFDE;
	14492 : FFFFD9;
	14493 : FFFFD6;
	14494 : FFFFD1;
	14495 : FFFFCE;
	14496 : FFFFCF;
	14497 : FFFFCE;
	14498 : FFFFCB;
	14499 : FFFFCB;
	14500 : FFFFCD;
	14501 : FFFFCF;
	14502 : FFFFD0;
	14503 : FFFFD2;
	14504 : FFFFD5;
	14505 : FFFFD8;
	14506 : FFFFDB;
	14507 : FFFFDE;
	14508 : FFFFE1;
	14509 : FFFFE3;
	14510 : FFFFE1;
	14511 : FFFFE1;
	14512 : FFFFE5;
	14513 : FFFFE5;
	14514 : FFFFE7;
	14515 : FFFFEA;
	14516 : FFFFEF;
	14517 : FFFFF3;
	14518 : FFFFF5;
	14519 : FFFFF8;
	14520 : FFFFFC;
	14521 : 000001;
	14522 : 000004;
	14523 : 000006;
	14524 : 00000A;
	14525 : 00000F;
	14526 : 000012;
	14527 : 000015;
	14528 : 000016;
	14529 : 000019;
	14530 : 00001D;
	14531 : 000020;
	14532 : 000022;
	14533 : 000025;
	14534 : 000027;
	14535 : 000028;
	14536 : 000028;
	14537 : 000029;
	14538 : 00002B;
	14539 : 00002C;
	14540 : 00002B;
	14541 : 00002B;
	14542 : 00002B;
	14543 : 000028;
	14544 : 000027;
	14545 : 000026;
	14546 : 000024;
	14547 : 000021;
	14548 : 000023;
	14549 : 000024;
	14550 : 000024;
	14551 : 000022;
	14552 : 00001E;
	14553 : 00001B;
	14554 : 000018;
	14555 : 000013;
	14556 : 00000D;
	14557 : 000008;
	14558 : 000003;
	14559 : FFFFFE;
	14560 : FFFFF9;
	14561 : FFFFF1;
	14562 : FFFFE9;
	14563 : FFFFE6;
	14564 : FFFFE3;
	14565 : FFFFE2;
	14566 : FFFFE2;
	14567 : FFFFE0;
	14568 : FFFFDD;
	14569 : FFFFDD;
	14570 : FFFFDD;
	14571 : FFFFDA;
	14572 : FFFFDA;
	14573 : FFFFDB;
	14574 : FFFFDB;
	14575 : FFFFDC;
	14576 : FFFFDF;
	14577 : FFFFE1;
	14578 : FFFFE4;
	14579 : FFFFE4;
	14580 : FFFFE4;
	14581 : FFFFE7;
	14582 : FFFFE9;
	14583 : FFFFE7;
	14584 : FFFFE8;
	14585 : FFFFEB;
	14586 : FFFFEB;
	14587 : FFFFED;
	14588 : FFFFF0;
	14589 : FFFFF5;
	14590 : FFFFF8;
	14591 : FFFFFC;
	14592 : 000000;
	14593 : 000003;
	14594 : 000007;
	14595 : 00000C;
	14596 : 00000E;
	14597 : 000011;
	14598 : 000012;
	14599 : 000015;
	14600 : 000019;
	14601 : 00001B;
	14602 : 00001C;
	14603 : 00001F;
	14604 : 000022;
	14605 : 000024;
	14606 : 000026;
	14607 : 000026;
	14608 : 000026;
	14609 : 000028;
	14610 : 000026;
	14611 : 000026;
	14612 : 000026;
	14613 : 000024;
	14614 : 000023;
	14615 : 000025;
	14616 : 000028;
	14617 : 00002A;
	14618 : 000029;
	14619 : 000027;
	14620 : 000023;
	14621 : 000021;
	14622 : 000020;
	14623 : 00001E;
	14624 : 00001E;
	14625 : 00001B;
	14626 : 000015;
	14627 : 00000F;
	14628 : 000008;
	14629 : 000000;
	14630 : FFFFFC;
	14631 : FFFFFA;
	14632 : FFFFF5;
	14633 : FFFFEF;
	14634 : FFFFEC;
	14635 : FFFFE5;
	14636 : FFFFE1;
	14637 : FFFFDE;
	14638 : FFFFDA;
	14639 : FFFFD8;
	14640 : FFFFD7;
	14641 : FFFFD5;
	14642 : FFFFD6;
	14643 : FFFFD6;
	14644 : FFFFD4;
	14645 : FFFFD3;
	14646 : FFFFD4;
	14647 : FFFFD3;
	14648 : FFFFD3;
	14649 : FFFFD5;
	14650 : FFFFD5;
	14651 : FFFFD9;
	14652 : FFFFDC;
	14653 : FFFFDE;
	14654 : FFFFE1;
	14655 : FFFFE3;
	14656 : FFFFE5;
	14657 : FFFFE6;
	14658 : FFFFE7;
	14659 : FFFFE6;
	14660 : FFFFE7;
	14661 : FFFFED;
	14662 : FFFFF0;
	14663 : FFFFF3;
	14664 : FFFFF8;
	14665 : FFFFFF;
	14666 : 000003;
	14667 : 000006;
	14668 : 000008;
	14669 : 00000A;
	14670 : 00000C;
	14671 : 00000C;
	14672 : 00000E;
	14673 : 000013;
	14674 : 000017;
	14675 : 000019;
	14676 : 00001D;
	14677 : 000021;
	14678 : 000023;
	14679 : 000026;
	14680 : 000028;
	14681 : 000028;
	14682 : 00002A;
	14683 : 000029;
	14684 : 000029;
	14685 : 00002C;
	14686 : 00002E;
	14687 : 00002F;
	14688 : 00002D;
	14689 : 00002A;
	14690 : 000027;
	14691 : 000026;
	14692 : 000025;
	14693 : 000024;
	14694 : 000024;
	14695 : 000023;
	14696 : 000020;
	14697 : 000020;
	14698 : 000021;
	14699 : 00001F;
	14700 : 00001C;
	14701 : 000017;
	14702 : 000012;
	14703 : 00000E;
	14704 : 00000A;
	14705 : 000004;
	14706 : 000000;
	14707 : FFFFFD;
	14708 : FFFFF6;
	14709 : FFFFF3;
	14710 : FFFFF0;
	14711 : FFFFEA;
	14712 : FFFFE8;
	14713 : FFFFE6;
	14714 : FFFFE4;
	14715 : FFFFE1;
	14716 : FFFFE0;
	14717 : FFFFDF;
	14718 : FFFFDE;
	14719 : FFFFDD;
	14720 : FFFFD9;
	14721 : FFFFD9;
	14722 : FFFFDA;
	14723 : FFFFDA;
	14724 : FFFFDC;
	14725 : FFFFDF;
	14726 : FFFFE3;
	14727 : FFFFE6;
	14728 : FFFFE9;
	14729 : FFFFE9;
	14730 : FFFFE8;
	14731 : FFFFE8;
	14732 : FFFFE7;
	14733 : FFFFE7;
	14734 : FFFFE9;
	14735 : FFFFE9;
	14736 : FFFFE9;
	14737 : FFFFED;
	14738 : FFFFF1;
	14739 : FFFFF3;
	14740 : FFFFF7;
	14741 : FFFFFA;
	14742 : FFFFFD;
	14743 : 000000;
	14744 : 000003;
	14745 : 000004;
	14746 : 000008;
	14747 : 00000B;
	14748 : 00000E;
	14749 : 000010;
	14750 : 000012;
	14751 : 000014;
	14752 : 000017;
	14753 : 000019;
	14754 : 00001A;
	14755 : 00001C;
	14756 : 00001F;
	14757 : 00001F;
	14758 : 000020;
	14759 : 000020;
	14760 : 00001F;
	14761 : 00001F;
	14762 : 000020;
	14763 : 000021;
	14764 : 000021;
	14765 : 000020;
	14766 : 00001E;
	14767 : 00001E;
	14768 : 00001D;
	14769 : 00001D;
	14770 : 00001D;
	14771 : 00001F;
	14772 : 00001D;
	14773 : 00001B;
	14774 : 000018;
	14775 : 000014;
	14776 : 000011;
	14777 : 00000D;
	14778 : 000007;
	14779 : 000002;
	14780 : 000000;
	14781 : FFFFFC;
	14782 : FFFFF9;
	14783 : FFFFF5;
	14784 : FFFFF1;
	14785 : FFFFEF;
	14786 : FFFFED;
	14787 : FFFFE9;
	14788 : FFFFE8;
	14789 : FFFFE8;
	14790 : FFFFE7;
	14791 : FFFFE5;
	14792 : FFFFE7;
	14793 : FFFFE6;
	14794 : FFFFE5;
	14795 : FFFFE5;
	14796 : FFFFE6;
	14797 : FFFFE7;
	14798 : FFFFE7;
	14799 : FFFFE8;
	14800 : FFFFE9;
	14801 : FFFFEB;
	14802 : FFFFEC;
	14803 : FFFFEC;
	14804 : FFFFEE;
	14805 : FFFFEF;
	14806 : FFFFF0;
	14807 : FFFFF1;
	14808 : FFFFF2;
	14809 : FFFFF3;
	14810 : FFFFF6;
	14811 : FFFFF8;
	14812 : FFFFFA;
	14813 : FFFFFE;
	14814 : 000000;
	14815 : 000002;
	14816 : 000004;
	14817 : 000006;
	14818 : 000008;
	14819 : 00000A;
	14820 : 00000E;
	14821 : 00000F;
	14822 : 00000F;
	14823 : 000011;
	14824 : 000013;
	14825 : 000015;
	14826 : 000018;
	14827 : 000019;
	14828 : 00001B;
	14829 : 00001E;
	14830 : 00001D;
	14831 : 00001D;
	14832 : 00001E;
	14833 : 000020;
	14834 : 000023;
	14835 : 000023;
	14836 : 000022;
	14837 : 000022;
	14838 : 000023;
	14839 : 000021;
	14840 : 00001D;
	14841 : 00001A;
	14842 : 000017;
	14843 : 000016;
	14844 : 000017;
	14845 : 000015;
	14846 : 000014;
	14847 : 000011;
	14848 : 00000C;
	14849 : 000008;
	14850 : 000005;
	14851 : 000000;
	14852 : FFFFFC;
	14853 : FFFFF9;
	14854 : FFFFF8;
	14855 : FFFFF4;
	14856 : FFFFF2;
	14857 : FFFFEE;
	14858 : FFFFED;
	14859 : FFFFEC;
	14860 : FFFFEA;
	14861 : FFFFE7;
	14862 : FFFFE5;
	14863 : FFFFE5;
	14864 : FFFFE4;
	14865 : FFFFE4;
	14866 : FFFFE2;
	14867 : FFFFE2;
	14868 : FFFFE2;
	14869 : FFFFE1;
	14870 : FFFFE2;
	14871 : FFFFE4;
	14872 : FFFFE4;
	14873 : FFFFE3;
	14874 : FFFFE5;
	14875 : FFFFE8;
	14876 : FFFFE9;
	14877 : FFFFEC;
	14878 : FFFFEE;
	14879 : FFFFEF;
	14880 : FFFFEF;
	14881 : FFFFF1;
	14882 : FFFFF3;
	14883 : FFFFF7;
	14884 : FFFFFA;
	14885 : FFFFFA;
	14886 : FFFFFD;
	14887 : FFFFFF;
	14888 : 000000;
	14889 : 000000;
	14890 : 000001;
	14891 : 000003;
	14892 : 000006;
	14893 : 00000A;
	14894 : 00000D;
	14895 : 00000F;
	14896 : 000012;
	14897 : 000015;
	14898 : 000018;
	14899 : 00001A;
	14900 : 00001B;
	14901 : 00001C;
	14902 : 00001F;
	14903 : 000020;
	14904 : 000021;
	14905 : 000024;
	14906 : 000023;
	14907 : 000023;
	14908 : 000024;
	14909 : 000024;
	14910 : 000024;
	14911 : 000022;
	14912 : 000020;
	14913 : 00001E;
	14914 : 00001C;
	14915 : 00001A;
	14916 : 000018;
	14917 : 000018;
	14918 : 000019;
	14919 : 00001A;
	14920 : 000019;
	14921 : 000016;
	14922 : 000013;
	14923 : 000010;
	14924 : 00000D;
	14925 : 000008;
	14926 : 000005;
	14927 : 000002;
	14928 : FFFFFE;
	14929 : FFFFFB;
	14930 : FFFFF9;
	14931 : FFFFF5;
	14932 : FFFFF4;
	14933 : FFFFF1;
	14934 : FFFFEE;
	14935 : FFFFEC;
	14936 : FFFFE9;
	14937 : FFFFE6;
	14938 : FFFFE7;
	14939 : FFFFE8;
	14940 : FFFFE6;
	14941 : FFFFE5;
	14942 : FFFFE5;
	14943 : FFFFE6;
	14944 : FFFFE9;
	14945 : FFFFE9;
	14946 : FFFFE9;
	14947 : FFFFEC;
	14948 : FFFFEE;
	14949 : FFFFEE;
	14950 : FFFFEE;
	14951 : FFFFEE;
	14952 : FFFFEC;
	14953 : FFFFEC;
	14954 : FFFFEC;
	14955 : FFFFEC;
	14956 : FFFFEB;
	14957 : FFFFEE;
	14958 : FFFFF0;
	14959 : FFFFF3;
	14960 : FFFFF5;
	14961 : FFFFF7;
	14962 : FFFFF9;
	14963 : FFFFFB;
	14964 : FFFFFD;
	14965 : 000000;
	14966 : 000004;
	14967 : 000005;
	14968 : 000006;
	14969 : 000009;
	14970 : 00000A;
	14971 : 00000C;
	14972 : 000010;
	14973 : 000012;
	14974 : 000013;
	14975 : 000015;
	14976 : 000018;
	14977 : 000018;
	14978 : 000019;
	14979 : 000019;
	14980 : 000019;
	14981 : 00001A;
	14982 : 00001B;
	14983 : 00001B;
	14984 : 00001B;
	14985 : 00001B;
	14986 : 00001B;
	14987 : 00001A;
	14988 : 000018;
	14989 : 000018;
	14990 : 000018;
	14991 : 000018;
	14992 : 000018;
	14993 : 000018;
	14994 : 000017;
	14995 : 000014;
	14996 : 000011;
	14997 : 00000D;
	14998 : 000009;
	14999 : 000007;
	15000 : 000004;
	15001 : 000001;
	15002 : 000000;
	15003 : FFFFFD;
	15004 : FFFFFA;
	15005 : FFFFF9;
	15006 : FFFFF6;
	15007 : FFFFF3;
	15008 : FFFFF2;
	15009 : FFFFF1;
	15010 : FFFFF0;
	15011 : FFFFF1;
	15012 : FFFFF1;
	15013 : FFFFEF;
	15014 : FFFFEE;
	15015 : FFFFEE;
	15016 : FFFFEE;
	15017 : FFFFEF;
	15018 : FFFFEF;
	15019 : FFFFEF;
	15020 : FFFFEF;
	15021 : FFFFF0;
	15022 : FFFFF0;
	15023 : FFFFF0;
	15024 : FFFFF2;
	15025 : FFFFF3;
	15026 : FFFFF3;
	15027 : FFFFF3;
	15028 : FFFFF3;
	15029 : FFFFF4;
	15030 : FFFFF5;
	15031 : FFFFF6;
	15032 : FFFFF8;
	15033 : FFFFFA;
	15034 : FFFFFC;
	15035 : FFFFFF;
	15036 : 000000;
	15037 : 000001;
	15038 : 000002;
	15039 : 000004;
	15040 : 000005;
	15041 : 000006;
	15042 : 000009;
	15043 : 00000C;
	15044 : 00000F;
	15045 : 000010;
	15046 : 000010;
	15047 : 000010;
	15048 : 000012;
	15049 : 000013;
	15050 : 000015;
	15051 : 000016;
	15052 : 000018;
	15053 : 000018;
	15054 : 000018;
	15055 : 000019;
	15056 : 000018;
	15057 : 000018;
	15058 : 000018;
	15059 : 000017;
	15060 : 000016;
	15061 : 000015;
	15062 : 000012;
	15063 : 000012;
	15064 : 000011;
	15065 : 000010;
	15066 : 000010;
	15067 : 00000F;
	15068 : 00000D;
	15069 : 00000D;
	15070 : 00000A;
	15071 : 000007;
	15072 : 000003;
	15073 : 000001;
	15074 : FFFFFF;
	15075 : FFFFFD;
	15076 : FFFFFC;
	15077 : FFFFF9;
	15078 : FFFFF6;
	15079 : FFFFF4;
	15080 : FFFFF2;
	15081 : FFFFF1;
	15082 : FFFFF0;
	15083 : FFFFEF;
	15084 : FFFFEF;
	15085 : FFFFEE;
	15086 : FFFFED;
	15087 : FFFFEC;
	15088 : FFFFED;
	15089 : FFFFEC;
	15090 : FFFFEC;
	15091 : FFFFEC;
	15092 : FFFFEC;
	15093 : FFFFED;
	15094 : FFFFEF;
	15095 : FFFFF0;
	15096 : FFFFF0;
	15097 : FFFFF2;
	15098 : FFFFF3;
	15099 : FFFFF4;
	15100 : FFFFF5;
	15101 : FFFFF5;
	15102 : FFFFF5;
	15103 : FFFFF6;
	15104 : FFFFF7;
	15105 : FFFFF9;
	15106 : FFFFFB;
	15107 : FFFFFC;
	15108 : FFFFFC;
	15109 : FFFFFD;
	15110 : FFFFFE;
	15111 : 000000;
	15112 : 000003;
	15113 : 000006;
	15114 : 000006;
	15115 : 000009;
	15116 : 00000A;
	15117 : 00000C;
	15118 : 00000E;
	15119 : 000010;
	15120 : 000011;
	15121 : 000013;
	15122 : 000015;
	15123 : 000015;
	15124 : 000016;
	15125 : 000017;
	15126 : 000017;
	15127 : 000018;
	15128 : 000019;
	15129 : 000018;
	15130 : 000018;
	15131 : 000018;
	15132 : 000017;
	15133 : 000016;
	15134 : 000016;
	15135 : 000016;
	15136 : 000015;
	15137 : 000014;
	15138 : 000013;
	15139 : 000013;
	15140 : 000013;
	15141 : 000011;
	15142 : 000011;
	15143 : 000010;
	15144 : 00000D;
	15145 : 00000A;
	15146 : 000008;
	15147 : 000005;
	15148 : 000002;
	15149 : 000000;
	15150 : FFFFFD;
	15151 : FFFFFB;
	15152 : FFFFFA;
	15153 : FFFFF8;
	15154 : FFFFF5;
	15155 : FFFFF4;
	15156 : FFFFF3;
	15157 : FFFFF1;
	15158 : FFFFEF;
	15159 : FFFFEF;
	15160 : FFFFEE;
	15161 : FFFFEE;
	15162 : FFFFEF;
	15163 : FFFFF0;
	15164 : FFFFF0;
	15165 : FFFFF1;
	15166 : FFFFF1;
	15167 : FFFFF3;
	15168 : FFFFF2;
	15169 : FFFFF2;
	15170 : FFFFF3;
	15171 : FFFFF3;
	15172 : FFFFF1;
	15173 : FFFFF2;
	15174 : FFFFF2;
	15175 : FFFFF2;
	15176 : FFFFF2;
	15177 : FFFFF2;
	15178 : FFFFF2;
	15179 : FFFFF4;
	15180 : FFFFF5;
	15181 : FFFFF7;
	15182 : FFFFF8;
	15183 : FFFFF9;
	15184 : FFFFFA;
	15185 : FFFFFC;
	15186 : FFFFFF;
	15187 : 000000;
	15188 : 000001;
	15189 : 000004;
	15190 : 000005;
	15191 : 000006;
	15192 : 000008;
	15193 : 000009;
	15194 : 00000A;
	15195 : 00000D;
	15196 : 00000F;
	15197 : 000010;
	15198 : 000011;
	15199 : 000011;
	15200 : 000012;
	15201 : 000012;
	15202 : 000013;
	15203 : 000013;
	15204 : 000012;
	15205 : 000012;
	15206 : 000012;
	15207 : 000012;
	15208 : 000012;
	15209 : 000012;
	15210 : 000011;
	15211 : 000011;
	15212 : 000011;
	15213 : 000011;
	15214 : 000011;
	15215 : 000010;
	15216 : 00000F;
	15217 : 00000D;
	15218 : 00000A;
	15219 : 000008;
	15220 : 000006;
	15221 : 000004;
	15222 : 000002;
	15223 : 000000;
	15224 : FFFFFE;
	15225 : FFFFFE;
	15226 : FFFFFD;
	15227 : FFFFFB;
	15228 : FFFFFA;
	15229 : FFFFF9;
	15230 : FFFFF8;
	15231 : FFFFF8;
	15232 : FFFFF8;
	15233 : FFFFF6;
	15234 : FFFFF6;
	15235 : FFFFF5;
	15236 : FFFFF4;
	15237 : FFFFF4;
	15238 : FFFFF4;
	15239 : FFFFF3;
	15240 : FFFFF4;
	15241 : FFFFF4;
	15242 : FFFFF5;
	15243 : FFFFF5;
	15244 : FFFFF5;
	15245 : FFFFF5;
	15246 : FFFFF6;
	15247 : FFFFF7;
	15248 : FFFFF8;
	15249 : FFFFF8;
	15250 : FFFFF8;
	15251 : FFFFF7;
	15252 : FFFFF8;
	15253 : FFFFF9;
	15254 : FFFFFA;
	15255 : FFFFFB;
	15256 : FFFFFC;
	15257 : FFFFFD;
	15258 : FFFFFF;
	15259 : 000000;
	15260 : 000000;
	15261 : 000001;
	15262 : 000002;
	15263 : 000004;
	15264 : 000006;
	15265 : 000007;
	15266 : 000008;
	15267 : 000009;
	15268 : 00000A;
	15269 : 00000B;
	15270 : 00000C;
	15271 : 00000E;
	15272 : 00000F;
	15273 : 000010;
	15274 : 000011;
	15275 : 000012;
	15276 : 000012;
	15277 : 000012;
	15278 : 000011;
	15279 : 000010;
	15280 : 000010;
	15281 : 00000F;
	15282 : 00000E;
	15283 : 00000D;
	15284 : 00000C;
	15285 : 00000B;
	15286 : 00000B;
	15287 : 00000B;
	15288 : 00000A;
	15289 : 000009;
	15290 : 000007;
	15291 : 000006;
	15292 : 000005;
	15293 : 000004;
	15294 : 000002;
	15295 : 000000;
	15296 : FFFFFF;
	15297 : FFFFFE;
	15298 : FFFFFD;
	15299 : FFFFFC;
	15300 : FFFFFA;
	15301 : FFFFF9;
	15302 : FFFFF8;
	15303 : FFFFF7;
	15304 : FFFFF6;
	15305 : FFFFF6;
	15306 : FFFFF5;
	15307 : FFFFF4;
	15308 : FFFFF4;
	15309 : FFFFF4;
	15310 : FFFFF3;
	15311 : FFFFF3;
	15312 : FFFFF3;
	15313 : FFFFF3;
	15314 : FFFFF3;
	15315 : FFFFF4;
	15316 : FFFFF5;
	15317 : FFFFF5;
	15318 : FFFFF6;
	15319 : FFFFF7;
	15320 : FFFFF8;
	15321 : FFFFF8;
	15322 : FFFFF9;
	15323 : FFFFFA;
	15324 : FFFFFA;
	15325 : FFFFFA;
	15326 : FFFFFA;
	15327 : FFFFFA;
	15328 : FFFFFA;
	15329 : FFFFFC;
	15330 : FFFFFC;
	15331 : FFFFFE;
	15332 : 000000;
	15333 : 000000;
	15334 : 000001;
	15335 : 000004;
	15336 : 000005;
	15337 : 000006;
	15338 : 000007;
	15339 : 000008;
	15340 : 00000A;
	15341 : 00000B;
	15342 : 00000C;
	15343 : 00000D;
	15344 : 00000E;
	15345 : 00000F;
	15346 : 000010;
	15347 : 000010;
	15348 : 000010;
	15349 : 000010;
	15350 : 000010;
	15351 : 000010;
	15352 : 000011;
	15353 : 000010;
	15354 : 00000F;
	15355 : 00000E;
	15356 : 00000E;
	15357 : 00000E;
	15358 : 00000E;
	15359 : 00000D;
	15360 : 00000D;
	15361 : 00000B;
	15362 : 00000B;
	15363 : 00000B;
	15364 : 000009;
	15365 : 000009;
	15366 : 000007;
	15367 : 000006;
	15368 : 000005;
	15369 : 000003;
	15370 : 000000;
	15371 : FFFFFF;
	15372 : FFFFFE;
	15373 : FFFFFD;
	15374 : FFFFFC;
	15375 : FFFFFA;
	15376 : FFFFF9;
	15377 : FFFFF8;
	15378 : FFFFF7;
	15379 : FFFFF6;
	15380 : FFFFF5;
	15381 : FFFFF5;
	15382 : FFFFF5;
	15383 : FFFFF6;
	15384 : FFFFF6;
	15385 : FFFFF6;
	15386 : FFFFF5;
	15387 : FFFFF5;
	15388 : FFFFF5;
	15389 : FFFFF5;
	15390 : FFFFF5;
	15391 : FFFFF5;
	15392 : FFFFF5;
	15393 : FFFFF5;
	15394 : FFFFF5;
	15395 : FFFFF6;
	15396 : FFFFF6;
	15397 : FFFFF6;
	15398 : FFFFF5;
	15399 : FFFFF5;
	15400 : FFFFF6;
	15401 : FFFFF8;
	15402 : FFFFFA;
	15403 : FFFFFA;
	15404 : FFFFFB;
	15405 : FFFFFC;
	15406 : FFFFFD;
	15407 : FFFFFE;
	15408 : 000000;
	15409 : 000000;
	15410 : 000001;
	15411 : 000002;
	15412 : 000003;
	15413 : 000004;
	15414 : 000006;
	15415 : 000007;
	15416 : 000008;
	15417 : 000009;
	15418 : 00000A;
	15419 : 00000A;
	15420 : 00000C;
	15421 : 00000D;
	15422 : 00000D;
	15423 : 00000E;
	15424 : 00000F;
	15425 : 00000D;
	15426 : 00000D;
	15427 : 00000E;
	15428 : 00000D;
	15429 : 00000D;
	15430 : 00000C;
	15431 : 00000C;
	15432 : 00000C;
	15433 : 00000B;
	15434 : 00000B;
	15435 : 00000A;
	15436 : 000009;
	15437 : 000008;
	15438 : 000008;
	15439 : 000008;
	15440 : 000007;
	15441 : 000005;
	15442 : 000004;
	15443 : 000002;
	15444 : 000002;
	15445 : 000001;
	15446 : 000000;
	15447 : 000000;
	15448 : FFFFFF;
	15449 : FFFFFE;
	15450 : FFFFFD;
	15451 : FFFFFC;
	15452 : FFFFFC;
	15453 : FFFFFB;
	15454 : FFFFFA;
	15455 : FFFFF9;
	15456 : FFFFF9;
	15457 : FFFFF8;
	15458 : FFFFF8;
	15459 : FFFFF8;
	15460 : FFFFF8;
	15461 : FFFFF8;
	15462 : FFFFF8;
	15463 : FFFFF9;
	15464 : FFFFF9;
	15465 : FFFFF8;
	15466 : FFFFF9;
	15467 : FFFFF9;
	15468 : FFFFF9;
	15469 : FFFFFA;
	15470 : FFFFFA;
	15471 : FFFFFA;
	15472 : FFFFFA;
	15473 : FFFFFA;
	15474 : FFFFFA;
	15475 : FFFFFB;
	15476 : FFFFFB;
	15477 : FFFFFC;
	15478 : FFFFFD;
	15479 : FFFFFE;
	15480 : FFFFFF;
	15481 : 000000;
	15482 : 000000;
	15483 : 000000;
	15484 : 000001;
	15485 : 000002;
	15486 : 000003;
	15487 : 000005;
	15488 : 000006;
	15489 : 000006;
	15490 : 000007;
	15491 : 000008;
	15492 : 000009;
	15493 : 00000A;
	15494 : 00000B;
	15495 : 00000B;
	15496 : 00000B;
	15497 : 00000B;
	15498 : 00000A;
	15499 : 00000A;
	15500 : 00000A;
	15501 : 000009;
	15502 : 000009;
	15503 : 000009;
	15504 : 000008;
	15505 : 000008;
	15506 : 000007;
	15507 : 000006;
	15508 : 000006;
	15509 : 000005;
	15510 : 000005;
	15511 : 000005;
	15512 : 000005;
	15513 : 000004;
	15514 : 000003;
	15515 : 000003;
	15516 : 000002;
	15517 : 000001;
	15518 : 000000;
	15519 : FFFFFF;
	15520 : FFFFFE;
	15521 : FFFFFE;
	15522 : FFFFFC;
	15523 : FFFFFB;
	15524 : FFFFFB;
	15525 : FFFFFB;
	15526 : FFFFFA;
	15527 : FFFFFA;
	15528 : FFFFF9;
	15529 : FFFFF9;
	15530 : FFFFF9;
	15531 : FFFFF9;
	15532 : FFFFF8;
	15533 : FFFFF8;
	15534 : FFFFF8;
	15535 : FFFFF8;
	15536 : FFFFF9;
	15537 : FFFFF9;
	15538 : FFFFF9;
	15539 : FFFFF9;
	15540 : FFFFFA;
	15541 : FFFFFA;
	15542 : FFFFFB;
	15543 : FFFFFB;
	15544 : FFFFFA;
	15545 : FFFFFA;
	15546 : FFFFFB;
	15547 : FFFFFB;
	15548 : FFFFFB;
	15549 : FFFFFB;
	15550 : FFFFFC;
	15551 : FFFFFD;
	15552 : FFFFFE;
	15553 : FFFFFF;
	15554 : 000000;
	15555 : 000001;
	15556 : 000002;
	15557 : 000002;
	15558 : 000003;
	15559 : 000004;
	15560 : 000004;
	15561 : 000005;
	15562 : 000006;
	15563 : 000008;
	15564 : 000009;
	15565 : 000009;
	15566 : 000009;
	15567 : 00000B;
	15568 : 00000B;
	15569 : 00000B;
	15570 : 00000B;
	15571 : 00000B;
	15572 : 00000B;
	15573 : 00000B;
	15574 : 00000A;
	15575 : 00000A;
	15576 : 00000A;
	15577 : 00000A;
	15578 : 00000A;
	15579 : 000009;
	15580 : 000008;
	15581 : 000008;
	15582 : 000008;
	15583 : 000007;
	15584 : 000007;
	15585 : 000007;
	15586 : 000006;
	15587 : 000006;
	15588 : 000005;
	15589 : 000003;
	15590 : 000002;
	15591 : 000001;
	15592 : 000000;
	15593 : FFFFFF;
	15594 : FFFFFF;
	15595 : FFFFFF;
	15596 : FFFFFD;
	15597 : FFFFFC;
	15598 : FFFFFB;
	15599 : FFFFFB;
	15600 : FFFFFB;
	15601 : FFFFFB;
	15602 : FFFFFB;
	15603 : FFFFFB;
	15604 : FFFFFB;
	15605 : FFFFF9;
	15606 : FFFFF9;
	15607 : FFFFF9;
	15608 : FFFFF9;
	15609 : FFFFF9;
	15610 : FFFFF9;
	15611 : FFFFF9;
	15612 : FFFFF9;
	15613 : FFFFF9;
	15614 : FFFFF9;
	15615 : FFFFFA;
	15616 : FFFFFA;
	15617 : FFFFF9;
	15618 : FFFFFA;
	15619 : FFFFFA;
	15620 : FFFFFA;
	15621 : FFFFFA;
	15622 : FFFFFA;
	15623 : FFFFFA;
	15624 : FFFFFC;
	15625 : FFFFFC;
	15626 : FFFFFD;
	15627 : FFFFFE;
	15628 : FFFFFE;
	15629 : FFFFFF;
	15630 : 000000;
	15631 : 000000;
	15632 : 000001;
	15633 : 000001;
	15634 : 000003;
	15635 : 000004;
	15636 : 000004;
	15637 : 000004;
	15638 : 000005;
	15639 : 000006;
	15640 : 000007;
	15641 : 000007;
	15642 : 000007;
	15643 : 000009;
	15644 : 000009;
	15645 : 000008;
	15646 : 000008;
	15647 : 000008;
	15648 : 000008;
	15649 : 000008;
	15650 : 000009;
	15651 : 000008;
	15652 : 000008;
	15653 : 000007;
	15654 : 000007;
	15655 : 000006;
	15656 : 000006;
	15657 : 000006;
	15658 : 000006;
	15659 : 000005;
	15660 : 000005;
	15661 : 000005;
	15662 : 000004;
	15663 : 000004;
	15664 : 000003;
	15665 : 000002;
	15666 : 000001;
	15667 : 000001;
	15668 : 000001;
	15669 : 000000;
	15670 : 000000;
	15671 : 000000;
	15672 : FFFFFE;
	15673 : FFFFFD;
	15674 : FFFFFD;
	15675 : FFFFFD;
	15676 : FFFFFC;
	15677 : FFFFFC;
	15678 : FFFFFC;
	15679 : FFFFFB;
	15680 : FFFFFB;
	15681 : FFFFFB;
	15682 : FFFFFB;
	15683 : FFFFFB;
	15684 : FFFFFB;
	15685 : FFFFFB;
	15686 : FFFFFB;
	15687 : FFFFFB;
	15688 : FFFFFB;
	15689 : FFFFFB;
	15690 : FFFFFC;
	15691 : FFFFFC;
	15692 : FFFFFC;
	15693 : FFFFFC;
	15694 : FFFFFC;
	15695 : FFFFFC;
	15696 : FFFFFC;
	15697 : FFFFFD;
	15698 : FFFFFE;
	15699 : FFFFFE;
	15700 : FFFFFF;
	15701 : FFFFFF;
	15702 : FFFFFF;
	15703 : 000000;
	15704 : 000000;
	15705 : 000000;
	15706 : 000001;
	15707 : 000001;
	15708 : 000002;
	15709 : 000003;
	15710 : 000004;
	15711 : 000005;
	15712 : 000005;
	15713 : 000006;
	15714 : 000007;
	15715 : 000007;
	15716 : 000006;
	15717 : 000006;
	15718 : 000006;
	15719 : 000006;
	15720 : 000006;
	15721 : 000006;
	15722 : 000006;
	15723 : 000005;
	15724 : 000005;
	15725 : 000005;
	15726 : 000004;
	15727 : 000004;
	15728 : 000004;
	15729 : 000004;
	15730 : 000004;
	15731 : 000003;
	15732 : 000003;
	15733 : 000003;
	15734 : 000003;
	15735 : 000003;
	15736 : 000002;
	15737 : 000001;
	15738 : 000001;
	15739 : 000000;
	15740 : 000000;
	15741 : 000000;
	15742 : 000000;
	15743 : FFFFFF;
	15744 : FFFFFE;
	15745 : FFFFFD;
	15746 : FFFFFD;
	15747 : FFFFFD;
	15748 : FFFFFC;
	15749 : FFFFFD;
	15750 : FFFFFD;
	15751 : FFFFFC;
	15752 : FFFFFC;
	15753 : FFFFFC;
	15754 : FFFFFC;
	15755 : FFFFFC;
	15756 : FFFFFC;
	15757 : FFFFFC;
	15758 : FFFFFC;
	15759 : FFFFFC;
	15760 : FFFFFC;
	15761 : FFFFFC;
	15762 : FFFFFC;
	15763 : FFFFFD;
	15764 : FFFFFD;
	15765 : FFFFFD;
	15766 : FFFFFD;
	15767 : FFFFFD;
	15768 : FFFFFD;
	15769 : FFFFFD;
	15770 : FFFFFD;
	15771 : FFFFFE;
	15772 : FFFFFE;
	15773 : FFFFFF;
	15774 : FFFFFF;
	15775 : 000000;
	15776 : 000000;
	15777 : 000001;
	15778 : 000001;
	15779 : 000001;
	15780 : 000002;
	15781 : 000003;
	15782 : 000003;
	15783 : 000003;
	15784 : 000004;
	15785 : 000004;
	15786 : 000005;
	15787 : 000005;
	15788 : 000006;
	15789 : 000006;
	15790 : 000006;
	15791 : 000006;
	15792 : 000006;
	15793 : 000006;
	15794 : 000006;
	15795 : 000006;
	15796 : 000006;
	15797 : 000006;
	15798 : 000005;
	15799 : 000005;
	15800 : 000005;
	15801 : 000005;
	15802 : 000004;
	15803 : 000004;
	15804 : 000004;
	15805 : 000004;
	15806 : 000004;
	15807 : 000004;
	15808 : 000004;
	15809 : 000003;
	15810 : 000003;
	15811 : 000002;
	15812 : 000001;
	15813 : 000000;
	15814 : 000000;
	15815 : 000000;
	15816 : 000000;
	15817 : FFFFFF;
	15818 : FFFFFF;
	15819 : FFFFFE;
	15820 : FFFFFE;
	15821 : FFFFFE;
	15822 : FFFFFE;
	15823 : FFFFFD;
	15824 : FFFFFD;
	15825 : FFFFFD;
	15826 : FFFFFD;
	15827 : FFFFFC;
	15828 : FFFFFC;
	15829 : FFFFFC;
	15830 : FFFFFC;
	15831 : FFFFFC;
	15832 : FFFFFC;
	15833 : FFFFFC;
	15834 : FFFFFB;
	15835 : FFFFFC;
	15836 : FFFFFC;
	15837 : FFFFFC;
	15838 : FFFFFC;
	15839 : FFFFFC;
	15840 : FFFFFC;
	15841 : FFFFFC;
	15842 : FFFFFC;
	15843 : FFFFFC;
	15844 : FFFFFD;
	15845 : FFFFFD;
	15846 : FFFFFE;
	15847 : FFFFFE;
	15848 : FFFFFE;
	15849 : FFFFFF;
	15850 : 000000;
	15851 : 000000;
	15852 : 000000;
	15853 : 000000;
	15854 : 000001;
	15855 : 000001;
	15856 : 000001;
	15857 : 000002;
	15858 : 000003;
	15859 : 000003;
	15860 : 000004;
	15861 : 000004;
	15862 : 000004;
	15863 : 000005;
	15864 : 000005;
	15865 : 000005;
	15866 : 000005;
	15867 : 000005;
	15868 : 000005;
	15869 : 000005;
	15870 : 000005;
	15871 : 000005;
	15872 : 000005;
	15873 : 000004;
	15874 : 000004;
	15875 : 000004;
	15876 : 000004;
	15877 : 000004;
	15878 : 000004;
	15879 : 000003;
	15880 : 000003;
	15881 : 000003;
	15882 : 000003;
	15883 : 000003;
	15884 : 000003;
	15885 : 000002;
	15886 : 000002;
	15887 : 000001;
	15888 : 000000;
	15889 : 000000;
	15890 : 000000;
	15891 : 000000;
	15892 : 000000;
	15893 : 000000;
	15894 : FFFFFF;
	15895 : FFFFFF;
	15896 : FFFFFF;
	15897 : FFFFFF;
	15898 : FFFFFE;
	15899 : FFFFFE;
	15900 : FFFFFD;
	15901 : FFFFFE;
	15902 : FFFFFE;
	15903 : FFFFFE;
	15904 : FFFFFD;
	15905 : FFFFFD;
	15906 : FFFFFD;
	15907 : FFFFFD;
	15908 : FFFFFE;
	15909 : FFFFFE;
	15910 : FFFFFD;
	15911 : FFFFFD;
	15912 : FFFFFE;
	15913 : FFFFFE;
	15914 : FFFFFE;
	15915 : FFFFFE;
	15916 : FFFFFE;
	15917 : FFFFFE;
	15918 : FFFFFE;
	15919 : FFFFFE;
	15920 : FFFFFE;
	15921 : FFFFFF;
	15922 : FFFFFF;
	15923 : FFFFFF;
	15924 : FFFFFF;
	15925 : 000000;
	15926 : 000000;
	15927 : 000000;
	15928 : 000001;
	15929 : 000001;
	15930 : 000001;
	15931 : 000002;
	15932 : 000002;
	15933 : 000003;
	15934 : 000003;
	15935 : 000003;
	15936 : 000003;
	15937 : 000003;
	15938 : 000003;
	15939 : 000003;
	15940 : 000003;
	15941 : 000003;
	15942 : 000003;
	15943 : 000003;
	15944 : 000003;
	15945 : 000003;
	15946 : 000003;
	15947 : 000003;
	15948 : 000002;
	15949 : 000002;
	15950 : 000002;
	15951 : 000002;
	15952 : 000002;
	15953 : 000002;
	15954 : 000002;
	15955 : 000002;
	15956 : 000002;
	15957 : 000002;
	15958 : 000001;
	15959 : 000001;
	15960 : 000000;
	15961 : 000000;
	15962 : 000000;
	15963 : 000000;
	15964 : 000000;
	15965 : 000000;
	15966 : 000000;
	15967 : FFFFFF;
	15968 : FFFFFF;
	15969 : FFFFFF;
	15970 : FFFFFF;
	15971 : FFFFFE;
	15972 : FFFFFE;
	15973 : FFFFFE;
	15974 : FFFFFE;
	15975 : FFFFFE;
	15976 : FFFFFE;
	15977 : FFFFFE;
	15978 : FFFFFE;
	15979 : FFFFFE;
	15980 : FFFFFE;
	15981 : FFFFFE;
	15982 : FFFFFE;
	15983 : FFFFFE;
	15984 : FFFFFE;
	15985 : FFFFFE;
	15986 : FFFFFE;
	15987 : FFFFFE;
	15988 : FFFFFE;
	15989 : FFFFFE;
	15990 : FFFFFE;
	15991 : FFFFFE;
	15992 : FFFFFF;
	15993 : FFFFFF;
	15994 : FFFFFF;
	15995 : FFFFFF;
	15996 : 000000;
	15997 : 000000;
	15998 : 000000;
	15999 : 000001;
	16000 : 000001;
	16001 : 000001;
	16002 : 000001;
	16003 : 000001;
	16004 : 000002;
	16005 : 000002;
	16006 : 000002;
	16007 : 000003;
	16008 : 000003;
	16009 : 000003;
	16010 : 000003;
	16011 : 000003;
	16012 : 000003;
	16013 : 000003;
	16014 : 000003;
	16015 : 000003;
	16016 : 000003;
	16017 : 000003;
	16018 : 000003;
	16019 : 000003;
	16020 : 000003;
	16021 : 000003;
	16022 : 000002;
	16023 : 000002;
	16024 : 000002;
	16025 : 000002;
	16026 : 000002;
	16027 : 000002;
	16028 : 000002;
	16029 : 000001;
	16030 : 000001;
	16031 : 000001;
	16032 : 000001;
	16033 : 000001;
	16034 : 000000;
	16035 : 000000;
	16036 : 000000;
	16037 : 000000;
	16038 : 000000;
	16039 : 000000;
	16040 : 000000;
	16041 : FFFFFF;
	16042 : FFFFFF;
	16043 : FFFFFF;
	16044 : FFFFFF;
	16045 : FFFFFF;
	16046 : FFFFFE;
	16047 : FFFFFE;
	16048 : FFFFFE;
	16049 : FFFFFE;
	16050 : FFFFFE;
	16051 : FFFFFE;
	16052 : FFFFFE;
	16053 : FFFFFE;
	16054 : FFFFFE;
	16055 : FFFFFE;
	16056 : FFFFFE;
	16057 : FFFFFE;
	16058 : FFFFFE;
	16059 : FFFFFE;
	16060 : FFFFFE;
	16061 : FFFFFE;
	16062 : FFFFFE;
	16063 : FFFFFE;
	16064 : FFFFFE;
	16065 : FFFFFE;
	16066 : FFFFFE;
	16067 : FFFFFF;
	16068 : FFFFFF;
	16069 : FFFFFF;
	16070 : FFFFFF;
	16071 : 000000;
	16072 : 000000;
	16073 : 000000;
	16074 : 000000;
	16075 : 000000;
	16076 : 000000;
	16077 : 000001;
	16078 : 000001;
	16079 : 000001;
	16080 : 000001;
	16081 : 000001;
	16082 : 000002;
	16083 : 000002;
	16084 : 000002;
	16085 : 000002;
	16086 : 000002;
	16087 : 000002;
	16088 : 000002;
	16089 : 000003;
	16090 : 000002;
	16091 : 000002;
	16092 : 000002;
	16093 : 000002;
	16094 : 000002;
	16095 : 000002;
	16096 : 000002;
	16097 : 000002;
	16098 : 000002;
	16099 : 000002;
	16100 : 000002;
	16101 : 000002;
	16102 : 000002;
	16103 : 000002;
	16104 : 000002;
	16105 : 000002;
	16106 : 000001;
	16107 : 000001;
	16108 : 000001;
	16109 : 000001;
	16110 : 000000;
	16111 : 000000;
	16112 : 000000;
	16113 : 000000;
	16114 : 000000;
	16115 : 000000;
	16116 : 000000;
	16117 : FFFFFF;
	16118 : FFFFFF;
	16119 : FFFFFF;
	16120 : FFFFFF;
	16121 : FFFFFF;
	16122 : FFFFFF;
	16123 : FFFFFF;
	16124 : FFFFFF;
	16125 : FFFFFF;
	16126 : FFFFFF;
	16127 : FFFFFF;
	16128 : FFFFFF;
	16129 : FFFFFF;
	16130 : FFFFFF;
	16131 : FFFFFF;
	16132 : FFFFFF;
	16133 : FFFFFF;
	16134 : FFFFFF;
	16135 : FFFFFF;
	16136 : FFFFFF;
	16137 : FFFFFF;
	16138 : FFFFFF;
	16139 : FFFFFF;
	16140 : FFFFFF;
	16141 : FFFFFF;
	16142 : FFFFFF;
	16143 : FFFFFF;
	16144 : FFFFFF;
	16145 : 000000;
	16146 : 000000;
	16147 : 000000;
	16148 : 000000;
	16149 : 000000;
	16150 : 000000;
	16151 : 000001;
	16152 : 000001;
	16153 : 000001;
	16154 : 000001;
	16155 : 000001;
	16156 : 000001;
	16157 : 000001;
	16158 : 000001;
	16159 : 000001;
	16160 : 000001;
	16161 : 000001;
	16162 : 000001;
	16163 : 000001;
	16164 : 000001;
	16165 : 000001;
	16166 : 000001;
	16167 : 000001;
	16168 : 000001;
	16169 : 000001;
	16170 : 000001;
	16171 : 000001;
	16172 : 000001;
	16173 : 000001;
	16174 : 000001;
	16175 : 000001;
	16176 : 000001;
	16177 : 000001;
	16178 : 000001;
	16179 : 000001;
	16180 : 000000;
	16181 : 000000;
	16182 : 000000;
	16183 : 000000;
	16184 : 000000;
	16185 : 000000;
	16186 : 000000;
	16187 : 000000;
	16188 : 000000;
	16189 : 000000;
	16190 : 000000;
	16191 : 000000;
	16192 : 000000;
	16193 : FFFFFF;
	16194 : FFFFFF;
	16195 : FFFFFF;
	16196 : FFFFFF;
	16197 : FFFFFF;
	16198 : FFFFFF;
	16199 : FFFFFF;
	16200 : FFFFFF;
	16201 : FFFFFF;
	16202 : FFFFFF;
	16203 : FFFFFF;
	16204 : FFFFFF;
	16205 : FFFFFF;
	16206 : FFFFFF;
	16207 : FFFFFF;
	16208 : FFFFFF;
	16209 : FFFFFF;
	16210 : FFFFFF;
	16211 : FFFFFF;
	16212 : FFFFFF;
	16213 : FFFFFF;
	16214 : 000000;
	16215 : 000000;
	16216 : 000000;
	16217 : 000000;
	16218 : 000000;
	16219 : 000000;
	16220 : 000000;
	16221 : 000000;
	16222 : 000000;
	16223 : 000000;
	16224 : 000000;
	16225 : 000000;
	16226 : 000001;
	16227 : 000001;
	16228 : 000001;
	16229 : 000001;
	16230 : 000001;
	16231 : 000001;
	16232 : 000001;
	16233 : 000001;
	16234 : 000001;
	16235 : 000001;
	16236 : 000001;
	16237 : 000001;
	16238 : 000001;
	16239 : 000001;
	16240 : 000001;
	16241 : 000001;
	16242 : 000001;
	16243 : 000001;
	16244 : 000001;
	16245 : 000001;
	16246 : 000001;
	16247 : 000001;
	16248 : 000001;
	16249 : 000001;
	16250 : 000001;
	16251 : 000001;
	16252 : 000001;
	16253 : 000000;
	16254 : 000000;
	16255 : 000000;
	16256 : 000000;
	16257 : 000000;
	16258 : 000000;
	16259 : 000000;
	16260 : 000000;
	16261 : 000000;
	16262 : 000000;
	16263 : 000000;
	16264 : 000000;
	16265 : 000000;
	16266 : 000000;
	16267 : FFFFFF;
	16268 : FFFFFF;
	16269 : FFFFFF;
	16270 : FFFFFF;
	16271 : FFFFFF;
	16272 : FFFFFF;
	16273 : FFFFFF;
	16274 : FFFFFF;
	16275 : FFFFFF;
	16276 : FFFFFF;
	16277 : FFFFFF;
	16278 : FFFFFF;
	16279 : FFFFFF;
	16280 : FFFFFF;
	16281 : FFFFFF;
	16282 : FFFFFF;
	16283 : FFFFFF;
	16284 : FFFFFF;
	16285 : FFFFFF;
	16286 : FFFFFF;
	16287 : FFFFFF;
	16288 : FFFFFF;
	16289 : 000000;
	16290 : 000000;
	16291 : 000000;
	16292 : 000000;
	16293 : 000000;
	16294 : 000000;
	16295 : 000000;
	16296 : 000000;
	16297 : 000000;
	16298 : 000000;
	16299 : 000000;
	16300 : 000000;
	16301 : 000000;
	16302 : 000000;
	16303 : 000001;
	16304 : 000001;
	16305 : 000001;
	16306 : 000001;
	16307 : 000001;
	16308 : 000001;
	16309 : 000001;
	16310 : 000001;
	16311 : 000001;
	16312 : 000001;
	16313 : 000001;
	16314 : 000001;
	16315 : 000001;
	16316 : 000001;
	16317 : 000001;
	16318 : 000001;
	16319 : 000001;
	16320 : 000001;
	16321 : 000000;
	16322 : 000000;
	16323 : 000000;
	16324 : 000001;
	16325 : 000001;
	16326 : 000001;
	16327 : 000000;
	16328 : 000000;
	16329 : 000000;
	16330 : 000000;
	16331 : 000000;
	16332 : 000000;
	16333 : 000000;
	16334 : 000000;
	16335 : 000000;
	16336 : 000000;
	16337 : 000000;
	16338 : 000000;
	16339 : 000000;
	16340 : 000000;
	16341 : 000000;
	16342 : 000000;
	16343 : 000000;
	16344 : 000000;
	16345 : 000000;
	16346 : 000000;
	16347 : 000000;
	16348 : 000000;
	16349 : 000000;
	16350 : 000000;
	16351 : 000000;
	16352 : 000000;
	16353 : 000000;
	16354 : 000000;
	16355 : 000000;
	16356 : 000000;
	16357 : 000000;
	16358 : 000000;
	16359 : 000000;
	16360 : 000000;
	16361 : 000000;
	16362 : 000000;
	16363 : 000000;
	16364 : 000000;
	16365 : 000000;
	16366 : 000000;
	16367 : 000000;
	16368 : 000000;
	16369 : 000000;
	16370 : 000000;
	16371 : 000000;
	16372 : 000000;
	16373 : 000000;
	16374 : 000000;
	16375 : 000000;
	16376 : 000000;
	16377 : 000000;
	16378 : 000000;
	16379 : 000000;
	16380 : 000000;
	16381 : 000000;
	16382 : 000000;
	16383 : 000000;
	16384 : 000000;
	16385 : 000000;
	16386 : 000000;
	16387 : 000000;
	16388 : 000000;
	16389 : 000000;
	16390 : 000000;
	16391 : 000000;
	16392 : 000000;
	16393 : 000000;
	16394 : 000000;
	16395 : 000000;
	16396 : 000000;
	16397 : 000000;
	16398 : 000000;
	16399 : 000000;
	16400 : 000000;
	16401 : 000000;
	16402 : 000000;
	16403 : 000000;
	16404 : 000000;
	16405 : 000000;
	16406 : 000000;
	16407 : 000000;
	16408 : 000000;
	16409 : 000000;
	16410 : 000000;
	16411 : 000000;
	16412 : 000000;
	16413 : 000000;
	16414 : 000000;
	16415 : 000000;
	16416 : 000000;
	16417 : 000000;
	16418 : 000000;
	16419 : 000000;
	16420 : 000000;
	16421 : 000000;
	16422 : 000000;
	16423 : 000000;
	16424 : 000000;
	16425 : 000000;
	16426 : 000000;
	16427 : 000000;
	16428 : 000000;
	16429 : 000000;
	16430 : 000000;
	16431 : 000000;
	16432 : 000000;
	16433 : 000000;
	16434 : 000000;
	16435 : 000000;
	16436 : 000000;
	16437 : 000000;
	16438 : 000000;
	16439 : 000000;
	16440 : 000000;
	16441 : 000000;
	16442 : 000000;
	16443 : 000000;
	16444 : 000000;
	16445 : 000000;
	16446 : 000000;
	16447 : 000000;
	16448 : 000000;
	16449 : 000000;
	16450 : 000000;
	16451 : 000000;
	16452 : 000000;
	16453 : 000000;
	16454 : 000000;
	16455 : 000000;
	16456 : 000000;
	16457 : 000000;
	16458 : 000000;
	16459 : 000000;
	16460 : 000000;
	16461 : 000000;
	16462 : 000000;
	16463 : 000000;
	16464 : 000000;
	16465 : 000000;
	16466 : 000000;
	16467 : 000000;
	16468 : 000000;
	16469 : 000000;
	16470 : 000000;
	16471 : 000000;
	16472 : 000000;
	16473 : 000000;
	16474 : 000000;
	16475 : 000000;
	16476 : 000000;
	16477 : 000000;
	16478 : 000000;
	16479 : 000000;
	16480 : 000000;
	16481 : 000000;
	16482 : 000000;
	16483 : 000000;
	16484 : 000000;
	16485 : 000000;
	16486 : 000000;
	16487 : 000000;
	16488 : 000000;
	16489 : 000000;
	16490 : 000000;
	16491 : 000000;
	16492 : 000000;
	16493 : 000000;
	16494 : 000000;
	16495 : 000000;
	16496 : 000000;
	16497 : 000000;
	16498 : 000000;
	16499 : 000000;
	16500 : 000000;
	16501 : 000000;
	16502 : 000000;
	16503 : 000000;
	16504 : 000000;
	16505 : 000000;
	16506 : 000000;
	16507 : 000000;
	16508 : 000000;
	16509 : 000000;
	16510 : 000000;
	16511 : 000000;
	16512 : 000000;
	16513 : 000000;
	16514 : 000000;
	16515 : 000000;
	16516 : 000000;
	16517 : 000000;
	16518 : 000000;
	16519 : 000000;
	16520 : 000000;
	16521 : 000000;
	16522 : 000000;
	16523 : 000000;
	16524 : 000000;
	16525 : 000000;
	16526 : 000000;
	16527 : 000000;
	16528 : 000000;
	16529 : 000000;
	16530 : 000000;
	16531 : 000000;
	16532 : 000000;
	16533 : 000000;
	16534 : 000000;
	16535 : 000000;
	16536 : 000000;
	16537 : 000000;
	16538 : 000000;
	16539 : 000000;
	16540 : 000000;
	16541 : 000000;
	16542 : 000000;
	16543 : 000000;
	16544 : 000000;
	16545 : 000000;
	16546 : 000000;
	16547 : 000000;
	16548 : 000000;
	16549 : 000000;
	16550 : 000000;
	16551 : 000000;
	16552 : 000000;
	16553 : 000000;
	16554 : 000000;
	16555 : 000000;
	16556 : 000000;
	16557 : 000000;
	16558 : 000000;
	16559 : 000000;
	16560 : 000000;
	16561 : 000000;
	16562 : 000000;
	16563 : 000000;
	16564 : 000000;
	16565 : 000000;
	16566 : 000000;
	16567 : 000000;
	16568 : 000000;
	16569 : 000000;
	16570 : 000000;
	16571 : 000000;
	16572 : 000000;
	16573 : 000000;
	16574 : 000000;
	16575 : 000000;
	16576 : 000000;
	16577 : 000000;
	16578 : 000000;
	16579 : 000000;
	16580 : 000000;
	16581 : 000000;
	16582 : 000000;
	16583 : 000000;
	16584 : 000000;
	16585 : 000000;
	16586 : 000000;
	16587 : 000000;
	16588 : 000000;
	16589 : 000000;
	16590 : 000000;
	16591 : 000000;
	16592 : 000000;
	16593 : 000000;
	16594 : 000000;
	16595 : 000000;
	16596 : 000000;
	16597 : 000000;
	16598 : 000000;
	16599 : 000000;
	16600 : 000000;
	16601 : 000000;
	16602 : 000000;
	16603 : 000000;
	16604 : 000000;
	16605 : 000000;
	16606 : 000000;
	16607 : 000000;
	16608 : 000000;
	16609 : 000000;
	16610 : 000000;
	16611 : 000000;
	16612 : 000000;
	16613 : 000000;
	16614 : 000000;
	16615 : 000000;
	16616 : 000000;
	16617 : 000000;
	16618 : 000000;
	16619 : 000000;
	16620 : 000000;
	16621 : 000000;
	16622 : 000000;
	16623 : 000000;
	16624 : 000000;
	16625 : 000000;
	16626 : 000000;
	16627 : 000000;
	16628 : 000000;
	16629 : 000000;
	16630 : 000000;
	16631 : 000000;
	16632 : 000000;
	16633 : 000000;
	16634 : 000000;
	16635 : 000000;
	16636 : 000000;
	16637 : 000000;
	16638 : 000000;
	16639 : 000000;
	16640 : 000000;
	16641 : 000000;
	16642 : 000000;
	16643 : 000000;
	16644 : 000000;
	16645 : 000000;
	16646 : 000000;
	16647 : 000000;
	16648 : 000000;
	16649 : 000000;
	16650 : 000000;
	16651 : 000000;
	16652 : 000000;
	16653 : 000000;
	16654 : 000000;
	16655 : 000000;
	16656 : 000000;
	16657 : 000000;
	16658 : 000000;
	16659 : 000000;
	16660 : 000000;
	16661 : 000000;
	16662 : 000000;
	16663 : 000000;
	16664 : 000000;
	16665 : 000000;
	16666 : 000000;
	16667 : 000000;
	16668 : 000000;
	16669 : 000000;
	16670 : 000000;
	16671 : 000000;
	16672 : 000000;
	16673 : 000000;
	16674 : 000000;
	16675 : 000000;
	16676 : 000000;
	16677 : 000000;
	16678 : 000000;
	16679 : 000000;
	16680 : 000000;
	16681 : 000000;
	16682 : 000000;
	16683 : 000000;
	16684 : 000000;
	16685 : 000000;
	16686 : 000000;
	16687 : 000000;
	16688 : 000000;
	16689 : 000000;
	16690 : 000000;
	16691 : 000000;
	16692 : 000000;
	16693 : 000000;
	16694 : 000000;
	16695 : 000000;
	16696 : 000000;
	16697 : 000000;
	16698 : 000000;
	16699 : 000000;
	16700 : 000000;
	16701 : 000000;
	16702 : 000000;
	16703 : 000000;
	16704 : 000000;
	16705 : 000000;
	16706 : 000000;
	16707 : 000000;
	16708 : 000000;
	16709 : 000000;
	16710 : 000000;
	16711 : 000000;
	16712 : 000000;
	16713 : 000000;
	16714 : 000000;
	16715 : 000000;
	16716 : 000000;
	16717 : 000000;
	16718 : 000000;
	16719 : 000000;
	16720 : 000000;
	16721 : 000000;
	16722 : 000000;
	16723 : 000000;
	16724 : 000000;
	16725 : 000000;
	16726 : 000000;
	16727 : 000000;
	16728 : 000000;
	16729 : 000000;
	16730 : 000000;
	16731 : 000000;
	16732 : 000000;
	16733 : 000000;
	16734 : 000000;
	16735 : 000000;
	16736 : 000000;
	16737 : 000000;
	16738 : 000000;
	16739 : 000000;
	16740 : 000000;
	16741 : 000000;
	16742 : 000000;
	16743 : 000000;
	16744 : 000000;
	16745 : 000000;
	16746 : 000000;
	16747 : 000000;
	16748 : 000000;
	16749 : 000000;
	16750 : 000000;
	16751 : 000000;
	16752 : 000000;
	16753 : 000000;
	16754 : 000000;
	16755 : 000000;
	16756 : 000000;
	16757 : 000000;
	16758 : 000000;
	16759 : 000000;
	16760 : 000000;
	16761 : 000000;
	16762 : 000000;
	16763 : 000000;
	16764 : 000000;
	16765 : 000000;
	16766 : 000000;
	16767 : 000000;
	16768 : 000000;
	16769 : 000000;
	16770 : 000000;
	16771 : 000000;
	16772 : 000000;
	16773 : 000000;
	16774 : 000000;
	16775 : 000000;
	16776 : 000000;
	16777 : 000000;
	16778 : 000000;
	16779 : 000000;
	16780 : 000000;
	16781 : 000000;
	16782 : 000000;
	16783 : 000000;
	16784 : 000000;
	16785 : 000000;
	16786 : 000000;
	16787 : 000000;
	16788 : 000000;
	16789 : 000000;
	16790 : 000000;
	16791 : 000000;
	16792 : 000000;
	16793 : 000000;
	16794 : 000000;
	16795 : 000000;
	16796 : 000000;
	16797 : 000000;
	16798 : 000000;
	16799 : 000000;
	16800 : 000000;
	16801 : 000000;
	16802 : 000000;
	16803 : 000000;
	16804 : 000000;
	16805 : 000000;
	16806 : 000000;
	16807 : 000000;
	16808 : 000000;
	16809 : 000000;
	16810 : 000000;
	16811 : 000000;
	16812 : 000000;
	16813 : 000000;
	16814 : 000000;
	16815 : 000000;
	16816 : 000000;
	16817 : 000000;
	16818 : 000000;
	16819 : 000000;
	16820 : 000000;
	16821 : 000000;
	16822 : 000000;
	16823 : 000000;
	16824 : 000000;
	16825 : 000000;
	16826 : 000000;
	16827 : 000000;
	16828 : 000000;
	16829 : 000000;
	16830 : 000000;
	16831 : 000000;
	16832 : 000000;
	16833 : 000000;
	16834 : 000000;
	16835 : 000000;
	16836 : 000000;
	16837 : 000000;
	16838 : 000000;
	16839 : 000000;
	16840 : 000000;
	16841 : 000000;
	16842 : 000000;
	16843 : 000000;
	16844 : 000000;
END;
